1,2026-08-09 12:42:26.960
2,2026-08-09 12:42:27.015
3,2026-08-09 12:42:27.021
4,2026-08-09 12:42:27.031
5,2026-08-09 12:42:31.983
6,2026-08-09 12:42:32.000
7,2026-08-09 12:42:41.361
8,2026-08-09 12:42:41.379
9,2026-08-09 12:42:41.399
10,2026-08-09 12:42:41.419
11,2026-08-09 12:42:41.439
12,2026-08-09 12:42:41.467
13,2026-08-09 12:42:41.527
14,2026-08-09 12:42:41.559
15,2026-08-09 12:42:41.579
16,2026-08-09 12:42:41.642
17,2026-08-09 12:42:41.679
18,2026-08-09 12:42:41.699
19,2026-08-09 12:42:41.719
20,2026-08-09 12:42:41.759
21,2026-08-09 12:42:41.779
22,2026-08-09 12:42:41.799
23,2026-08-09 12:42:41.839
24,2026-08-09 12:42:41.859
25,2026-08-09 12:42:42.104
26,2026-08-09 12:42:42.139
27,2026-08-09 12:42:42.159
28,2026-08-09 12:42:42.199
29,2026-08-09 12:42:42.259
30,2026-08-09 12:42:42.279
31,2026-08-09 12:42:42.299
32,2026-08-09 12:42:42.319
33,2026-08-09 12:42:42.379
34,2026-08-09 12:42:42.584
35,2026-08-09 12:42:42.639
36,2026-08-09 12:42:42.659
37,2026-08-09 12:42:42.679
38,2026-08-09 12:42:42.699
39,2026-08-09 12:42:42.719
40,2026-08-09 12:42:42.739
41,2026-08-09 12:42:42.759
42,2026-08-09 12:42:42.819
43,2026-08-09 12:42:43.024
44,2026-08-09 12:42:43.059
45,2026-08-09 12:42:43.119
46,2026-08-09 12:42:43.139
47,2026-08-09 12:42:43.159
48,2026-08-09 12:42:43.199
49,2026-08-09 12:42:43.239
50,2026-08-09 12:42:43.259
51,2026-08-09 12:42:43.319
52,2026-08-09 12:42:45.114
53,2026-08-09 12:42:45.132
54,2026-08-09 12:42:45.152
55,2026-08-09 12:42:45.172
56,2026-08-09 12:42:45.192
57,2026-08-09 12:42:45.212
58,2026-08-09 12:42:45.240
59,2026-08-09 12:42:45.280
60,2026-08-09 12:42:45.332
61,2026-08-09 12:42:45.457
62,2026-08-09 12:42:45.492
63,2026-08-09 12:42:45.512
64,2026-08-09 12:42:45.532
65,2026-08-09 12:42:45.572
66,2026-08-09 12:42:45.612
67,2026-08-09 12:42:45.692
68,2026-08-09 12:42:46.310
69,2026-08-09 12:42:46.328
70,2026-08-09 12:42:46.348
71,2026-08-09 12:42:46.368
72,2026-08-09 12:42:46.388
73,2026-08-09 12:42:46.550
74,2026-08-09 12:42:46.568
75,2026-08-09 12:42:46.588
76,2026-08-09 12:42:46.608
77,2026-08-09 12:42:46.671
78,2026-08-09 12:42:46.688
79,2026-08-09 12:42:46.728
80,2026-08-09 12:42:46.788
81,2026-08-09 12:42:47.425
82,2026-08-09 12:42:47.443
83,2026-08-09 12:42:47.463
84,2026-08-09 12:42:47.483
85,2026-08-09 12:42:47.502
86,2026-08-09 12:42:47.522
87,2026-08-09 12:42:47.551
88,2026-08-09 12:42:47.590
89,2026-08-09 12:42:47.622
90,2026-08-09 12:42:47.788
91,2026-08-09 12:42:47.823
92,2026-08-09 12:42:52.897
93,2026-08-09 12:42:52.898
94,2026-08-09 12:42:52.915
95,2026-08-09 12:42:52.935
96,2026-08-09 12:42:52.955
97,2026-08-09 12:42:53.276
98,2026-08-09 12:42:53.293
99,2026-08-09 12:42:53.313
100,2026-08-09 12:42:53.734
101,2026-08-09 12:42:53.751
102,2026-08-09 12:42:53.771
103,2026-08-09 12:42:53.791
104,2026-08-09 12:42:53.811
105,2026-08-09 12:42:54.236
106,2026-08-09 12:42:54.654
107,2026-08-09 12:42:54.671
108,2026-08-09 12:42:54.691
109,2026-08-09 12:42:54.711
110,2026-08-09 12:42:54.731
111,2026-08-09 12:42:54.751
112,2026-08-09 12:42:55.056
113,2026-08-09 12:42:55.073
114,2026-08-09 12:42:55.093
115,2026-08-09 12:42:55.113
116,2026-08-09 12:42:55.133
117,2026-08-09 12:44:28.580
118,2026-08-09 12:47:20.111
119,2026-08-09 12:47:20.129
120,2026-08-09 12:47:20.169
121,2026-08-09 12:47:20.189
122,2026-08-09 12:47:20.229
123,2026-08-09 12:47:20.249
124,2026-08-09 12:47:20.269
125,2026-08-09 12:47:20.309
126,2026-08-09 12:47:20.329
127,2026-08-09 12:47:20.381
128,2026-08-09 12:47:20.409
129,2026-08-09 12:47:20.429
130,2026-08-09 12:47:20.449
131,2026-08-09 12:47:20.469
132,2026-08-09 12:47:20.489
133,2026-08-09 12:47:20.509
134,2026-08-09 12:47:20.549
135,2026-08-09 12:47:20.609
136,2026-08-09 12:47:21.069
137,2026-08-09 12:47:21.087
138,2026-08-09 12:47:21.107
139,2026-08-09 12:47:21.147
140,2026-08-09 12:47:21.187
141,2026-08-09 12:47:21.651
142,2026-08-09 12:47:22.107
143,2026-08-09 12:47:22.127
144,2026-08-09 12:47:22.571
145,2026-08-09 12:47:22.589
146,2026-08-09 12:47:22.609
147,2026-08-09 12:47:22.629
148,2026-08-09 12:47:22.709
149,2026-08-09 12:47:23.169
150,2026-08-09 12:47:23.631
151,2026-08-09 12:47:23.649
152,2026-08-09 12:47:23.669
153,2026-08-09 12:47:23.689
154,2026-08-09 12:47:51.280
155,2026-08-09 12:47:51.397
156,2026-08-09 12:47:51.435
157,2026-08-09 12:47:51.435
158,2026-08-09 12:47:51.455
159,2026-08-09 12:47:51.475
160,2026-08-09 12:47:51.495
161,2026-08-09 12:47:51.535
162,2026-08-09 12:47:51.555
163,2026-08-09 12:47:51.612
164,2026-08-09 12:47:51.635
165,2026-08-09 12:47:51.675
166,2026-08-09 12:47:51.695
167,2026-08-09 12:47:51.735
168,2026-08-09 12:47:51.795
169,2026-08-09 12:47:51.815
170,2026-08-09 12:47:51.997
171,2026-08-09 12:47:52.015
172,2026-08-09 12:47:52.174
173,2026-08-09 12:47:52.399
174,2026-08-09 12:47:52.417
175,2026-08-09 12:47:52.437
176,2026-08-09 12:48:22.640
177,2026-08-09 12:48:22.661
178,2026-08-09 12:48:22.681
179,2026-08-09 12:48:22.701
180,2026-08-09 12:48:22.721
181,2026-08-09 12:48:22.741
182,2026-08-09 12:48:22.761
183,2026-08-09 12:48:22.781
184,2026-08-09 12:48:22.801
185,2026-08-09 12:48:22.851
186,2026-08-09 12:48:22.881
187,2026-08-09 12:48:22.901
188,2026-08-09 12:48:22.921
189,2026-08-09 12:48:22.941
190,2026-08-09 12:48:22.961
191,2026-08-09 12:48:22.981
192,2026-08-09 12:48:23.001
193,2026-08-09 12:48:23.021
194,2026-08-09 12:48:23.071
195,2026-08-09 12:48:23.101
196,2026-08-09 12:48:23.121
197,2026-08-09 12:48:23.141
198,2026-08-09 12:48:23.161
199,2026-08-09 12:48:23.181
200,2026-08-09 12:48:23.201
201,2026-08-09 12:48:23.221
202,2026-08-09 12:48:23.241
203,2026-08-09 12:48:23.291
204,2026-08-09 12:48:23.321
205,2026-08-09 12:48:23.341
206,2026-08-09 12:48:23.361
207,2026-08-09 12:48:23.381
208,2026-08-09 12:48:23.401
209,2026-08-09 12:48:23.421
210,2026-08-09 12:48:23.441
211,2026-08-09 12:48:23.461
212,2026-08-09 12:48:23.593
213,2026-08-09 12:48:23.621
214,2026-08-09 12:48:23.641
215,2026-08-09 12:48:23.661
216,2026-08-09 12:48:23.681
217,2026-08-09 12:48:23.701
218,2026-08-09 12:48:23.721
219,2026-08-09 12:48:23.741
220,2026-08-09 12:48:23.761
221,2026-08-09 12:48:23.894
222,2026-08-09 12:48:23.921
223,2026-08-09 12:48:23.941
224,2026-08-09 12:48:24.146
225,2026-08-09 12:48:24.344
226,2026-08-09 12:48:24.546
227,2026-08-09 12:48:24.764
228,2026-08-09 12:48:29.006
229,2026-08-09 12:48:29.023
230,2026-08-09 12:48:35.344
231,2026-08-09 12:48:35.361
232,2026-08-09 12:48:44.096
233,2026-08-09 12:48:44.121
234,2026-08-09 12:48:44.141
235,2026-08-09 12:48:44.161
236,2026-08-09 12:48:44.181
237,2026-08-09 12:48:44.201
238,2026-08-09 12:48:44.221
239,2026-08-09 12:48:44.241
240,2026-08-09 12:48:44.446
241,2026-08-09 12:48:44.644
242,2026-08-09 12:48:44.644
243,2026-08-09 12:48:44.846
244,2026-08-09 12:48:45.044
245,2026-08-09 12:48:45.246
246,2026-08-09 12:48:45.263
247,2026-08-09 12:48:45.323
248,2026-08-09 12:49:05.200
249,2026-08-09 12:49:05.221
250,2026-08-09 12:49:05.241
251,2026-08-09 12:49:05.261
252,2026-08-09 12:49:05.281
253,2026-08-09 12:49:05.301
254,2026-08-09 12:49:05.321
255,2026-08-09 12:49:05.341
256,2026-08-09 12:49:05.361
257,2026-08-09 12:49:05.411
258,2026-08-09 12:49:05.441
259,2026-08-09 12:49:05.461
260,2026-08-09 12:49:05.481
261,2026-08-09 12:49:05.501
262,2026-08-09 12:49:05.521
263,2026-08-09 12:49:05.541
264,2026-08-09 12:49:27.160
265,2026-08-09 12:49:48.656
266,2026-08-09 12:50:47.544
267,2026-08-09 12:50:47.562
268,2026-08-09 12:50:47.582
269,2026-08-09 12:50:47.602
270,2026-08-09 12:50:47.622
271,2026-08-09 12:50:47.642
272,2026-08-09 12:50:47.662
273,2026-08-09 12:50:47.682
274,2026-08-09 12:50:47.702
275,2026-08-09 12:50:47.756
276,2026-08-09 12:50:47.782
277,2026-08-09 12:50:47.802
278,2026-08-09 12:50:47.822
279,2026-08-09 12:50:47.842
280,2026-08-09 12:50:47.862
281,2026-08-09 12:50:47.882
282,2026-08-09 12:50:47.902
283,2026-08-09 12:50:47.922
284,2026-08-09 12:50:48.078
285,2026-08-09 12:50:48.102
286,2026-08-09 12:50:48.122
287,2026-08-09 12:50:48.142
288,2026-08-09 12:50:48.162
289,2026-08-09 12:50:48.182
290,2026-08-09 12:50:48.202
291,2026-08-09 12:50:48.222
292,2026-08-09 12:50:48.242
293,2026-08-09 12:50:48.418
294,2026-08-09 12:50:48.442
295,2026-08-09 12:50:48.462
296,2026-08-09 12:50:48.482
297,2026-08-09 12:50:48.502
298,2026-08-09 12:50:57.376
299,2026-08-09 12:51:17.962
300,2026-08-09 12:51:17.963
301,2026-08-09 12:51:20.321
302,2026-08-09 12:51:20.338
303,2026-08-09 12:51:28.118
304,2026-08-09 12:51:28.118
305,2026-08-09 12:51:28.135
306,2026-08-09 12:51:28.155
307,2026-08-09 12:51:28.175
308,2026-08-09 12:51:28.195
309,2026-08-09 12:51:29.249
310,2026-08-09 12:51:39.339
311,2026-08-09 12:53:06.920
312,2026-08-09 12:53:07.467
313,2026-08-09 12:53:07.467
314,2026-08-09 12:53:07.484
315,2026-08-09 12:53:07.504
316,2026-08-09 12:53:07.524
317,2026-08-09 12:53:07.544
318,2026-08-09 12:53:07.564
319,2026-08-09 12:53:17.576
320,2026-08-09 12:53:17.577
321,2026-08-09 12:53:17.594
322,2026-08-09 12:53:17.614
323,2026-08-09 12:53:17.634
324,2026-08-09 12:53:17.654
325,2026-08-09 12:53:17.674
326,2026-08-09 12:53:49.664
327,2026-08-09 12:54:36.996
328,2026-08-09 12:54:36.996
329,2026-08-09 12:54:37.013
330,2026-08-09 12:54:37.033
331,2026-08-09 12:54:50.336
332,2026-08-09 12:54:50.927
333,2026-08-09 12:54:50.932
334,2026-08-09 12:55:05.959
335,2026-08-09 12:55:05.976
336,2026-08-09 12:55:05.996
337,2026-08-09 12:55:06.016
338,2026-08-09 12:55:06.036
339,2026-08-09 12:55:07.450
340,2026-08-09 12:55:07.468
341,2026-08-09 12:55:07.488
342,2026-08-09 12:55:07.508
343,2026-08-09 12:55:07.528
344,2026-08-09 12:55:33.816
345,2026-08-09 12:55:33.833
346,2026-08-09 12:55:33.853
347,2026-08-09 12:55:33.873
348,2026-08-09 12:55:33.893
349,2026-08-09 12:55:33.913
350,2026-08-09 12:55:34.117
351,2026-08-09 12:55:34.135
352,2026-08-09 12:55:34.155
353,2026-08-09 12:55:34.175
354,2026-08-09 12:55:34.195
355,2026-08-09 12:55:34.195
356,2026-08-09 12:55:34.215
357,2026-08-09 12:55:35.232
358,2026-08-09 12:55:35.250
359,2026-08-09 12:55:35.270
360,2026-08-09 12:55:35.290
361,2026-08-09 12:55:35.310
362,2026-08-09 12:55:36.211
363,2026-08-09 12:55:36.229
364,2026-08-09 12:55:36.249
365,2026-08-09 12:55:36.269
366,2026-08-09 12:55:36.289
367,2026-08-09 12:55:36.539
368,2026-08-09 12:55:39.908
369,2026-08-09 12:55:39.926
370,2026-08-09 12:55:39.946
371,2026-08-09 12:55:39.966
372,2026-08-09 12:55:39.986
373,2026-08-09 12:56:00.687
374,2026-08-09 12:56:00.705
375,2026-08-09 12:56:00.725
376,2026-08-09 12:56:00.745
377,2026-08-09 12:56:00.765
378,2026-08-09 12:56:01.742
379,2026-08-09 12:56:01.760
380,2026-08-09 12:56:01.780
381,2026-08-09 12:56:01.800
382,2026-08-09 12:56:01.820
383,2026-08-09 12:56:03.741
384,2026-08-09 12:56:03.759
385,2026-08-09 12:56:03.779
386,2026-08-09 12:56:03.799
387,2026-08-09 12:56:03.819
388,2026-08-09 12:56:03.839
389,2026-08-09 12:56:35.391
390,2026-08-09 12:56:35.391
391,2026-08-09 12:56:35.408
392,2026-08-09 12:56:35.428
393,2026-08-09 12:56:35.448
394,2026-08-09 12:56:35.468
395,2026-08-09 12:56:35.488
396,2026-08-09 12:56:35.508
397,2026-08-09 12:57:19.920
398,2026-08-09 12:57:19.943
399,2026-08-09 12:57:19.963
400,2026-08-09 12:57:19.983
401,2026-08-09 12:57:20.003
402,2026-08-09 12:57:20.023
403,2026-08-09 12:57:20.043
404,2026-08-09 12:57:20.063
405,2026-08-09 12:57:20.083
406,2026-08-09 12:57:20.133
407,2026-08-09 12:57:20.163
408,2026-08-09 12:57:20.183
409,2026-08-09 12:57:20.203
410,2026-08-09 12:57:20.223
411,2026-08-09 12:57:20.243
412,2026-08-09 12:57:20.263
413,2026-08-09 12:57:20.283
414,2026-08-09 12:57:20.303
415,2026-08-09 12:57:20.353
416,2026-08-09 12:57:20.383
417,2026-08-09 12:57:20.385
418,2026-08-09 12:57:20.403
419,2026-08-09 12:57:20.423
420,2026-08-09 12:57:20.443
421,2026-08-09 12:57:20.463
422,2026-08-09 12:57:20.483
423,2026-08-09 12:57:20.503
424,2026-08-09 12:57:20.553
425,2026-08-09 12:57:20.583
426,2026-08-09 12:57:20.603
427,2026-08-09 12:57:20.623
428,2026-08-09 12:57:20.643
429,2026-08-09 12:57:20.663
430,2026-08-09 12:57:20.683
431,2026-08-09 12:57:20.703
432,2026-08-09 12:57:20.723
433,2026-08-09 12:57:20.855
434,2026-08-09 12:57:20.883
435,2026-08-09 12:57:20.903
436,2026-08-09 12:57:20.923
437,2026-08-09 12:57:20.943
438,2026-08-09 12:57:20.963
439,2026-08-09 12:57:20.983
440,2026-08-09 12:57:21.003
441,2026-08-09 12:57:21.023
442,2026-08-09 12:57:21.073
443,2026-08-09 12:57:21.103
444,2026-08-09 12:57:21.123
445,2026-08-09 12:57:21.143
446,2026-08-09 12:57:21.163
447,2026-08-09 12:57:21.183
448,2026-08-09 12:57:21.203
449,2026-08-09 12:57:21.223
450,2026-08-09 12:57:21.243
451,2026-08-09 12:57:21.375
452,2026-08-09 12:57:21.403
453,2026-08-09 12:57:21.423
454,2026-08-09 12:57:21.443
455,2026-08-09 12:57:21.463
456,2026-08-09 12:57:21.483
457,2026-08-09 12:57:21.503
458,2026-08-09 12:57:21.523
459,2026-08-09 12:57:21.543
460,2026-08-09 12:57:21.593
461,2026-08-09 12:57:21.623
462,2026-08-09 12:57:21.643
463,2026-08-09 12:57:21.663
464,2026-08-09 12:57:21.683
465,2026-08-09 12:57:21.703
466,2026-08-09 12:57:21.723
467,2026-08-09 12:57:21.743
468,2026-08-09 12:57:21.763
469,2026-08-09 12:57:21.813
470,2026-08-09 12:57:21.843
471,2026-08-09 12:57:21.863
472,2026-08-09 12:57:21.883
473,2026-08-09 12:57:21.903
474,2026-08-09 12:57:21.923
475,2026-08-09 12:57:21.943
476,2026-08-09 12:57:21.963
477,2026-08-09 12:57:21.983
478,2026-08-09 12:57:22.033
479,2026-08-09 12:57:22.063
480,2026-08-09 12:57:22.083
481,2026-08-09 12:57:22.103
482,2026-08-09 12:57:22.123
483,2026-08-09 12:57:22.143
484,2026-08-09 12:57:22.163
485,2026-08-09 12:57:22.183
486,2026-08-09 12:57:22.203
487,2026-08-09 12:57:22.233
488,2026-08-09 12:57:22.263
489,2026-08-09 12:57:22.283
490,2026-08-09 12:57:22.303
491,2026-08-09 12:57:22.323
492,2026-08-09 12:57:22.343
493,2026-08-09 12:57:22.363
494,2026-08-09 12:57:22.383
495,2026-08-09 12:57:22.403
496,2026-08-09 12:57:54.431
497,2026-08-09 12:57:54.449
498,2026-08-09 12:57:54.469
499,2026-08-09 12:57:54.509
500,2026-08-09 12:57:54.569
501,2026-08-09 12:57:54.609
502,2026-08-09 12:57:54.649
503,2026-08-09 12:57:54.689
504,2026-08-09 12:57:54.729
505,2026-08-09 12:57:54.803
506,2026-08-09 12:57:54.849
507,2026-08-09 12:57:54.889
508,2026-08-09 12:57:54.929
509,2026-08-09 12:57:54.969
510,2026-08-09 12:57:55.009
511,2026-08-09 12:57:55.049
512,2026-08-09 12:57:55.069
513,2026-08-09 12:57:55.089
514,2026-08-09 12:57:55.143
515,2026-08-09 12:57:55.169
516,2026-08-09 12:57:55.189
517,2026-08-09 12:57:55.209
518,2026-08-09 12:57:55.229
519,2026-08-09 12:57:55.249
520,2026-08-09 12:57:55.269
521,2026-08-09 12:57:55.289
522,2026-08-09 12:57:55.309
523,2026-08-09 12:57:55.363
524,2026-08-09 12:57:55.389
525,2026-08-09 12:57:55.409
526,2026-08-09 12:57:55.429
527,2026-08-09 12:57:55.449
528,2026-08-09 12:57:55.469
529,2026-08-09 12:57:55.489
530,2026-08-09 12:57:55.509
531,2026-08-09 12:57:55.529
532,2026-08-09 12:57:55.583
533,2026-08-09 12:57:55.609
534,2026-08-09 12:57:55.629
535,2026-08-09 12:57:55.649
536,2026-08-09 12:57:55.669
537,2026-08-09 12:57:55.689
538,2026-08-09 12:57:55.709
539,2026-08-09 12:57:55.729
540,2026-08-09 12:57:55.749
541,2026-08-09 12:57:55.803
542,2026-08-09 12:57:55.849
543,2026-08-09 12:57:55.889
544,2026-08-09 12:57:55.929
545,2026-08-09 12:57:55.969
546,2026-08-09 12:59:05.261
547,2026-08-09 12:59:05.261
548,2026-08-09 12:59:29.448
549,2026-08-09 12:59:29.464
550,2026-08-09 12:59:29.484
551,2026-08-09 12:59:29.505
552,2026-08-09 12:59:29.524
553,2026-08-09 12:59:29.544
554,2026-08-09 12:59:29.565
555,2026-08-09 12:59:29.584
556,2026-08-09 12:59:29.604
557,2026-08-09 12:59:29.661
558,2026-08-09 12:59:29.685
559,2026-08-09 12:59:29.705
560,2026-08-09 12:59:29.725
561,2026-08-09 12:59:29.745
562,2026-08-09 12:59:29.765
563,2026-08-09 12:59:29.784
564,2026-08-09 12:59:29.804
565,2026-08-09 12:59:29.825
566,2026-08-09 12:59:29.881
567,2026-08-09 12:59:29.905
568,2026-08-09 12:59:29.925
569,2026-08-09 12:59:29.925
570,2026-08-09 12:59:29.945
571,2026-08-09 12:59:29.965
572,2026-08-09 12:59:29.985
573,2026-08-09 12:59:30.005
574,2026-08-09 12:59:30.025
575,2026-08-09 12:59:30.626
576,2026-08-09 12:59:30.643
577,2026-08-09 12:59:30.663
578,2026-08-09 12:59:30.683
579,2026-08-09 12:59:30.703
580,2026-08-09 12:59:30.723
581,2026-08-09 12:59:32.221
582,2026-08-09 12:59:32.238
583,2026-08-09 12:59:32.258
584,2026-08-09 12:59:32.281
585,2026-08-09 12:59:32.298
586,2026-08-09 12:59:55.141
587,2026-08-09 12:59:55.175
588,2026-08-09 12:59:55.195
589,2026-08-09 12:59:55.215
590,2026-08-09 12:59:55.235
591,2026-08-09 12:59:55.255
592,2026-08-09 12:59:55.275
593,2026-08-09 12:59:55.295
594,2026-08-09 12:59:55.315
595,2026-08-09 12:59:55.372
596,2026-08-09 12:59:55.395
597,2026-08-09 12:59:55.415
598,2026-08-09 12:59:55.435
599,2026-08-09 12:59:55.455
600,2026-08-09 12:59:55.475
601,2026-08-09 12:59:55.495
602,2026-08-09 12:59:55.515
603,2026-08-09 12:59:55.535
604,2026-08-09 12:59:55.713
605,2026-08-09 12:59:55.735
606,2026-08-09 12:59:55.755
607,2026-08-09 12:59:55.775
608,2026-08-09 12:59:55.795
609,2026-08-09 12:59:55.815
610,2026-08-09 12:59:55.835
611,2026-08-09 12:59:55.855
612,2026-08-09 12:59:55.875
613,2026-08-09 12:59:56.072
614,2026-08-09 12:59:56.615
615,2026-08-09 12:59:56.632
616,2026-08-09 12:59:56.652
617,2026-08-09 12:59:56.672
618,2026-08-09 12:59:56.692
619,2026-08-09 12:59:56.819
620,2026-08-09 12:59:56.935
621,2026-08-09 12:59:57.710
622,2026-08-09 12:59:57.727
623,2026-08-09 12:59:57.747
624,2026-08-09 12:59:57.767
625,2026-08-09 12:59:57.787
626,2026-08-09 12:59:58.808
627,2026-08-09 12:59:58.826
628,2026-08-09 12:59:58.846
629,2026-08-09 12:59:58.866
630,2026-08-09 12:59:58.886
631,2026-08-09 13:00:00.383
632,2026-08-09 13:00:00.401
633,2026-08-09 13:00:00.421
634,2026-08-09 13:00:00.441
635,2026-08-09 13:00:01.020
636,2026-08-09 13:00:01.038
637,2026-08-09 13:00:01.058
638,2026-08-09 13:00:01.078
639,2026-08-09 13:00:01.098
640,2026-08-09 13:00:01.118
641,2026-08-09 13:00:02.134
642,2026-08-09 13:00:02.151
643,2026-08-09 13:00:02.171
644,2026-08-09 13:00:02.191
645,2026-08-09 13:00:02.211
646,2026-08-09 13:00:03.329
647,2026-08-09 13:00:03.367
648,2026-08-09 13:00:03.387
649,2026-08-09 13:00:03.407
650,2026-08-09 13:00:03.427
651,2026-08-09 13:00:05.879
652,2026-08-09 13:00:05.899
653,2026-08-09 13:00:05.919
654,2026-08-09 13:00:05.939
655,2026-08-09 13:00:05.959
656,2026-08-09 13:00:07.577
657,2026-08-09 13:00:07.595
658,2026-08-09 13:00:07.615
659,2026-08-09 13:00:07.635
660,2026-08-09 13:00:07.655
661,2026-08-09 13:00:09.350
662,2026-08-09 13:00:09.367
663,2026-08-09 13:00:09.387
664,2026-08-09 13:00:09.407
665,2026-08-09 13:00:09.427
666,2026-08-09 13:00:09.693
667,2026-08-09 13:00:09.747
668,2026-08-09 13:00:23.688
669,2026-08-09 13:00:23.689
670,2026-08-09 13:00:23.706
671,2026-08-09 13:00:23.726
672,2026-08-09 13:00:23.746
673,2026-08-09 13:00:23.766
674,2026-08-09 13:00:26.863
675,2026-08-09 13:00:26.881
676,2026-08-09 13:00:26.901
677,2026-08-09 13:00:26.921
678,2026-08-09 13:00:26.941
679,2026-08-09 13:00:27.662
680,2026-08-09 13:00:27.679
681,2026-08-09 13:00:27.699
682,2026-08-09 13:00:27.719
683,2026-08-09 13:00:27.739
684,2026-08-09 13:00:27.759
685,2026-08-09 13:00:28.876
686,2026-08-09 13:00:28.894
687,2026-08-09 13:00:28.914
688,2026-08-09 13:00:28.934
689,2026-08-09 13:00:28.954
690,2026-08-09 13:00:28.974
691,2026-08-09 13:00:33.030
692,2026-08-09 13:00:33.047
693,2026-08-09 13:00:33.067
694,2026-08-09 13:00:33.087
695,2026-08-09 13:00:33.107
696,2026-08-09 13:00:34.250
697,2026-08-09 13:00:34.268
698,2026-08-09 13:00:34.288
699,2026-08-09 13:00:34.308
700,2026-08-09 13:00:34.328
701,2026-08-09 13:00:34.348
702,2026-08-09 13:00:35.383
703,2026-08-09 13:00:35.400
704,2026-08-09 13:00:35.421
705,2026-08-09 13:00:35.441
706,2026-08-09 13:00:35.461
707,2026-08-09 13:00:36.504
708,2026-08-09 13:00:36.521
709,2026-08-09 13:00:36.541
710,2026-08-09 13:00:36.561
711,2026-08-09 13:00:36.581
712,2026-08-09 13:00:36.601
713,2026-08-09 13:00:44.976
714,2026-08-09 13:00:44.993
715,2026-08-09 13:00:45.014
716,2026-08-09 13:00:45.034
717,2026-08-09 13:00:45.054
718,2026-08-09 13:00:45.074
719,2026-08-09 13:00:45.094
720,2026-08-09 13:00:45.114
721,2026-08-09 13:00:45.134
722,2026-08-09 13:00:45.266
723,2026-08-09 13:00:45.293
724,2026-08-09 13:00:45.314
725,2026-08-09 13:00:45.334
726,2026-08-09 13:00:45.354
727,2026-08-09 13:00:45.374
728,2026-08-09 13:00:45.394
729,2026-08-09 13:00:45.414
730,2026-08-09 13:00:45.434
731,2026-08-09 13:00:45.566
732,2026-08-09 13:00:45.594
733,2026-08-09 13:00:45.614
734,2026-08-09 13:00:45.634
735,2026-08-09 13:00:45.654
736,2026-08-09 13:00:45.674
737,2026-08-09 13:00:45.694
738,2026-08-09 13:00:45.714
739,2026-08-09 13:00:45.734
740,2026-08-09 13:00:45.783
741,2026-08-09 13:00:45.814
742,2026-08-09 13:00:45.834
743,2026-08-09 13:00:45.853
744,2026-08-09 13:00:45.874
745,2026-08-09 13:00:45.893
746,2026-08-09 13:00:45.914
747,2026-08-09 13:00:45.933
748,2026-08-09 13:00:45.954
749,2026-08-09 13:00:46.003
750,2026-08-09 13:00:46.034
751,2026-08-09 13:00:46.054
752,2026-08-09 13:00:46.074
753,2026-08-09 13:00:46.094
754,2026-08-09 13:00:46.114
755,2026-08-09 13:00:46.134
756,2026-08-09 13:00:46.154
757,2026-08-09 13:00:46.174
758,2026-08-09 13:00:46.223
759,2026-08-09 13:00:46.253
760,2026-08-09 13:00:46.273
761,2026-08-09 13:00:46.294
762,2026-08-09 13:00:46.314
763,2026-08-09 13:00:46.334
764,2026-08-09 13:00:46.354
765,2026-08-09 13:00:46.374
766,2026-08-09 13:00:46.394
767,2026-08-09 13:00:46.443
768,2026-08-09 13:00:46.474
769,2026-08-09 13:00:46.494
770,2026-08-09 13:00:46.514
771,2026-08-09 13:00:46.534
772,2026-08-09 13:00:46.554
773,2026-08-09 13:00:46.573
774,2026-08-09 13:00:46.594
775,2026-08-09 13:00:46.614
776,2026-08-09 13:00:46.743
777,2026-08-09 13:00:46.774
778,2026-08-09 13:00:46.794
779,2026-08-09 13:00:46.814
780,2026-08-09 13:00:46.834
781,2026-08-09 13:00:46.854
782,2026-08-09 13:00:46.873
783,2026-08-09 13:00:46.894
784,2026-08-09 13:00:46.914
785,2026-08-09 13:00:47.046
786,2026-08-09 13:00:47.074
787,2026-08-09 13:00:47.094
788,2026-08-09 13:00:47.114
789,2026-08-09 13:00:47.134
790,2026-08-09 13:00:47.154
791,2026-08-09 13:00:47.174
792,2026-08-09 13:00:47.194
793,2026-08-09 13:00:47.213
794,2026-08-09 13:00:47.346
795,2026-08-09 13:00:47.374
796,2026-08-09 13:00:47.393
797,2026-08-09 13:00:47.414
798,2026-08-09 13:00:47.434
799,2026-08-09 13:00:47.454
800,2026-08-09 13:00:47.474
801,2026-08-09 13:00:47.494
802,2026-08-09 13:00:47.514
803,2026-08-09 13:00:47.563
804,2026-08-09 13:00:47.594
805,2026-08-09 13:00:47.614
806,2026-08-09 13:00:47.634
807,2026-08-09 13:00:47.654
808,2026-08-09 13:00:47.885
809,2026-08-09 13:00:47.893
810,2026-08-09 13:00:47.901
811,2026-08-09 13:01:08.586
812,2026-08-09 13:01:08.587
813,2026-08-09 13:01:08.603
814,2026-08-09 13:01:08.623
815,2026-08-09 13:01:08.643
816,2026-08-09 13:01:08.663
817,2026-08-09 13:01:08.683
818,2026-08-09 13:01:10.704
819,2026-08-09 13:01:10.761
820,2026-08-09 13:01:11.004
821,2026-08-09 13:01:12.863
822,2026-08-09 13:01:12.880
823,2026-08-09 13:01:12.900
824,2026-08-09 13:01:12.920
825,2026-08-09 13:01:12.940
826,2026-08-09 13:01:14.117
827,2026-08-09 13:01:14.135
828,2026-08-09 13:01:14.155
829,2026-08-09 13:01:14.175
830,2026-08-09 13:01:14.195
831,2026-08-09 13:01:15.236
832,2026-08-09 13:01:15.254
833,2026-08-09 13:01:15.274
834,2026-08-09 13:01:15.294
835,2026-08-09 13:01:15.314
836,2026-08-09 13:01:15.334
837,2026-08-09 13:01:16.391
838,2026-08-09 13:01:16.408
839,2026-08-09 13:01:16.429
840,2026-08-09 13:01:16.449
841,2026-08-09 13:01:16.468
842,2026-08-09 13:01:17.490
843,2026-08-09 13:01:17.507
844,2026-08-09 13:01:17.527
845,2026-08-09 13:01:17.547
846,2026-08-09 13:01:17.567
847,2026-08-09 13:01:18.545
848,2026-08-09 13:01:18.562
849,2026-08-09 13:01:18.582
850,2026-08-09 13:01:18.602
851,2026-08-09 13:01:18.622
852,2026-08-09 13:01:23.881
853,2026-08-09 13:01:23.898
854,2026-08-09 13:01:23.918
855,2026-08-09 13:01:23.938
856,2026-08-09 13:01:23.958
857,2026-08-09 13:01:23.978
858,2026-08-09 13:01:32.704
859,2026-08-09 13:01:32.727
860,2026-08-09 13:01:32.747
861,2026-08-09 13:01:32.767
862,2026-08-09 13:01:32.787
863,2026-08-09 13:01:32.807
864,2026-08-09 13:01:32.807
865,2026-08-09 13:01:32.827
866,2026-08-09 13:01:32.847
867,2026-08-09 13:01:32.897
868,2026-08-09 13:01:32.927
869,2026-08-09 13:01:32.947
870,2026-08-09 13:01:32.967
871,2026-08-09 13:01:32.987
872,2026-08-09 13:01:33.007
873,2026-08-09 13:01:33.027
874,2026-08-09 13:01:33.047
875,2026-08-09 13:01:33.067
876,2026-08-09 13:01:33.117
877,2026-08-09 13:01:33.147
878,2026-08-09 13:01:33.167
879,2026-08-09 13:01:33.187
880,2026-08-09 13:01:33.207
881,2026-08-09 13:01:33.227
882,2026-08-09 13:01:33.247
883,2026-08-09 13:01:33.267
884,2026-08-09 13:01:33.287
885,2026-08-09 13:01:33.337
886,2026-08-09 13:01:33.367
887,2026-08-09 13:01:33.387
888,2026-08-09 13:01:33.407
889,2026-08-09 13:01:33.427
890,2026-08-09 13:01:33.447
891,2026-08-09 13:01:33.467
892,2026-08-09 13:01:33.487
893,2026-08-09 13:01:33.507
894,2026-08-09 13:01:33.557
895,2026-08-09 13:01:33.587
896,2026-08-09 13:01:33.607
897,2026-08-09 13:01:33.627
898,2026-08-09 13:01:33.647
899,2026-08-09 13:01:33.667
900,2026-08-09 13:01:33.687
901,2026-08-09 13:01:33.707
902,2026-08-09 13:01:33.727
903,2026-08-09 13:01:33.859
904,2026-08-09 13:01:33.887
905,2026-08-09 13:01:33.907
906,2026-08-09 13:01:33.927
907,2026-08-09 13:01:33.947
908,2026-08-09 13:01:33.967
909,2026-08-09 13:01:34.548
910,2026-08-09 13:01:34.566
911,2026-08-09 13:01:34.586
912,2026-08-09 13:01:34.606
913,2026-08-09 13:01:34.626
914,2026-08-09 13:01:34.646
915,2026-08-09 13:01:53.840
916,2026-08-09 13:01:53.861
917,2026-08-09 13:01:53.881
918,2026-08-09 13:01:53.901
919,2026-08-09 13:01:53.921
920,2026-08-09 13:01:53.941
921,2026-08-09 13:01:53.961
922,2026-08-09 13:01:53.981
923,2026-08-09 13:01:54.001
924,2026-08-09 13:01:54.051
925,2026-08-09 13:01:54.081
926,2026-08-09 13:01:54.101
927,2026-08-09 13:01:54.121
928,2026-08-09 13:01:54.141
929,2026-08-09 13:01:54.161
930,2026-08-09 13:01:54.181
931,2026-08-09 13:01:54.201
932,2026-08-09 13:01:54.221
933,2026-08-09 13:01:54.271
934,2026-08-09 13:01:54.301
935,2026-08-09 13:01:54.321
936,2026-08-09 13:01:54.341
937,2026-08-09 13:01:54.361
938,2026-08-09 13:01:54.381
939,2026-08-09 13:01:54.401
940,2026-08-09 13:01:54.421
941,2026-08-09 13:01:54.441
942,2026-08-09 13:01:54.491
943,2026-08-09 13:01:54.521
944,2026-08-09 13:01:54.541
945,2026-08-09 13:01:54.561
946,2026-08-09 13:01:54.581
947,2026-08-09 13:01:54.601
948,2026-08-09 13:01:54.621
949,2026-08-09 13:01:54.641
950,2026-08-09 13:01:54.661
951,2026-08-09 13:01:54.711
952,2026-08-09 13:01:54.741
953,2026-08-09 13:01:54.761
954,2026-08-09 13:01:54.781
955,2026-08-09 13:01:54.801
956,2026-08-09 13:01:54.821
957,2026-08-09 13:01:54.841
958,2026-08-09 13:01:54.861
959,2026-08-09 13:01:54.881
960,2026-08-09 13:01:55.013
961,2026-08-09 13:01:55.041
962,2026-08-09 13:01:55.061
963,2026-08-09 13:01:55.081
964,2026-08-09 13:01:55.101
965,2026-08-09 13:01:55.121
966,2026-08-09 13:01:55.141
967,2026-08-09 13:01:55.161
968,2026-08-09 13:01:55.181
969,2026-08-09 13:01:55.313
970,2026-08-09 13:01:55.341
971,2026-08-09 13:01:55.361
972,2026-08-09 13:01:55.381
973,2026-08-09 13:01:55.401
974,2026-08-09 13:01:55.421
975,2026-08-09 13:01:55.441
976,2026-08-09 13:01:55.461
977,2026-08-09 13:01:55.481
978,2026-08-09 13:01:55.613
979,2026-08-09 13:01:55.641
980,2026-08-09 13:01:55.661
981,2026-08-09 13:01:55.681
982,2026-08-09 13:01:55.701
983,2026-08-09 13:01:55.721
984,2026-08-09 13:01:55.741
985,2026-08-09 13:01:55.761
986,2026-08-09 13:01:55.781
987,2026-08-09 13:01:55.913
988,2026-08-09 13:01:55.941
989,2026-08-09 13:01:55.961
990,2026-08-09 13:01:55.981
991,2026-08-09 13:01:56.001
992,2026-08-09 13:01:56.021
993,2026-08-09 13:01:56.041
994,2026-08-09 13:01:56.061
995,2026-08-09 13:01:56.081
996,2026-08-09 13:01:56.131
997,2026-08-09 13:01:56.161
998,2026-08-09 13:01:56.181
999,2026-08-09 13:01:56.201
1000,2026-08-09 13:01:56.221
1001,2026-08-09 13:01:56.241
1002,2026-08-09 13:01:56.261
1003,2026-08-09 13:01:56.281
1004,2026-08-09 13:01:56.301
1005,2026-08-09 13:01:56.433
1006,2026-08-09 13:01:56.461
1007,2026-08-09 13:01:56.481
1008,2026-08-09 13:01:56.501
1009,2026-08-09 13:01:56.521
1010,2026-08-09 13:01:56.541
1011,2026-08-09 13:01:56.561
1012,2026-08-09 13:01:56.581
1013,2026-08-09 13:01:56.601
1014,2026-08-09 13:01:56.651
1015,2026-08-09 13:01:56.681
1016,2026-08-09 13:01:56.701
1017,2026-08-09 13:01:56.721
1018,2026-08-09 13:01:56.741
1019,2026-08-09 13:01:56.761
1020,2026-08-09 13:01:56.781
1021,2026-08-09 13:01:56.801
1022,2026-08-09 13:01:56.821
1023,2026-08-09 13:01:56.871
1024,2026-08-09 13:01:56.901
1025,2026-08-09 13:01:56.921
1026,2026-08-09 13:01:56.941
1027,2026-08-09 13:01:56.961
1028,2026-08-09 13:01:56.981
1029,2026-08-09 13:01:57.001
1030,2026-08-09 13:01:57.021
1031,2026-08-09 13:01:57.041
1032,2026-08-09 13:01:57.091
1033,2026-08-09 13:01:57.121
1034,2026-08-09 13:01:57.141
1035,2026-08-09 13:01:57.161
1036,2026-08-09 13:01:57.181
1037,2026-08-09 13:01:57.201
1038,2026-08-09 13:01:57.221
1039,2026-08-09 13:01:57.241
1040,2026-08-09 13:01:57.261
1041,2026-08-09 13:01:57.311
1042,2026-08-09 13:01:57.341
1043,2026-08-09 13:01:57.361
1044,2026-08-09 13:01:57.381
1045,2026-08-09 13:01:57.401
1046,2026-08-09 13:01:57.421
1047,2026-08-09 13:01:57.441
1048,2026-08-09 13:01:57.461
1049,2026-08-09 13:01:57.481
1050,2026-08-09 13:01:57.613
1051,2026-08-09 13:01:57.641
1052,2026-08-09 13:01:57.661
1053,2026-08-09 13:01:57.681
1054,2026-08-09 13:01:57.701
1055,2026-08-09 13:01:57.721
1056,2026-08-09 13:01:57.741
1057,2026-08-09 13:01:57.761
1058,2026-08-09 13:01:57.781
1059,2026-08-09 13:01:57.831
1060,2026-08-09 13:01:57.861
1061,2026-08-09 13:01:57.881
1062,2026-08-09 13:01:57.901
1063,2026-08-09 13:01:57.921
1064,2026-08-09 13:01:57.941
1065,2026-08-09 13:01:57.961
1066,2026-08-09 13:01:57.981
1067,2026-08-09 13:01:58.001
1068,2026-08-09 13:01:58.133
1069,2026-08-09 13:01:58.161
1070,2026-08-09 13:01:58.181
1071,2026-08-09 13:01:58.201
1072,2026-08-09 13:01:58.221
1073,2026-08-09 13:01:58.241
1074,2026-08-09 13:01:58.261
1075,2026-08-09 13:01:58.281
1076,2026-08-09 13:01:58.301
1077,2026-08-09 13:01:58.351
1078,2026-08-09 13:01:58.381
1079,2026-08-09 13:01:58.401
1080,2026-08-09 13:01:58.421
1081,2026-08-09 13:01:58.441
1082,2026-08-09 13:01:58.461
1083,2026-08-09 13:01:58.481
1084,2026-08-09 13:01:58.501
1085,2026-08-09 13:01:58.521
1086,2026-08-09 13:01:58.653
1087,2026-08-09 13:01:58.681
1088,2026-08-09 13:01:58.701
1089,2026-08-09 13:01:58.721
1090,2026-08-09 13:01:58.741
1091,2026-08-09 13:01:58.761
1092,2026-08-09 13:01:58.781
1093,2026-08-09 13:01:58.801
1094,2026-08-09 13:01:58.821
1095,2026-08-09 13:01:59.423
1096,2026-08-09 13:01:59.423
1097,2026-08-09 13:01:59.441
1098,2026-08-09 13:01:59.460
1099,2026-08-09 13:01:59.480
1100,2026-08-09 13:01:59.500
1101,2026-08-09 13:01:59.520
1102,2026-08-09 13:02:03.058
1103,2026-08-09 13:02:03.075
1104,2026-08-09 13:02:03.095
1105,2026-08-09 13:02:03.115
1106,2026-08-09 13:02:03.135
1107,2026-08-09 13:02:39.257
1108,2026-08-09 13:02:39.274
1109,2026-08-09 13:02:39.294
1110,2026-08-09 13:02:39.314
1111,2026-08-09 13:02:39.334
1112,2026-08-09 13:02:40.350
1113,2026-08-09 13:02:41.466
1114,2026-08-09 13:02:41.484
1115,2026-08-09 13:02:41.504
1116,2026-08-09 13:02:41.524
1117,2026-08-09 13:02:41.544
1118,2026-08-09 13:02:41.564
1119,2026-08-09 13:02:59.752
1120,2026-08-09 13:02:59.777
1121,2026-08-09 13:02:59.797
1122,2026-08-09 13:02:59.817
1123,2026-08-09 13:02:59.837
1124,2026-08-09 13:02:59.857
1125,2026-08-09 13:02:59.877
1126,2026-08-09 13:02:59.897
1127,2026-08-09 13:02:59.917
1128,2026-08-09 13:02:59.967
1129,2026-08-09 13:02:59.997
1130,2026-08-09 13:03:00.017
1131,2026-08-09 13:03:00.037
1132,2026-08-09 13:03:00.057
1133,2026-08-09 13:03:00.077
1134,2026-08-09 13:03:00.097
1135,2026-08-09 13:03:00.117
1136,2026-08-09 13:03:00.137
1137,2026-08-09 13:03:00.206
1138,2026-08-09 13:03:00.758
1139,2026-08-09 13:03:00.776
1140,2026-08-09 13:03:00.796
1141,2026-08-09 13:03:00.816
1142,2026-08-09 13:03:00.836
1143,2026-08-09 13:03:20.992
1144,2026-08-09 13:03:21.011
1145,2026-08-09 13:03:21.031
1146,2026-08-09 13:03:21.051
1147,2026-08-09 13:03:21.071
1148,2026-08-09 13:03:21.091
1149,2026-08-09 13:03:21.111
1150,2026-08-09 13:03:21.131
1151,2026-08-09 13:03:21.151
1152,2026-08-09 13:03:21.201
1153,2026-08-09 13:03:21.231
1154,2026-08-09 13:03:21.251
1155,2026-08-09 13:03:21.271
1156,2026-08-09 13:03:21.291
1157,2026-08-09 13:03:21.311
1158,2026-08-09 13:03:21.331
1159,2026-08-09 13:03:21.351
1160,2026-08-09 13:03:21.371
1161,2026-08-09 13:03:21.421
1162,2026-08-09 13:03:21.451
1163,2026-08-09 13:03:21.471
1164,2026-08-09 13:03:21.493
1165,2026-08-09 13:03:21.511
1166,2026-08-09 13:03:21.531
1167,2026-08-09 13:03:21.551
1168,2026-08-09 13:03:21.571
1169,2026-08-09 13:03:21.591
1170,2026-08-09 13:03:21.641
1171,2026-08-09 13:03:21.671
1172,2026-08-09 13:03:21.691
1173,2026-08-09 13:03:21.711
1174,2026-08-09 13:03:21.731
1175,2026-08-09 13:03:21.751
1176,2026-08-09 13:03:21.771
1177,2026-08-09 13:03:21.791
1178,2026-08-09 13:03:21.811
1179,2026-08-09 13:03:21.861
1180,2026-08-09 13:03:21.891
1181,2026-08-09 13:03:21.911
1182,2026-08-09 13:03:21.931
1183,2026-08-09 13:03:21.951
1184,2026-08-09 13:03:21.971
1185,2026-08-09 13:03:21.991
1186,2026-08-09 13:03:22.011
1187,2026-08-09 13:03:22.031
1188,2026-08-09 13:03:22.081
1189,2026-08-09 13:03:22.111
1190,2026-08-09 13:03:22.131
1191,2026-08-09 13:03:22.151
1192,2026-08-09 13:03:22.171
1193,2026-08-09 13:03:22.191
1194,2026-08-09 13:03:22.211
1195,2026-08-09 13:03:22.231
1196,2026-08-09 13:03:22.251
1197,2026-08-09 13:03:22.301
1198,2026-08-09 13:03:22.331
1199,2026-08-09 13:03:22.351
1200,2026-08-09 13:03:22.371
1201,2026-08-09 13:03:22.391
1202,2026-08-09 13:03:22.411
1203,2026-08-09 13:03:22.431
1204,2026-08-09 13:03:22.451
1205,2026-08-09 13:03:22.471
1206,2026-08-09 13:03:22.521
1207,2026-08-09 13:03:22.551
1208,2026-08-09 13:03:22.571
1209,2026-08-09 13:03:22.591
1210,2026-08-09 13:03:22.611
1211,2026-08-09 13:03:22.631
1212,2026-08-09 13:03:22.651
1213,2026-08-09 13:03:22.671
1214,2026-08-09 13:03:22.691
1215,2026-08-09 13:03:22.741
1216,2026-08-09 13:03:22.771
1217,2026-08-09 13:03:22.791
1218,2026-08-09 13:03:22.811
1219,2026-08-09 13:03:22.831
1220,2026-08-09 13:03:22.851
1221,2026-08-09 13:03:22.871
1222,2026-08-09 13:03:22.891
1223,2026-08-09 13:03:22.911
1224,2026-08-09 13:03:22.961
1225,2026-08-09 13:03:22.991
1226,2026-08-09 13:03:23.011
1227,2026-08-09 13:03:23.031
1228,2026-08-09 13:03:23.051
1229,2026-08-09 13:03:23.071
1230,2026-08-09 13:03:23.091
1231,2026-08-09 13:03:23.111
1232,2026-08-09 13:03:23.131
1233,2026-08-09 13:03:23.181
1234,2026-08-09 13:03:23.211
1235,2026-08-09 13:03:23.231
1236,2026-08-09 13:03:23.251
1237,2026-08-09 13:03:23.271
1238,2026-08-09 13:03:23.291
1239,2026-08-09 13:03:23.311
1240,2026-08-09 13:03:23.331
1241,2026-08-09 13:03:23.351
1242,2026-08-09 13:03:23.483
1243,2026-08-09 13:03:23.511
1244,2026-08-09 13:03:23.531
1245,2026-08-09 13:03:23.551
1246,2026-08-09 13:03:23.571
1247,2026-08-09 13:03:23.591
1248,2026-08-09 13:03:23.611
1249,2026-08-09 13:03:23.631
1250,2026-08-09 13:03:23.651
1251,2026-08-09 13:03:23.701
1252,2026-08-09 13:03:23.731
1253,2026-08-09 13:03:23.751
1254,2026-08-09 13:03:23.771
1255,2026-08-09 13:03:23.791
1256,2026-08-09 13:03:23.811
1257,2026-08-09 13:03:23.831
1258,2026-08-09 13:03:23.851
1259,2026-08-09 13:03:23.871
1260,2026-08-09 13:03:23.921
1261,2026-08-09 13:03:23.951
1262,2026-08-09 13:03:23.971
1263,2026-08-09 13:03:23.991
1264,2026-08-09 13:03:24.014
1265,2026-08-09 13:03:24.031
1266,2026-08-09 13:03:24.051
1267,2026-08-09 13:03:24.071
1268,2026-08-09 13:03:24.091
1269,2026-08-09 13:03:24.141
1270,2026-08-09 13:03:24.171
1271,2026-08-09 13:03:24.191
1272,2026-08-09 13:03:24.211
1273,2026-08-09 13:03:24.231
1274,2026-08-09 13:03:24.251
1275,2026-08-09 13:03:24.271
1276,2026-08-09 13:03:24.291
1277,2026-08-09 13:03:24.311
1278,2026-08-09 13:03:24.443
1279,2026-08-09 13:03:24.471
1280,2026-08-09 13:03:24.491
1281,2026-08-09 13:03:24.511
1282,2026-08-09 13:03:24.531
1283,2026-08-09 13:03:24.551
1284,2026-08-09 13:03:24.571
1285,2026-08-09 13:03:24.591
1286,2026-08-09 13:03:24.611
1287,2026-08-09 13:03:24.661
1288,2026-08-09 13:03:24.691
1289,2026-08-09 13:03:24.711
1290,2026-08-09 13:03:24.731
1291,2026-08-09 13:03:24.751
1292,2026-08-09 13:03:24.771
1293,2026-08-09 13:03:24.791
1294,2026-08-09 13:03:24.811
1295,2026-08-09 13:03:24.831
1296,2026-08-09 13:03:24.881
1297,2026-08-09 13:03:24.911
1298,2026-08-09 13:03:24.931
1299,2026-08-09 13:03:24.951
1300,2026-08-09 13:03:24.971
1301,2026-08-09 13:03:24.991
1302,2026-08-09 13:03:25.011
1303,2026-08-09 13:03:25.031
1304,2026-08-09 13:03:25.051
1305,2026-08-09 13:03:25.101
1306,2026-08-09 13:03:25.131
1307,2026-08-09 13:03:25.151
1308,2026-08-09 13:03:25.171
1309,2026-08-09 13:03:25.191
1310,2026-08-09 13:03:25.211
1311,2026-08-09 13:03:25.231
1312,2026-08-09 13:03:25.251
1313,2026-08-09 13:03:25.271
1314,2026-08-09 13:03:25.321
1315,2026-08-09 13:03:25.351
1316,2026-08-09 13:03:25.371
1317,2026-08-09 13:03:25.391
1318,2026-08-09 13:03:25.411
1319,2026-08-09 13:03:25.431
1320,2026-08-09 13:03:25.451
1321,2026-08-09 13:03:25.471
1322,2026-08-09 13:03:25.491
1323,2026-08-09 13:03:25.541
1324,2026-08-09 13:03:25.571
1325,2026-08-09 13:03:25.591
1326,2026-08-09 13:03:25.611
1327,2026-08-09 13:03:25.631
1328,2026-08-09 13:03:25.651
1329,2026-08-09 13:03:25.671
1330,2026-08-09 13:03:25.691
1331,2026-08-09 13:03:25.711
1332,2026-08-09 13:03:25.761
1333,2026-08-09 13:03:25.791
1334,2026-08-09 13:03:25.811
1335,2026-08-09 13:03:25.831
1336,2026-08-09 13:03:25.851
1337,2026-08-09 13:03:25.871
1338,2026-08-09 13:03:25.891
1339,2026-08-09 13:03:25.911
1340,2026-08-09 13:03:25.931
1341,2026-08-09 13:03:26.063
1342,2026-08-09 13:03:26.091
1343,2026-08-09 13:03:26.111
1344,2026-08-09 13:03:26.131
1345,2026-08-09 13:03:26.151
1346,2026-08-09 13:03:26.171
1347,2026-08-09 13:03:26.191
1348,2026-08-09 13:03:26.211
1349,2026-08-09 13:03:26.231
1350,2026-08-09 13:03:26.281
1351,2026-08-09 13:03:26.311
1352,2026-08-09 13:03:26.331
1353,2026-08-09 13:03:26.351
1354,2026-08-09 13:03:26.371
1355,2026-08-09 13:03:26.391
1356,2026-08-09 13:03:26.411
1357,2026-08-09 13:03:26.431
1358,2026-08-09 13:03:26.451
1359,2026-08-09 13:03:26.481
1360,2026-08-09 13:03:26.511
1361,2026-08-09 13:03:26.531
1362,2026-08-09 13:03:26.551
1363,2026-08-09 13:03:26.571
1364,2026-08-09 13:03:26.591
1365,2026-08-09 13:03:26.611
1366,2026-08-09 13:03:26.631
1367,2026-08-09 13:03:26.651
1368,2026-08-09 13:03:26.783
1369,2026-08-09 13:03:26.811
1370,2026-08-09 13:03:26.831
1371,2026-08-09 13:03:26.851
1372,2026-08-09 13:03:26.871
1373,2026-08-09 13:03:26.891
1374,2026-08-09 13:03:26.911
1375,2026-08-09 13:03:26.931
1376,2026-08-09 13:03:26.951
1377,2026-08-09 13:03:27.001
1378,2026-08-09 13:03:27.031
1379,2026-08-09 13:03:27.051
1380,2026-08-09 13:03:27.071
1381,2026-08-09 13:03:27.091
1382,2026-08-09 13:03:27.111
1383,2026-08-09 13:03:27.131
1384,2026-08-09 13:03:27.151
1385,2026-08-09 13:03:27.171
1386,2026-08-09 13:03:27.221
1387,2026-08-09 13:03:27.251
1388,2026-08-09 13:03:27.271
1389,2026-08-09 13:03:27.291
1390,2026-08-09 13:03:27.311
1391,2026-08-09 13:03:27.331
1392,2026-08-09 13:03:27.351
1393,2026-08-09 13:03:27.371
1394,2026-08-09 13:03:27.391
1395,2026-08-09 13:03:27.441
1396,2026-08-09 13:03:27.471
1397,2026-08-09 13:03:27.491
1398,2026-08-09 13:03:27.511
1399,2026-08-09 13:03:27.531
1400,2026-08-09 13:03:27.551
1401,2026-08-09 13:03:27.571
1402,2026-08-09 13:03:27.591
1403,2026-08-09 13:03:27.611
1404,2026-08-09 13:03:27.743
1405,2026-08-09 13:03:27.771
1406,2026-08-09 13:03:27.791
1407,2026-08-09 13:03:27.811
1408,2026-08-09 13:03:27.831
1409,2026-08-09 13:03:27.851
1410,2026-08-09 13:03:27.871
1411,2026-08-09 13:03:27.891
1412,2026-08-09 13:03:27.911
1413,2026-08-09 13:03:27.961
1414,2026-08-09 13:03:27.991
1415,2026-08-09 13:03:28.011
1416,2026-08-09 13:03:28.031
1417,2026-08-09 13:03:28.051
1418,2026-08-09 13:03:28.071
1419,2026-08-09 13:03:28.091
1420,2026-08-09 13:03:28.111
1421,2026-08-09 13:03:28.131
1422,2026-08-09 13:03:28.263
1423,2026-08-09 13:03:28.291
1424,2026-08-09 13:03:28.311
1425,2026-08-09 13:03:28.331
1426,2026-08-09 13:03:28.351
1427,2026-08-09 13:03:28.371
1428,2026-08-09 13:03:28.391
1429,2026-08-09 13:03:28.411
1430,2026-08-09 13:03:28.431
1431,2026-08-09 13:03:28.481
1432,2026-08-09 13:03:28.511
1433,2026-08-09 13:03:28.531
1434,2026-08-09 13:03:28.551
1435,2026-08-09 13:03:28.571
1436,2026-08-09 13:03:28.591
1437,2026-08-09 13:03:28.611
1438,2026-08-09 13:03:28.631
1439,2026-08-09 13:03:28.651
1440,2026-08-09 13:03:28.701
1441,2026-08-09 13:03:28.731
1442,2026-08-09 13:03:28.751
1443,2026-08-09 13:03:28.771
1444,2026-08-09 13:03:28.791
1445,2026-08-09 13:03:28.811
1446,2026-08-09 13:03:28.831
1447,2026-08-09 13:03:28.851
1448,2026-08-09 13:03:28.871
1449,2026-08-09 13:03:28.921
1450,2026-08-09 13:03:28.951
1451,2026-08-09 13:03:28.971
1452,2026-08-09 13:03:28.991
1453,2026-08-09 13:03:29.011
1454,2026-08-09 13:03:29.031
1455,2026-08-09 13:03:29.051
1456,2026-08-09 13:03:29.071
1457,2026-08-09 13:03:29.091
1458,2026-08-09 13:03:29.141
1459,2026-08-09 13:03:29.171
1460,2026-08-09 13:03:29.191
1461,2026-08-09 13:03:29.211
1462,2026-08-09 13:03:29.231
1463,2026-08-09 13:03:29.251
1464,2026-08-09 13:03:29.271
1465,2026-08-09 13:03:29.291
1466,2026-08-09 13:03:29.311
1467,2026-08-09 13:03:29.361
1468,2026-08-09 13:03:29.391
1469,2026-08-09 13:03:29.411
1470,2026-08-09 13:03:29.431
1471,2026-08-09 13:03:29.451
1472,2026-08-09 13:03:29.471
1473,2026-08-09 13:03:29.491
1474,2026-08-09 13:03:29.511
1475,2026-08-09 13:03:29.531
1476,2026-08-09 13:03:30.150
1477,2026-08-09 13:03:30.168
1478,2026-08-09 13:03:30.188
1479,2026-08-09 13:03:30.208
1480,2026-08-09 13:03:30.228
1481,2026-08-09 13:03:44.462
1482,2026-08-09 13:03:44.462
1483,2026-08-09 13:03:44.479
1484,2026-08-09 13:03:44.499
1485,2026-08-09 13:03:44.519
1486,2026-08-09 13:03:44.539
1487,2026-08-09 13:03:44.559
1488,2026-08-09 13:03:44.599
1489,2026-08-09 13:03:44.757
1490,2026-08-09 13:03:47.752
1491,2026-08-09 13:03:47.769
1492,2026-08-09 13:03:47.789
1493,2026-08-09 13:03:47.809
1494,2026-08-09 13:03:47.829
1495,2026-08-09 13:03:47.849
1496,2026-08-09 13:03:50.607
1497,2026-08-09 13:03:50.624
1498,2026-08-09 13:03:50.644
1499,2026-08-09 13:03:50.664
1500,2026-08-09 13:03:50.684
1501,2026-08-09 13:03:50.704
1502,2026-08-09 13:04:31.487
1503,2026-08-09 13:04:31.488
1504,2026-08-09 13:04:31.505
1505,2026-08-09 13:04:31.525
1506,2026-08-09 13:04:31.545
1507,2026-08-09 13:04:31.565
1508,2026-08-09 13:04:32.321
1509,2026-08-09 13:04:32.338
1510,2026-08-09 13:04:32.358
1511,2026-08-09 13:04:32.378
1512,2026-08-09 13:04:32.398
1513,2026-08-09 13:04:48.687
1514,2026-08-09 13:04:48.705
1515,2026-08-09 13:04:48.725
1516,2026-08-09 13:04:48.745
1517,2026-08-09 13:04:48.765
1518,2026-08-09 13:04:49.839
1519,2026-08-09 13:04:55.278
1520,2026-08-09 13:04:55.295
1521,2026-08-09 13:04:55.315
1522,2026-08-09 13:04:55.336
1523,2026-08-09 13:04:55.355
1524,2026-08-09 13:05:01.632
1525,2026-08-09 13:05:01.649
1526,2026-08-09 13:05:01.669
1527,2026-08-09 13:05:01.689
1528,2026-08-09 13:05:01.709
1529,2026-08-09 13:05:10.490
1530,2026-08-09 13:05:10.507
1531,2026-08-09 13:05:10.527
1532,2026-08-09 13:05:10.548
1533,2026-08-09 13:05:10.567
1534,2026-08-09 13:05:10.588
1535,2026-08-09 13:05:10.608
1536,2026-08-09 13:05:10.628
1537,2026-08-09 13:05:10.648
1538,2026-08-09 13:05:10.697
1539,2026-08-09 13:05:10.728
1540,2026-08-09 13:05:10.748
1541,2026-08-09 13:05:10.768
1542,2026-08-09 13:05:10.788
1543,2026-08-09 13:05:10.807
1544,2026-08-09 13:05:10.827
1545,2026-08-09 13:05:10.848
1546,2026-08-09 13:05:10.868
1547,2026-08-09 13:05:10.918
1548,2026-08-09 13:05:10.947
1549,2026-08-09 13:05:10.968
1550,2026-08-09 13:05:10.988
1551,2026-08-09 13:05:11.008
1552,2026-08-09 13:05:11.028
1553,2026-08-09 13:05:11.048
1554,2026-08-09 13:05:11.068
1555,2026-08-09 13:05:11.088
1556,2026-08-09 13:05:11.137
1557,2026-08-09 13:05:20.475
1558,2026-08-09 13:05:20.475
1559,2026-08-09 13:05:20.493
1560,2026-08-09 13:05:20.513
1561,2026-08-09 13:05:20.532
1562,2026-08-09 13:05:20.552
1563,2026-08-09 13:05:21.708
1564,2026-08-09 13:05:21.725
1565,2026-08-09 13:05:21.745
1566,2026-08-09 13:05:21.765
1567,2026-08-09 13:05:21.785
1568,2026-08-09 13:05:32.669
1569,2026-08-09 13:05:32.686
1570,2026-08-09 13:05:32.706
1571,2026-08-09 13:05:32.726
1572,2026-08-09 13:05:32.746
1573,2026-08-09 13:05:32.766
1574,2026-08-09 13:05:33.961
1575,2026-08-09 13:05:33.979
1576,2026-08-09 13:05:33.999
1577,2026-08-09 13:05:34.019
1578,2026-08-09 13:05:34.039
1579,2026-08-09 13:05:34.059
1580,2026-08-09 13:05:35.076
1581,2026-08-09 13:05:35.096
1582,2026-08-09 13:05:35.116
1583,2026-08-09 13:05:35.136
1584,2026-08-09 13:05:35.156
1585,2026-08-09 13:05:36.170
1586,2026-08-09 13:05:36.171
1587,2026-08-09 13:05:36.188
1588,2026-08-09 13:05:36.208
1589,2026-08-09 13:05:36.228
1590,2026-08-09 13:05:36.248
1591,2026-08-09 13:05:37.287
1592,2026-08-09 13:05:37.305
1593,2026-08-09 13:05:37.325
1594,2026-08-09 13:05:37.345
1595,2026-08-09 13:05:37.365
1596,2026-08-09 13:05:37.385
1597,2026-08-09 13:05:39.833
1598,2026-08-09 13:05:39.851
1599,2026-08-09 13:05:39.871
1600,2026-08-09 13:05:39.891
1601,2026-08-09 13:05:39.911
1602,2026-08-09 13:05:39.931
1603,2026-08-09 13:05:40.590
1604,2026-08-09 13:05:40.608
1605,2026-08-09 13:05:40.628
1606,2026-08-09 13:05:40.648
1607,2026-08-09 13:05:40.668
1608,2026-08-09 13:05:58.872
1609,2026-08-09 13:06:00.309
1610,2026-08-09 13:06:00.326
1611,2026-08-09 13:06:00.346
1612,2026-08-09 13:06:00.366
1613,2026-08-09 13:06:00.387
1614,2026-08-09 13:06:01.404
1615,2026-08-09 13:06:01.421
1616,2026-08-09 13:06:01.441
1617,2026-08-09 13:06:01.461
1618,2026-08-09 13:06:01.481
1619,2026-08-09 13:06:03.257
1620,2026-08-09 13:06:03.275
1621,2026-08-09 13:06:03.295
1622,2026-08-09 13:06:03.314
1623,2026-08-09 13:06:03.335
1624,2026-08-09 13:06:03.355
1625,2026-08-09 13:06:10.712
1626,2026-08-09 13:06:10.739
1627,2026-08-09 13:06:10.759
1628,2026-08-09 13:06:10.779
1629,2026-08-09 13:06:10.799
1630,2026-08-09 13:06:10.819
1631,2026-08-09 13:07:15.320
1632,2026-08-09 13:07:15.349
1633,2026-08-09 13:07:15.370
1634,2026-08-09 13:07:15.390
1635,2026-08-09 13:07:15.410
1636,2026-08-09 13:07:15.429
1637,2026-08-09 13:07:15.449
1638,2026-08-09 13:07:15.469
1639,2026-08-09 13:07:15.489
1640,2026-08-09 13:07:15.546
1641,2026-08-09 13:07:15.569
1642,2026-08-09 13:07:15.589
1643,2026-08-09 13:07:15.609
1644,2026-08-09 13:07:15.629
1645,2026-08-09 13:07:15.649
1646,2026-08-09 13:07:15.669
1647,2026-08-09 13:07:39.736
1648,2026-08-09 13:07:39.754
1649,2026-08-09 13:07:39.774
1650,2026-08-09 13:07:39.794
1651,2026-08-09 13:07:39.814
1652,2026-08-09 13:07:39.834
1653,2026-08-09 13:07:39.834
1654,2026-08-09 13:07:39.854
1655,2026-08-09 13:07:39.894
1656,2026-08-09 13:07:39.951
1657,2026-08-09 13:07:39.974
1658,2026-08-09 13:07:39.994
1659,2026-08-09 13:07:40.014
1660,2026-08-09 13:07:40.034
1661,2026-08-09 13:07:40.054
1662,2026-08-09 13:07:40.074
1663,2026-08-09 13:07:40.094
1664,2026-08-09 13:07:40.114
1665,2026-08-09 13:07:40.176
1666,2026-08-09 13:07:40.194
1667,2026-08-09 13:07:40.214
1668,2026-08-09 13:07:40.234
1669,2026-08-09 13:07:40.254
1670,2026-08-09 13:07:40.314
1671,2026-08-09 13:07:52.897
1672,2026-08-09 13:07:52.898
1673,2026-08-09 13:07:54.567
1674,2026-08-09 13:07:54.605
1675,2026-08-09 13:07:54.625
1676,2026-08-09 13:07:54.645
1677,2026-08-09 13:07:54.665
1678,2026-08-09 13:07:54.693
1679,2026-08-09 13:07:54.725
1680,2026-08-09 13:07:56.405
1681,2026-08-09 13:07:56.423
1682,2026-08-09 13:07:56.443
1683,2026-08-09 13:07:56.463
1684,2026-08-09 13:07:56.483
1685,2026-08-09 13:07:58.038
1686,2026-08-09 13:07:58.056
1687,2026-08-09 13:07:58.076
1688,2026-08-09 13:07:58.096
1689,2026-08-09 13:07:58.116
1690,2026-08-09 13:07:58.136
1691,2026-08-09 13:08:01.122
1692,2026-08-09 13:08:01.362
1693,2026-08-09 13:08:01.995
1694,2026-08-09 13:08:02.013
1695,2026-08-09 13:08:02.033
1696,2026-08-09 13:08:02.053
1697,2026-08-09 13:08:02.072
1698,2026-08-09 13:08:04.657
1699,2026-08-09 13:08:04.675
1700,2026-08-09 13:08:12.810
1701,2026-08-09 13:08:12.828
1702,2026-08-09 13:08:12.848
1703,2026-08-09 13:08:12.868
1704,2026-08-09 13:08:12.888
1705,2026-08-09 13:08:12.908
1706,2026-08-09 13:08:12.928
1707,2026-08-09 13:08:12.948
1708,2026-08-09 13:08:12.968
1709,2026-08-09 13:08:13.100
1710,2026-08-09 13:08:13.128
1711,2026-08-09 13:08:13.148
1712,2026-08-09 13:08:13.168
1713,2026-08-09 13:08:13.188
1714,2026-08-09 13:08:13.208
1715,2026-08-09 13:08:13.228
1716,2026-08-09 13:08:13.248
1717,2026-08-09 13:08:13.268
1718,2026-08-09 13:08:13.400
1719,2026-08-09 13:08:13.428
1720,2026-08-09 13:08:13.448
1721,2026-08-09 13:08:13.468
1722,2026-08-09 13:08:13.488
1723,2026-08-09 13:08:13.508
1724,2026-08-09 13:08:13.528
1725,2026-08-09 13:08:13.548
1726,2026-08-09 13:08:13.568
1727,2026-08-09 13:08:13.618
1728,2026-08-09 13:08:13.648
1729,2026-08-09 13:08:13.668
1730,2026-08-09 13:08:13.688
1731,2026-08-09 13:08:13.708
1732,2026-08-09 13:08:13.728
1733,2026-08-09 13:08:13.748
1734,2026-08-09 13:08:13.768
1735,2026-08-09 13:08:13.788
1736,2026-08-09 13:08:13.838
1737,2026-08-09 13:08:13.868
1738,2026-08-09 13:08:13.888
1739,2026-08-09 13:08:13.908
1740,2026-08-09 13:08:13.928
1741,2026-08-09 13:08:13.948
1742,2026-08-09 13:08:13.968
1743,2026-08-09 13:08:13.989
1744,2026-08-09 13:08:14.008
1745,2026-08-09 13:08:14.058
1746,2026-08-09 13:08:14.088
1747,2026-08-09 13:08:14.108
1748,2026-08-09 13:08:14.128
1749,2026-08-09 13:08:14.148
1750,2026-08-09 13:08:14.168
1751,2026-08-09 13:08:14.188
1752,2026-08-09 13:08:14.208
1753,2026-08-09 13:08:14.228
1754,2026-08-09 13:08:14.278
1755,2026-08-09 13:08:14.308
1756,2026-08-09 13:08:14.328
1757,2026-08-09 13:08:14.348
1758,2026-08-09 13:08:14.368
1759,2026-08-09 13:08:14.388
1760,2026-08-09 13:08:14.408
1761,2026-08-09 13:08:14.428
1762,2026-08-09 13:08:14.448
1763,2026-08-09 13:08:14.498
1764,2026-08-09 13:08:14.528
1765,2026-08-09 13:08:14.548
1766,2026-08-09 13:08:14.568
1767,2026-08-09 13:08:14.588
1768,2026-08-09 13:08:14.608
1769,2026-08-09 13:08:14.628
1770,2026-08-09 13:08:14.648
1771,2026-08-09 13:08:14.668
1772,2026-08-09 13:08:14.800
1773,2026-08-09 13:08:14.828
1774,2026-08-09 13:08:14.848
1775,2026-08-09 13:08:14.868
1776,2026-08-09 13:08:14.888
1777,2026-08-09 13:08:14.908
1778,2026-08-09 13:08:14.928
1779,2026-08-09 13:08:14.948
1780,2026-08-09 13:08:14.968
1781,2026-08-09 13:08:15.100
1782,2026-08-09 13:08:15.128
1783,2026-08-09 13:08:15.148
1784,2026-08-09 13:08:15.168
1785,2026-08-09 13:08:15.188
1786,2026-08-09 13:08:15.208
1787,2026-08-09 13:08:15.228
1788,2026-08-09 13:08:15.248
1789,2026-08-09 13:08:15.268
1790,2026-08-09 13:08:15.400
1791,2026-08-09 13:08:15.428
1792,2026-08-09 13:08:15.448
1793,2026-08-09 13:08:15.468
1794,2026-08-09 13:08:15.488
1795,2026-08-09 13:08:15.508
1796,2026-08-09 13:08:15.528
1797,2026-08-09 13:08:15.548
1798,2026-08-09 13:08:15.568
1799,2026-08-09 13:08:15.700
1800,2026-08-09 13:08:15.728
1801,2026-08-09 13:08:15.748
1802,2026-08-09 13:08:15.768
1803,2026-08-09 13:08:15.788
1804,2026-08-09 13:08:15.808
1805,2026-08-09 13:08:15.828
1806,2026-08-09 13:08:15.848
1807,2026-08-09 13:08:15.868
1808,2026-08-09 13:08:15.918
1809,2026-08-09 13:08:15.948
1810,2026-08-09 13:08:15.968
1811,2026-08-09 13:08:15.988
1812,2026-08-09 13:08:16.008
1813,2026-08-09 13:08:16.028
1814,2026-08-09 13:08:16.048
1815,2026-08-09 13:08:16.068
1816,2026-08-09 13:08:16.088
1817,2026-08-09 13:08:16.138
1818,2026-08-09 13:08:16.168
1819,2026-08-09 13:08:16.188
1820,2026-08-09 13:08:16.208
1821,2026-08-09 13:08:16.228
1822,2026-08-09 13:08:16.248
1823,2026-08-09 13:08:16.285
1824,2026-08-09 13:08:16.831
1825,2026-08-09 13:08:16.849
1826,2026-08-09 13:08:16.869
1827,2026-08-09 13:08:16.889
1828,2026-08-09 13:08:16.909
1829,2026-08-09 13:08:16.929
1830,2026-08-09 13:08:31.944
1831,2026-08-09 13:09:12.800
1832,2026-08-09 13:09:12.819
1833,2026-08-09 13:09:12.839
1834,2026-08-09 13:09:12.859
1835,2026-08-09 13:09:12.879
1836,2026-08-09 13:09:12.899
1837,2026-08-09 13:09:12.919
1838,2026-08-09 13:09:12.939
1839,2026-08-09 13:09:12.959
1840,2026-08-09 13:09:13.009
1841,2026-08-09 13:09:13.039
1842,2026-08-09 13:09:13.059
1843,2026-08-09 13:09:13.079
1844,2026-08-09 13:09:13.099
1845,2026-08-09 13:09:13.119
1846,2026-08-09 13:09:13.139
1847,2026-08-09 13:09:13.159
1848,2026-08-09 13:09:13.179
1849,2026-08-09 13:09:13.229
1850,2026-08-09 13:09:13.259
1851,2026-08-09 13:09:13.279
1852,2026-08-09 13:09:13.299
1853,2026-08-09 13:09:13.319
1854,2026-08-09 13:09:13.339
1855,2026-08-09 13:09:13.359
1856,2026-08-09 13:09:13.379
1857,2026-08-09 13:09:13.399
1858,2026-08-09 13:09:13.449
1859,2026-08-09 13:09:13.479
1860,2026-08-09 13:09:13.499
1861,2026-08-09 13:09:13.519
1862,2026-08-09 13:09:13.539
1863,2026-08-09 13:09:13.559
1864,2026-08-09 13:09:13.579
1865,2026-08-09 13:09:13.599
1866,2026-08-09 13:09:13.619
1867,2026-08-09 13:09:13.669
1868,2026-08-09 13:09:13.699
1869,2026-08-09 13:09:13.719
1870,2026-08-09 13:09:13.739
1871,2026-08-09 13:09:13.759
1872,2026-08-09 13:09:13.779
1873,2026-08-09 13:09:13.799
1874,2026-08-09 13:09:13.819
1875,2026-08-09 13:09:13.839
1876,2026-08-09 13:09:13.889
1877,2026-08-09 13:09:13.919
1878,2026-08-09 13:09:13.939
1879,2026-08-09 13:09:13.959
1880,2026-08-09 13:09:13.979
1881,2026-08-09 13:09:13.999
1882,2026-08-09 13:09:14.019
1883,2026-08-09 13:09:14.039
1884,2026-08-09 13:09:14.059
1885,2026-08-09 13:09:14.109
1886,2026-08-09 13:09:14.139
1887,2026-08-09 13:09:14.159
1888,2026-08-09 13:09:14.179
1889,2026-08-09 13:09:26.560
1890,2026-08-09 13:09:48.520
1891,2026-08-09 13:09:48.554
1892,2026-08-09 13:09:48.574
1893,2026-08-09 13:09:48.594
1894,2026-08-09 13:09:48.614
1895,2026-08-09 13:09:48.634
1896,2026-08-09 13:09:48.654
1897,2026-08-09 13:09:48.674
1898,2026-08-09 13:09:48.694
1899,2026-08-09 13:09:48.751
1900,2026-08-09 13:09:48.774
1901,2026-08-09 13:09:48.794
1902,2026-08-09 13:09:48.814
1903,2026-08-09 13:09:48.834
1904,2026-08-09 13:09:48.854
1905,2026-08-09 13:09:48.874
1906,2026-08-09 13:09:48.874
1907,2026-08-09 13:09:48.894
1908,2026-08-09 13:09:48.951
1909,2026-08-09 13:09:48.974
1910,2026-08-09 13:09:48.994
1911,2026-08-09 13:09:49.014
1912,2026-08-09 13:09:49.034
1913,2026-08-09 13:09:49.054
1914,2026-08-09 13:09:49.074
1915,2026-08-09 13:09:49.094
1916,2026-08-09 13:09:49.114
1917,2026-08-09 13:09:49.171
1918,2026-08-09 13:09:49.194
1919,2026-08-09 13:09:49.214
1920,2026-08-09 13:09:49.234
1921,2026-08-09 13:09:49.254
1922,2026-08-09 13:09:49.274
1923,2026-08-09 13:09:49.294
1924,2026-08-09 13:09:49.314
1925,2026-08-09 13:09:49.334
1926,2026-08-09 13:09:49.391
1927,2026-08-09 13:09:49.414
1928,2026-08-09 13:09:49.434
1929,2026-08-09 13:09:49.454
1930,2026-08-09 13:09:49.474
1931,2026-08-09 13:09:49.494
1932,2026-08-09 13:09:49.514
1933,2026-08-09 13:09:49.534
1934,2026-08-09 13:09:49.554
1935,2026-08-09 13:09:49.753
1936,2026-08-09 13:09:49.774
1937,2026-08-09 13:09:49.794
1938,2026-08-09 13:09:49.814
1939,2026-08-09 13:09:49.834
1940,2026-08-09 13:09:49.854
1941,2026-08-09 13:09:49.874
1942,2026-08-09 13:09:49.894
1943,2026-08-09 13:09:49.914
1944,2026-08-09 13:09:49.971
1945,2026-08-09 13:09:49.994
1946,2026-08-09 13:09:50.014
1947,2026-08-09 13:09:50.034
1948,2026-08-09 13:09:50.054
1949,2026-08-09 13:09:50.074
1950,2026-08-09 13:09:50.094
1951,2026-08-09 13:09:50.114
1952,2026-08-09 13:09:50.134
1953,2026-08-09 13:09:50.293
1954,2026-08-09 13:09:50.314
1955,2026-08-09 13:09:50.334
1956,2026-08-09 13:09:50.354
1957,2026-08-09 13:09:50.374
1958,2026-08-09 13:09:50.394
1959,2026-08-09 13:09:50.414
1960,2026-08-09 13:09:50.434
1961,2026-08-09 13:09:50.454
1962,2026-08-09 13:09:50.511
1963,2026-08-09 13:09:50.534
1964,2026-08-09 13:09:50.554
1965,2026-08-09 13:09:50.574
1966,2026-08-09 13:09:50.594
1967,2026-08-09 13:09:50.614
1968,2026-08-09 13:09:50.634
1969,2026-08-09 13:09:50.654
1970,2026-08-09 13:09:50.674
1971,2026-08-09 13:09:50.731
1972,2026-08-09 13:09:50.754
1973,2026-08-09 13:09:50.774
1974,2026-08-09 13:09:50.794
1975,2026-08-09 13:09:50.814
1976,2026-08-09 13:09:50.834
1977,2026-08-09 13:09:50.854
1978,2026-08-09 13:09:50.874
1979,2026-08-09 13:09:50.894
1980,2026-08-09 13:09:50.951
1981,2026-08-09 13:09:50.974
1982,2026-08-09 13:09:50.994
1983,2026-08-09 13:09:51.014
1984,2026-08-09 13:09:51.034
1985,2026-08-09 13:09:51.054
1986,2026-08-09 13:09:51.074
1987,2026-08-09 13:09:51.094
1988,2026-08-09 13:09:51.114
1989,2026-08-09 13:09:51.311
1990,2026-08-09 13:09:51.334
1991,2026-08-09 13:09:51.354
1992,2026-08-09 13:09:51.374
1993,2026-08-09 13:09:51.394
1994,2026-08-09 13:09:51.414
1995,2026-08-09 13:09:51.434
1996,2026-08-09 13:09:51.454
1997,2026-08-09 13:09:51.474
1998,2026-08-09 13:09:51.653
1999,2026-08-09 13:09:51.674
2000,2026-08-09 13:09:51.694
2001,2026-08-09 13:09:51.714
2002,2026-08-09 13:09:51.734
2003,2026-08-09 13:09:51.754
2004,2026-08-09 13:09:51.774
2005,2026-08-09 13:09:51.794
2006,2026-08-09 13:09:51.814
2007,2026-08-09 13:09:51.871
2008,2026-08-09 13:09:51.894
2009,2026-08-09 13:09:51.914
2010,2026-08-09 13:09:51.934
2011,2026-08-09 13:09:51.954
2012,2026-08-09 13:09:51.974
2013,2026-08-09 13:09:51.994
2014,2026-08-09 13:09:52.014
2015,2026-08-09 13:09:52.034
2016,2026-08-09 13:09:52.091
2017,2026-08-09 13:09:52.114
2018,2026-08-09 13:09:52.134
2019,2026-08-09 13:09:52.154
2020,2026-08-09 13:09:52.174
2021,2026-08-09 13:09:52.194
2022,2026-08-09 13:09:52.214
2023,2026-08-09 13:09:52.234
2024,2026-08-09 13:09:52.254
2025,2026-08-09 13:09:52.311
2026,2026-08-09 13:09:52.334
2027,2026-08-09 13:09:52.354
2028,2026-08-09 13:09:52.374
2029,2026-08-09 13:09:52.394
2030,2026-08-09 13:09:52.414
2031,2026-08-09 13:09:52.434
2032,2026-08-09 13:09:52.454
2033,2026-08-09 13:09:52.474
2034,2026-08-09 13:09:52.531
2035,2026-08-09 13:09:52.554
2036,2026-08-09 13:09:52.574
2037,2026-08-09 13:09:52.594
2038,2026-08-09 13:09:52.614
2039,2026-08-09 13:09:52.634
2040,2026-08-09 13:09:52.654
2041,2026-08-09 13:09:52.674
2042,2026-08-09 13:09:52.694
2043,2026-08-09 13:10:18.344
2044,2026-08-09 13:10:19.532
2045,2026-08-09 13:10:19.549
2046,2026-08-09 13:10:19.569
2047,2026-08-09 13:10:19.589
2048,2026-08-09 13:10:19.609
2049,2026-08-09 13:10:20.826
2050,2026-08-09 13:10:20.844
2051,2026-08-09 13:10:20.864
2052,2026-08-09 13:10:20.884
2053,2026-08-09 13:10:20.904
2054,2026-08-09 13:10:50.518
2055,2026-08-09 13:10:50.536
2056,2026-08-09 13:10:50.556
2057,2026-08-09 13:10:50.576
2058,2026-08-09 13:10:50.596
2059,2026-08-09 13:10:50.616
2060,2026-08-09 13:10:50.636
2061,2026-08-09 13:10:50.656
2062,2026-08-09 13:10:50.676
2063,2026-08-09 13:10:50.726
2064,2026-08-09 13:10:50.756
2065,2026-08-09 13:10:50.776
2066,2026-08-09 13:10:50.796
2067,2026-08-09 13:10:50.816
2068,2026-08-09 13:10:50.836
2069,2026-08-09 13:10:50.856
2070,2026-08-09 13:10:50.876
2071,2026-08-09 13:10:50.896
2072,2026-08-09 13:10:50.946
2073,2026-08-09 13:10:50.976
2074,2026-08-09 13:10:50.996
2075,2026-08-09 13:10:51.016
2076,2026-08-09 13:10:51.036
2077,2026-08-09 13:10:51.056
2078,2026-08-09 13:10:51.076
2079,2026-08-09 13:10:51.096
2080,2026-08-09 13:10:51.116
2081,2026-08-09 13:10:51.248
2082,2026-08-09 13:10:51.276
2083,2026-08-09 13:10:51.296
2084,2026-08-09 13:10:51.316
2085,2026-08-09 13:10:51.336
2086,2026-08-09 13:10:51.356
2087,2026-08-09 13:10:51.376
2088,2026-08-09 13:10:51.396
2089,2026-08-09 13:10:51.416
2090,2026-08-09 13:10:51.466
2091,2026-08-09 13:10:51.496
2092,2026-08-09 13:10:51.516
2093,2026-08-09 13:10:51.536
2094,2026-08-09 13:10:51.556
2095,2026-08-09 13:10:51.576
2096,2026-08-09 13:10:51.596
2097,2026-08-09 13:10:51.616
2098,2026-08-09 13:10:51.636
2099,2026-08-09 13:10:51.768
2100,2026-08-09 13:10:51.796
2101,2026-08-09 13:10:51.816
2102,2026-08-09 13:10:51.836
2103,2026-08-09 13:10:51.856
2104,2026-08-09 13:10:51.876
2105,2026-08-09 13:10:51.896
2106,2026-08-09 13:10:51.916
2107,2026-08-09 13:10:51.936
2108,2026-08-09 13:10:51.986
2109,2026-08-09 13:10:52.016
2110,2026-08-09 13:10:52.036
2111,2026-08-09 13:10:52.056
2112,2026-08-09 13:10:52.076
2113,2026-08-09 13:10:52.096
2114,2026-08-09 13:10:52.116
2115,2026-08-09 13:10:52.136
2116,2026-08-09 13:10:52.156
2117,2026-08-09 13:10:52.206
2118,2026-08-09 13:10:52.236
2119,2026-08-09 13:10:52.256
2120,2026-08-09 13:10:52.276
2121,2026-08-09 13:10:52.296
2122,2026-08-09 13:10:52.316
2123,2026-08-09 13:10:52.336
2124,2026-08-09 13:10:52.356
2125,2026-08-09 13:10:52.376
2126,2026-08-09 13:10:52.426
2127,2026-08-09 13:10:52.456
2128,2026-08-09 13:10:52.476
2129,2026-08-09 13:10:52.496
2130,2026-08-09 13:10:52.516
2131,2026-08-09 13:10:52.536
2132,2026-08-09 13:10:52.556
2133,2026-08-09 13:10:52.576
2134,2026-08-09 13:10:52.596
2135,2026-08-09 13:10:52.728
2136,2026-08-09 13:10:52.756
2137,2026-08-09 13:10:52.776
2138,2026-08-09 13:10:52.996
2139,2026-08-09 13:10:53.218
2140,2026-08-09 13:10:53.438
2141,2026-08-09 13:10:54.674
2142,2026-08-09 13:10:54.692
2143,2026-08-09 13:10:54.712
2144,2026-08-09 13:10:54.732
2145,2026-08-09 13:10:54.752
2146,2026-08-09 13:10:55.547
2147,2026-08-09 13:10:55.565
2148,2026-08-09 13:10:55.585
2149,2026-08-09 13:10:55.605
2150,2026-08-09 13:10:55.625
2151,2026-08-09 13:10:55.645
2152,2026-08-09 13:10:56.683
2153,2026-08-09 13:10:56.701
2154,2026-08-09 13:10:56.721
2155,2026-08-09 13:10:56.741
2156,2026-08-09 13:10:56.761
2157,2026-08-09 13:10:56.781
2158,2026-08-09 13:10:58.236
2159,2026-08-09 13:10:58.254
2160,2026-08-09 13:10:58.274
2161,2026-08-09 13:10:58.294
2162,2026-08-09 13:10:58.314
2163,2026-08-09 13:11:27.216
2164,2026-08-09 13:11:28.166
2165,2026-08-09 13:11:28.184
2166,2026-08-09 13:11:28.204
2167,2026-08-09 13:11:28.224
2168,2026-08-09 13:11:28.979
2169,2026-08-09 13:11:29.017
2170,2026-08-09 13:11:29.037
2171,2026-08-09 13:11:29.057
2172,2026-08-09 13:11:31.016
2173,2026-08-09 13:11:31.034
2174,2026-08-09 13:11:31.054
2175,2026-08-09 13:11:31.074
2176,2026-08-09 13:11:31.094
2177,2026-08-09 13:11:31.114
2178,2026-08-09 13:11:32.109
2179,2026-08-09 13:11:32.127
2180,2026-08-09 13:11:32.147
2181,2026-08-09 13:11:32.167
2182,2026-08-09 13:11:32.187
2183,2026-08-09 13:11:32.207
2184,2026-08-09 13:11:54.459
2185,2026-08-09 13:11:54.459
2186,2026-08-09 13:11:54.477
2187,2026-08-09 13:11:54.497
2188,2026-08-09 13:11:54.517
2189,2026-08-09 13:11:54.537
2190,2026-08-09 13:11:57.038
2191,2026-08-09 13:11:57.056
2192,2026-08-09 13:11:57.075
2193,2026-08-09 13:11:57.095
2194,2026-08-09 13:11:57.115
2195,2026-08-09 13:12:19.512
2196,2026-08-09 13:12:19.645
2197,2026-08-09 13:12:19.663
2198,2026-08-09 13:12:19.683
2199,2026-08-09 13:12:19.703
2200,2026-08-09 13:12:19.723
2201,2026-08-09 13:12:19.742
2202,2026-08-09 13:12:19.763
2203,2026-08-09 13:12:19.783
2204,2026-08-09 13:12:19.907
2205,2026-08-09 13:12:19.922
2206,2026-08-09 13:12:19.943
2207,2026-08-09 13:12:20.003
2208,2026-08-09 13:12:20.003
2209,2026-08-09 13:12:20.023
2210,2026-08-09 13:12:20.043
2211,2026-08-09 13:12:20.063
2212,2026-08-09 13:12:20.102
2213,2026-08-09 13:12:20.287
2214,2026-08-09 13:12:20.303
2215,2026-08-09 13:12:20.343
2216,2026-08-09 13:12:20.383
2217,2026-08-09 13:12:20.403
2218,2026-08-09 13:12:20.422
2219,2026-08-09 13:12:20.463
2220,2026-08-09 13:12:20.503
2221,2026-08-09 13:12:20.603
2222,2026-08-09 13:12:20.707
2223,2026-08-09 13:12:20.743
2224,2026-08-09 13:12:20.802
2225,2026-08-09 13:12:20.842
2226,2026-08-09 13:12:20.863
2227,2026-08-09 13:12:20.883
2228,2026-08-09 13:12:20.902
2229,2026-08-09 13:12:20.923
2230,2026-08-09 13:12:20.942
2231,2026-08-09 13:12:21.004
2232,2026-08-09 13:12:21.023
2233,2026-08-09 13:12:21.063
2234,2026-08-09 13:12:21.083
2235,2026-08-09 13:12:21.142
2236,2026-08-09 13:12:21.163
2237,2026-08-09 13:12:21.182
2238,2026-08-09 13:12:21.203
2239,2026-08-09 13:12:21.243
2240,2026-08-09 13:12:21.324
2241,2026-08-09 13:12:21.343
2242,2026-08-09 13:12:21.403
2243,2026-08-09 13:12:21.462
2244,2026-08-09 13:12:21.483
2245,2026-08-09 13:12:21.523
2246,2026-08-09 13:12:21.563
2247,2026-08-09 13:12:21.583
2248,2026-08-09 13:12:21.603
2249,2026-08-09 13:12:21.664
2250,2026-08-09 13:12:21.683
2251,2026-08-09 13:12:22.281
2252,2026-08-09 13:12:22.299
2253,2026-08-09 13:12:22.319
2254,2026-08-09 13:12:22.339
2255,2026-08-09 13:12:22.359
2256,2026-08-09 13:12:32.039
2257,2026-08-09 13:12:32.097
2258,2026-08-09 13:12:32.137
2259,2026-08-09 13:12:32.280
2260,2026-08-09 13:12:32.439
2261,2026-08-09 13:12:32.457
2262,2026-08-09 13:12:32.579
2263,2026-08-09 13:12:53.656
2264,2026-08-09 13:12:53.674
2265,2026-08-09 13:12:53.694
2266,2026-08-09 13:12:53.714
2267,2026-08-09 13:12:53.734
2268,2026-08-09 13:12:53.754
2269,2026-08-09 13:12:53.774
2270,2026-08-09 13:12:53.794
2271,2026-08-09 13:12:53.814
2272,2026-08-09 13:12:53.864
2273,2026-08-09 13:12:53.894
2274,2026-08-09 13:12:53.914
2275,2026-08-09 13:12:53.934
2276,2026-08-09 13:12:53.954
2277,2026-08-09 13:12:53.974
2278,2026-08-09 13:12:53.994
2279,2026-08-09 13:12:54.014
2280,2026-08-09 13:12:54.034
2281,2026-08-09 13:12:54.084
2282,2026-08-09 13:12:54.114
2283,2026-08-09 13:12:54.134
2284,2026-08-09 13:12:54.154
2285,2026-08-09 13:12:54.174
2286,2026-08-09 13:12:54.194
2287,2026-08-09 13:12:54.214
2288,2026-08-09 13:12:54.234
2289,2026-08-09 13:12:54.254
2290,2026-08-09 13:12:54.304
2291,2026-08-09 13:12:54.334
2292,2026-08-09 13:12:54.354
2293,2026-08-09 13:12:54.374
2294,2026-08-09 13:12:54.394
2295,2026-08-09 13:12:54.414
2296,2026-08-09 13:12:54.434
2297,2026-08-09 13:12:54.454
2298,2026-08-09 13:12:54.474
2299,2026-08-09 13:12:54.606
2300,2026-08-09 13:12:54.634
2301,2026-08-09 13:12:54.654
2302,2026-08-09 13:12:54.674
2303,2026-08-09 13:12:54.694
2304,2026-08-09 13:12:54.714
2305,2026-08-09 13:12:54.734
2306,2026-08-09 13:12:54.754
2307,2026-08-09 13:12:54.774
2308,2026-08-09 13:12:54.824
2309,2026-08-09 13:12:54.854
2310,2026-08-09 13:12:54.874
2311,2026-08-09 13:12:54.894
2312,2026-08-09 13:12:54.914
2313,2026-08-09 13:12:54.934
2314,2026-08-09 13:12:54.954
2315,2026-08-09 13:12:54.974
2316,2026-08-09 13:12:54.994
2317,2026-08-09 13:12:55.044
2318,2026-08-09 13:12:55.074
2319,2026-08-09 13:12:55.094
2320,2026-08-09 13:12:55.114
2321,2026-08-09 13:12:55.134
2322,2026-08-09 13:12:55.154
2323,2026-08-09 13:12:55.174
2324,2026-08-09 13:12:55.194
2325,2026-08-09 13:12:55.214
2326,2026-08-09 13:12:55.794
2327,2026-08-09 13:12:55.811
2328,2026-08-09 13:12:55.831
2329,2026-08-09 13:12:55.871
2330,2026-08-09 13:12:55.974
2331,2026-08-09 13:12:55.991
2332,2026-08-09 13:12:56.233
2333,2026-08-09 13:12:56.271
2334,2026-08-09 13:12:56.291
2335,2026-08-09 13:12:57.285
2336,2026-08-09 13:12:57.363
2337,2026-08-09 13:12:57.383
2338,2026-08-09 13:12:57.403
2339,2026-08-09 13:12:58.143
2340,2026-08-09 13:12:58.160
2341,2026-08-09 13:12:58.180
2342,2026-08-09 13:12:58.200
2343,2026-08-09 13:12:58.220
2344,2026-08-09 13:12:58.342
2345,2026-08-09 13:12:58.360
2346,2026-08-09 13:12:58.380
2347,2026-08-09 13:12:58.380
2348,2026-08-09 13:12:59.074
2349,2026-08-09 13:12:59.092
2350,2026-08-09 13:12:59.112
2351,2026-08-09 13:12:59.132
2352,2026-08-09 13:12:59.262
2353,2026-08-09 13:12:59.394
2354,2026-08-09 13:12:59.502
2355,2026-08-09 13:13:00.191
2356,2026-08-09 13:13:00.209
2357,2026-08-09 13:13:00.229
2358,2026-08-09 13:13:00.249
2359,2026-08-09 13:13:00.269
2360,2026-08-09 13:13:00.289
2361,2026-08-09 13:13:00.392
2362,2026-08-09 13:13:00.409
2363,2026-08-09 13:13:00.449
2364,2026-08-09 13:13:00.594
2365,2026-08-09 13:13:01.324
2366,2026-08-09 13:13:01.402
2367,2026-08-09 13:13:01.422
2368,2026-08-09 13:13:01.482
2369,2026-08-09 13:13:04.342
2370,2026-08-09 13:13:04.359
2371,2026-08-09 13:13:04.379
2372,2026-08-09 13:13:04.399
2373,2026-08-09 13:13:04.419
2374,2026-08-09 13:13:04.439
2375,2026-08-09 13:13:04.479
2376,2026-08-09 13:13:04.559
2377,2026-08-09 13:13:04.619
2378,2026-08-09 13:13:05.005
2379,2026-08-09 13:13:05.181
2380,2026-08-09 13:13:05.239
2381,2026-08-09 13:13:05.501
2382,2026-08-09 13:13:05.519
2383,2026-08-09 13:13:05.539
2384,2026-08-09 13:13:05.579
2385,2026-08-09 13:13:05.702
2386,2026-08-09 13:13:05.821
2387,2026-08-09 13:13:06.557
2388,2026-08-09 13:13:06.574
2389,2026-08-09 13:13:06.762
2390,2026-08-09 13:13:06.814
2391,2026-08-09 13:13:07.631
2392,2026-08-09 13:13:07.651
2393,2026-08-09 13:13:07.671
2394,2026-08-09 13:13:07.691
2395,2026-08-09 13:13:07.711
2396,2026-08-09 13:13:07.853
2397,2026-08-09 13:13:07.871
2398,2026-08-09 13:13:07.891
2399,2026-08-09 13:13:07.911
2400,2026-08-09 13:13:08.116
2401,2026-08-09 13:13:08.171
2402,2026-08-09 13:13:08.726
2403,2026-08-09 13:13:08.746
2404,2026-08-09 13:13:08.766
2405,2026-08-09 13:13:08.786
2406,2026-08-09 13:13:08.806
2407,2026-08-09 13:13:08.826
2408,2026-08-09 13:13:09.048
2409,2026-08-09 13:13:09.145
2410,2026-08-09 13:13:09.186
2411,2026-08-09 13:13:09.267
2412,2026-08-09 13:13:10.345
2413,2026-08-09 13:13:10.363
2414,2026-08-09 13:13:19.828
2415,2026-08-09 13:13:19.846
2416,2026-08-09 13:13:19.906
2417,2026-08-09 13:13:20.009
2418,2026-08-09 13:13:20.026
2419,2026-08-09 13:13:20.046
2420,2026-08-09 13:13:20.268
2421,2026-08-09 13:13:20.979
2422,2026-08-09 13:13:21.017
2423,2026-08-09 13:13:21.037
2424,2026-08-09 13:13:21.117
2425,2026-08-09 13:13:21.239
2426,2026-08-09 13:13:22.761
2427,2026-08-09 13:13:22.781
2428,2026-08-09 13:13:22.801
2429,2026-08-09 13:13:22.821
2430,2026-08-09 13:13:22.841
2431,2026-08-09 13:13:22.861
2432,2026-08-09 13:13:23.994
2433,2026-08-09 13:13:23.995
2434,2026-08-09 13:13:24.032
2435,2026-08-09 13:13:24.052
2436,2026-08-09 13:13:24.072
2437,2026-08-09 13:13:24.754
2438,2026-08-09 13:13:24.771
2439,2026-08-09 13:13:24.791
2440,2026-08-09 13:13:24.961
2441,2026-08-09 13:13:25.031
2442,2026-08-09 13:13:25.153
2443,2026-08-09 13:13:25.964
2444,2026-08-09 13:13:25.981
2445,2026-08-09 13:13:26.061
2446,2026-08-09 13:13:26.223
2447,2026-08-09 13:13:26.281
2448,2026-08-09 13:13:26.341
2449,2026-08-09 13:13:26.961
2450,2026-08-09 13:13:26.979
2451,2026-08-09 13:13:26.999
2452,2026-08-09 13:13:27.019
2453,2026-08-09 13:13:27.039
2454,2026-08-09 13:13:27.099
2455,2026-08-09 13:13:27.179
2456,2026-08-09 13:13:27.279
2457,2026-08-09 13:13:27.379
2458,2026-08-09 13:13:28.312
2459,2026-08-09 13:13:28.330
2460,2026-08-09 13:13:28.370
2461,2026-08-09 13:13:28.390
2462,2026-08-09 13:13:42.168
2463,2026-08-09 13:13:42.212
2464,2026-08-09 13:13:42.272
2465,2026-08-09 13:13:49.630
2466,2026-08-09 13:13:49.647
2467,2026-08-09 13:13:49.667
2468,2026-08-09 13:13:49.687
2469,2026-08-09 13:13:49.829
2470,2026-08-09 13:13:50.049
2471,2026-08-09 13:13:50.107
2472,2026-08-09 13:13:50.330
2473,2026-08-09 13:13:50.449
2474,2026-08-09 13:13:50.549
2475,2026-08-09 13:13:50.607
2476,2026-08-09 13:13:50.647
2477,2026-08-09 13:13:50.667
2478,2026-08-09 13:13:50.727
2479,2026-08-09 13:13:50.747
2480,2026-08-09 13:13:50.850
2481,2026-08-09 13:13:50.907
2482,2026-08-09 13:13:50.927
2483,2026-08-09 13:13:51.071
2484,2026-08-09 13:13:51.127
2485,2026-08-09 13:13:51.329
2486,2026-08-09 13:13:51.449
2487,2026-08-09 13:13:51.467
2488,2026-08-09 13:13:51.507
2489,2026-08-09 13:13:51.547
2490,2026-08-09 13:13:51.627
2491,2026-08-09 13:13:51.647
2492,2026-08-09 13:13:52.191
2493,2026-08-09 13:13:52.247
2494,2026-08-09 13:13:52.267
2495,2026-08-09 13:13:52.287
2496,2026-08-09 13:13:52.367
2497,2026-08-09 13:13:52.407
2498,2026-08-09 13:13:52.467
2499,2026-08-09 13:13:52.527
2500,2026-08-09 13:13:52.587
2501,2026-08-09 13:13:52.689
2502,2026-08-09 13:13:52.689
2503,2026-08-09 13:13:52.809
2504,2026-08-09 13:14:03.985
2505,2026-08-09 13:14:04.003
2506,2026-08-09 13:14:04.225
2507,2026-08-09 13:14:04.263
2508,2026-08-09 13:14:04.323
2509,2026-08-09 13:14:04.343
2510,2026-08-09 13:14:04.383
2511,2026-08-09 13:14:04.403
2512,2026-08-09 13:14:04.423
2513,2026-08-09 13:14:04.599
2514,2026-08-09 13:14:04.643
2515,2026-08-09 13:14:04.663
2516,2026-08-09 13:14:04.723
2517,2026-08-09 13:14:04.763
2518,2026-08-09 13:14:04.783
2519,2026-08-09 13:14:04.843
2520,2026-08-09 13:14:04.923
2521,2026-08-09 13:14:04.943
2522,2026-08-09 13:14:05.059
2523,2026-08-09 13:14:05.720
2524,2026-08-09 13:14:05.738
2525,2026-08-09 13:14:05.758
2526,2026-08-09 13:14:05.778
2527,2026-08-09 13:14:05.798
2528,2026-08-09 13:14:05.817
2529,2026-08-09 13:14:05.837
2530,2026-08-09 13:14:06.000
2531,2026-08-09 13:14:06.097
2532,2026-08-09 13:14:06.179
2533,2026-08-09 13:14:08.054
2534,2026-08-09 13:14:08.071
2535,2026-08-09 13:14:08.091
2536,2026-08-09 13:14:08.111
2537,2026-08-09 13:14:08.151
2538,2026-08-09 13:14:08.322
2539,2026-08-09 13:14:08.351
2540,2026-08-09 13:14:08.371
2541,2026-08-09 13:14:09.012
2542,2026-08-09 13:14:09.030
2543,2026-08-09 13:14:09.050
2544,2026-08-09 13:14:09.070
2545,2026-08-09 13:14:09.090
2546,2026-08-09 13:14:09.110
2547,2026-08-09 13:14:09.178
2548,2026-08-09 13:14:09.250
2549,2026-08-09 13:14:10.127
2550,2026-08-09 13:14:10.144
2551,2026-08-09 13:14:10.164
2552,2026-08-09 13:14:10.185
2553,2026-08-09 13:14:10.205
2554,2026-08-09 13:14:10.225
2555,2026-08-09 13:14:10.265
2556,2026-08-09 13:14:10.284
2557,2026-08-09 13:14:10.324
2558,2026-08-09 13:14:10.469
2559,2026-08-09 13:14:10.470
2560,2026-08-09 13:14:10.471
2561,2026-08-09 13:14:10.484
2562,2026-08-09 13:14:10.505
2563,2026-08-09 13:14:10.565
2564,2026-08-09 13:14:10.584
2565,2026-08-09 13:14:10.644
2566,2026-08-09 13:14:11.646
2567,2026-08-09 13:14:11.663
2568,2026-08-09 13:14:11.683
2569,2026-08-09 13:14:11.703
2570,2026-08-09 13:14:11.723
2571,2026-08-09 13:14:11.743
2572,2026-08-09 13:14:45.988
2573,2026-08-09 13:14:46.048
2574,2026-08-09 13:14:46.088
2575,2026-08-09 13:14:46.148
2576,2026-08-09 13:14:46.168
2577,2026-08-09 13:14:46.208
2578,2026-08-09 13:14:58.270
2579,2026-08-09 13:14:58.348
2580,2026-08-09 13:14:58.368
2581,2026-08-09 13:14:58.428
2582,2026-08-09 13:15:11.823
2583,2026-08-09 13:15:11.880
2584,2026-08-09 13:15:11.920
2585,2026-08-09 13:15:11.941
2586,2026-08-09 13:15:12.160
2587,2026-08-09 13:15:17.359
2588,2026-08-09 13:15:17.377
2589,2026-08-09 13:15:17.436
2590,2026-08-09 13:15:17.477
2591,2026-08-09 13:15:17.496
2592,2026-08-09 13:15:17.719
2593,2026-08-09 13:15:17.757
2594,2026-08-09 13:15:17.979
2595,2026-08-09 13:15:18.037
2596,2026-08-09 13:15:18.090
2597,2026-08-09 13:15:18.116
2598,2026-08-09 13:15:18.137
2599,2026-08-09 13:15:18.157
2600,2026-08-09 13:15:18.217
2601,2026-08-09 13:15:18.237
2602,2026-08-09 13:15:18.277
2603,2026-08-09 13:15:18.337
2604,2026-08-09 13:15:18.397
2605,2026-08-09 13:15:18.556
2606,2026-08-09 13:15:18.677
2607,2026-08-09 13:15:18.717
2608,2026-08-09 13:15:18.859
2609,2026-08-09 13:15:18.916
2610,2026-08-09 13:15:18.977
2611,2026-08-09 13:15:19.079
2612,2026-08-09 13:15:19.199
2613,2026-08-09 13:15:19.257
2614,2026-08-09 13:15:19.373
2615,2026-08-09 13:15:19.397
2616,2026-08-09 13:15:19.457
2617,2026-08-09 13:15:19.517
2618,2026-08-09 13:15:19.576
2619,2026-08-09 13:15:19.597
2620,2026-08-09 13:15:19.657
2621,2026-08-09 13:15:19.737
2622,2026-08-09 13:15:19.817
2623,2026-08-09 13:15:19.953
2624,2026-08-09 13:15:19.976
2625,2026-08-09 13:15:21.528
2626,2026-08-09 13:15:36.463
2627,2026-08-09 13:15:36.683
2628,2026-08-09 13:15:36.701
2629,2026-08-09 13:15:36.761
2630,2026-08-09 13:15:36.821
2631,2026-08-09 13:15:36.901
2632,2026-08-09 13:15:36.941
2633,2026-08-09 13:15:37.041
2634,2026-08-09 13:15:37.183
2635,2026-08-09 13:15:37.317
2636,2026-08-09 13:15:37.503
2637,2026-08-09 13:15:37.541
2638,2026-08-09 13:15:37.601
2639,2026-08-09 13:15:37.641
2640,2026-08-09 13:15:37.701
2641,2026-08-09 13:15:37.721
2642,2026-08-09 13:15:37.781
2643,2026-08-09 13:15:37.963
2644,2026-08-09 13:15:38.097
2645,2026-08-09 13:15:38.121
2646,2026-08-09 13:15:38.221
2647,2026-08-09 13:15:38.261
2648,2026-08-09 13:15:38.423
2649,2026-08-09 13:15:38.461
2650,2026-08-09 13:15:57.621
2651,2026-08-09 13:15:57.741
2652,2026-08-09 13:15:57.961
2653,2026-08-09 13:15:57.999
2654,2026-08-09 13:15:58.656
2655,2026-08-09 13:15:58.673
2656,2026-08-09 13:15:58.694
2657,2026-08-09 13:15:58.713
2658,2026-08-09 13:15:58.824
2659,2026-08-09 13:15:58.894
2660,2026-08-09 13:15:58.953
2661,2026-08-09 13:15:58.993
2662,2026-08-09 13:15:59.136
2663,2026-08-09 13:15:59.275
2664,2026-08-09 13:15:59.353
2665,2026-08-09 13:16:01.075
2666,2026-08-09 13:16:01.092
2667,2026-08-09 13:16:01.112
2668,2026-08-09 13:16:01.132
2669,2026-08-09 13:16:01.152
2670,2026-08-09 13:16:01.200
2671,2026-08-09 13:16:05.635
2672,2026-08-09 13:16:05.652
2673,2026-08-09 13:16:05.672
2674,2026-08-09 13:16:05.692
2675,2026-08-09 13:16:05.712
2676,2026-08-09 13:16:05.760
2677,2026-08-09 13:16:05.792
2678,2026-08-09 13:16:05.833
2679,2026-08-09 13:16:05.872
2680,2026-08-09 13:16:05.978
2681,2026-08-09 13:16:06.052
2682,2026-08-09 13:16:06.132
2683,2026-08-09 13:16:06.172
2684,2026-08-09 13:16:06.213
2685,2026-08-09 13:16:06.355
2686,2026-08-09 13:16:06.412
2687,2026-08-09 13:16:06.515
2688,2026-08-09 13:16:06.532
2689,2026-08-09 13:16:06.795
2690,2026-08-09 13:16:06.812
2691,2026-08-09 13:16:06.872
2692,2026-08-09 13:16:06.892
2693,2026-08-09 13:16:06.932
2694,2026-08-09 13:16:06.992
2695,2026-08-09 13:16:07.032
2696,2026-08-09 13:16:07.052
2697,2026-08-09 13:16:07.072
2698,2026-08-09 13:16:07.258
2699,2026-08-09 13:16:07.312
2700,2026-08-09 13:16:07.352
2701,2026-08-09 13:16:07.455
2702,2026-08-09 13:16:07.533
2703,2026-08-09 13:16:07.553
2704,2026-08-09 13:16:07.573
2705,2026-08-09 13:16:07.592
2706,2026-08-09 13:16:07.652
2707,2026-08-09 13:16:17.857
2708,2026-08-09 13:16:17.875
2709,2026-08-09 13:16:18.097
2710,2026-08-09 13:17:33.544
2711,2026-08-09 13:18:17.736
2712,2026-08-09 13:18:19.418
2713,2026-08-09 13:18:19.435
2714,2026-08-09 13:18:19.455
2715,2026-08-09 13:18:19.475
2716,2026-08-09 13:18:19.495
2717,2026-08-09 13:18:21.113
2718,2026-08-09 13:18:21.130
2719,2026-08-09 13:18:21.150
2720,2026-08-09 13:18:21.170
2721,2026-08-09 13:18:21.190
2722,2026-08-09 13:18:22.871
2723,2026-08-09 13:18:22.889
2724,2026-08-09 13:18:22.909
2725,2026-08-09 13:18:22.929
2726,2026-08-09 13:18:22.949
2727,2026-08-09 13:18:22.969
2728,2026-08-09 13:18:24.006
2729,2026-08-09 13:18:24.024
2730,2026-08-09 13:18:24.044
2731,2026-08-09 13:18:24.064
2732,2026-08-09 13:18:24.084
2733,2026-08-09 13:18:24.104
2734,2026-08-09 13:18:34.676
2735,2026-08-09 13:18:34.676
2736,2026-08-09 13:18:34.693
2737,2026-08-09 13:18:42.008
2738,2026-08-09 13:18:42.032
2739,2026-08-09 13:18:42.052
2740,2026-08-09 13:18:42.072
2741,2026-08-09 13:18:42.092
2742,2026-08-09 13:18:42.112
2743,2026-08-09 13:18:42.132
2744,2026-08-09 13:18:42.152
2745,2026-08-09 13:18:42.172
2746,2026-08-09 13:18:42.222
2747,2026-08-09 13:18:42.252
2748,2026-08-09 13:18:42.272
2749,2026-08-09 13:18:42.292
2750,2026-08-09 13:18:42.312
2751,2026-08-09 13:18:42.332
2752,2026-08-09 13:18:42.352
2753,2026-08-09 13:18:42.372
2754,2026-08-09 13:18:42.392
2755,2026-08-09 13:18:42.504
2756,2026-08-09 13:18:42.532
2757,2026-08-09 13:18:42.552
2758,2026-08-09 13:18:42.572
2759,2026-08-09 13:18:42.592
2760,2026-08-09 13:18:42.612
2761,2026-08-09 13:18:42.632
2762,2026-08-09 13:18:42.652
2763,2026-08-09 13:18:42.672
2764,2026-08-09 13:18:42.722
2765,2026-08-09 13:18:42.752
2766,2026-08-09 13:18:42.772
2767,2026-08-09 13:18:42.792
2768,2026-08-09 13:18:42.812
2769,2026-08-09 13:18:42.832
2770,2026-08-09 13:18:42.852
2771,2026-08-09 13:18:42.872
2772,2026-08-09 13:18:42.892
2773,2026-08-09 13:18:42.942
2774,2026-08-09 13:18:42.972
2775,2026-08-09 13:18:42.992
2776,2026-08-09 13:18:43.012
2777,2026-08-09 13:18:43.032
2778,2026-08-09 13:18:43.052
2779,2026-08-09 13:18:43.072
2780,2026-08-09 13:18:43.092
2781,2026-08-09 13:18:43.112
2782,2026-08-09 13:18:43.244
2783,2026-08-09 13:18:43.272
2784,2026-08-09 13:18:43.292
2785,2026-08-09 13:18:43.312
2786,2026-08-09 13:18:43.332
2787,2026-08-09 13:18:43.352
2788,2026-08-09 13:18:43.372
2789,2026-08-09 13:18:43.392
2790,2026-08-09 13:18:43.412
2791,2026-08-09 13:18:43.542
2792,2026-08-09 13:18:43.572
2793,2026-08-09 13:18:43.592
2794,2026-08-09 13:18:43.612
2795,2026-08-09 13:18:43.632
2796,2026-08-09 13:18:43.652
2797,2026-08-09 13:18:43.672
2798,2026-08-09 13:18:43.692
2799,2026-08-09 13:18:43.712
2800,2026-08-09 13:18:43.844
2801,2026-08-09 13:18:43.872
2802,2026-08-09 13:18:43.892
2803,2026-08-09 13:18:43.912
2804,2026-08-09 13:18:43.932
2805,2026-08-09 13:18:43.952
2806,2026-08-09 13:18:43.972
2807,2026-08-09 13:18:43.992
2808,2026-08-09 13:18:44.012
2809,2026-08-09 13:18:44.062
2810,2026-08-09 13:18:44.092
2811,2026-08-09 13:18:44.112
2812,2026-08-09 13:18:44.132
2813,2026-08-09 13:18:44.152
2814,2026-08-09 13:18:44.172
2815,2026-08-09 13:18:44.192
2816,2026-08-09 13:18:44.212
2817,2026-08-09 13:18:44.232
2818,2026-08-09 13:18:44.282
2819,2026-08-09 13:18:44.312
2820,2026-08-09 13:18:44.332
2821,2026-08-09 13:18:44.352
2822,2026-08-09 13:18:44.372
2823,2026-08-09 13:18:44.392
2824,2026-08-09 13:18:44.412
2825,2026-08-09 13:18:44.432
2826,2026-08-09 13:18:44.452
2827,2026-08-09 13:18:44.502
2828,2026-08-09 13:18:44.532
2829,2026-08-09 13:18:44.552
2830,2026-08-09 13:18:44.572
2831,2026-08-09 13:18:44.592
2832,2026-08-09 13:18:44.612
2833,2026-08-09 13:18:44.632
2834,2026-08-09 13:18:44.652
2835,2026-08-09 13:18:44.672
2836,2026-08-09 13:18:44.804
2837,2026-08-09 13:18:44.832
2838,2026-08-09 13:18:44.852
2839,2026-08-09 13:18:44.872
2840,2026-08-09 13:18:44.892
2841,2026-08-09 13:19:11.446
2842,2026-08-09 13:19:11.447
2843,2026-08-09 13:19:27.066
2844,2026-08-09 13:19:27.067
2845,2026-08-09 13:19:27.286
2846,2026-08-09 13:19:29.084
2847,2026-08-09 13:19:45.960
2848,2026-08-09 13:19:45.982
2849,2026-08-09 13:19:46.002
2850,2026-08-09 13:19:46.022
2851,2026-08-09 13:19:46.042
2852,2026-08-09 13:19:46.062
2853,2026-08-09 13:19:46.082
2854,2026-08-09 13:19:46.102
2855,2026-08-09 13:19:46.122
2856,2026-08-09 13:19:46.172
2857,2026-08-09 13:19:46.202
2858,2026-08-09 13:19:46.227
2859,2026-08-09 13:19:47.003
2860,2026-08-09 13:19:48.358
2861,2026-08-09 13:19:48.376
2862,2026-08-09 13:19:48.396
2863,2026-08-09 13:19:49.597
2864,2026-08-09 13:19:49.615
2865,2026-08-09 13:19:49.635
2866,2026-08-09 13:19:51.412
2867,2026-08-09 13:19:51.413
2868,2026-08-09 13:19:51.430
2869,2026-08-09 13:19:53.111
2870,2026-08-09 13:19:53.128
2871,2026-08-09 13:19:53.148
2872,2026-08-09 13:20:10.752
2873,2026-08-09 13:20:10.777
2874,2026-08-09 13:20:10.798
2875,2026-08-09 13:20:10.817
2876,2026-08-09 13:20:10.838
2877,2026-08-09 13:20:10.857
2878,2026-08-09 13:20:10.877
2879,2026-08-09 13:20:10.897
2880,2026-08-09 13:20:10.917
2881,2026-08-09 13:20:10.967
2882,2026-08-09 13:20:10.997
2883,2026-08-09 13:20:11.017
2884,2026-08-09 13:20:11.038
2885,2026-08-09 13:20:11.057
2886,2026-08-09 13:20:11.078
2887,2026-08-09 13:20:11.097
2888,2026-08-09 13:20:11.098
2889,2026-08-09 13:20:11.117
2890,2026-08-09 13:20:11.167
2891,2026-08-09 13:20:11.197
2892,2026-08-09 13:20:11.217
2893,2026-08-09 13:20:11.237
2894,2026-08-09 13:20:11.257
2895,2026-08-09 13:20:11.277
2896,2026-08-09 13:20:11.297
2897,2026-08-09 13:20:11.317
2898,2026-08-09 13:20:11.337
2899,2026-08-09 13:20:11.387
2900,2026-08-09 13:20:11.417
2901,2026-08-09 13:20:11.437
2902,2026-08-09 13:20:11.458
2903,2026-08-09 13:20:11.478
2904,2026-08-09 13:20:11.498
2905,2026-08-09 13:20:11.518
2906,2026-08-09 13:20:11.537
2907,2026-08-09 13:20:11.557
2908,2026-08-09 13:20:11.607
2909,2026-08-09 13:20:11.637
2910,2026-08-09 13:20:11.657
2911,2026-08-09 13:20:11.677
2912,2026-08-09 13:20:11.697
2913,2026-08-09 13:20:11.718
2914,2026-08-09 13:20:11.737
2915,2026-08-09 13:20:11.758
2916,2026-08-09 13:20:11.778
2917,2026-08-09 13:20:11.827
2918,2026-08-09 13:20:11.858
2919,2026-08-09 13:20:11.877
2920,2026-08-09 13:20:11.897
2921,2026-08-09 13:20:11.917
2922,2026-08-09 13:20:11.937
2923,2026-08-09 13:20:11.957
2924,2026-08-09 13:20:11.977
2925,2026-08-09 13:20:11.997
2926,2026-08-09 13:20:13.697
2927,2026-08-09 13:20:45.144
2928,2026-08-09 13:20:45.167
2929,2026-08-09 13:20:45.187
2930,2026-08-09 13:20:45.207
2931,2026-08-09 13:20:45.227
2932,2026-08-09 13:20:45.247
2933,2026-08-09 13:20:45.267
2934,2026-08-09 13:20:45.287
2935,2026-08-09 13:20:45.307
2936,2026-08-09 13:20:45.361
2937,2026-08-09 13:20:45.387
2938,2026-08-09 13:20:45.407
2939,2026-08-09 13:20:45.427
2940,2026-08-09 13:20:45.447
2941,2026-08-09 13:20:45.467
2942,2026-08-09 13:20:45.487
2943,2026-08-09 13:20:45.507
2944,2026-08-09 13:20:45.527
2945,2026-08-09 13:20:45.663
2946,2026-08-09 13:20:45.687
2947,2026-08-09 13:20:45.707
2948,2026-08-09 13:20:45.727
2949,2026-08-09 13:20:45.747
2950,2026-08-09 13:20:45.767
2951,2026-08-09 13:20:45.787
2952,2026-08-09 13:20:45.807
2953,2026-08-09 13:20:45.827
2954,2026-08-09 13:20:45.881
2955,2026-08-09 13:20:45.907
2956,2026-08-09 13:20:45.927
2957,2026-08-09 13:20:45.947
2958,2026-08-09 13:20:45.967
2959,2026-08-09 13:20:45.987
2960,2026-08-09 13:20:46.007
2961,2026-08-09 13:20:46.027
2962,2026-08-09 13:20:46.047
2963,2026-08-09 13:20:46.101
2964,2026-08-09 13:20:46.127
2965,2026-08-09 13:20:46.147
2966,2026-08-09 13:20:46.167
2967,2026-08-09 13:20:46.187
2968,2026-08-09 13:20:46.207
2969,2026-08-09 13:20:46.227
2970,2026-08-09 13:20:46.247
2971,2026-08-09 13:20:46.267
2972,2026-08-09 13:20:46.463
2973,2026-08-09 13:20:46.487
2974,2026-08-09 13:20:46.507
2975,2026-08-09 13:20:46.527
2976,2026-08-09 13:20:46.547
2977,2026-08-09 13:20:46.567
2978,2026-08-09 13:20:46.587
2979,2026-08-09 13:20:46.607
2980,2026-08-09 13:20:46.627
2981,2026-08-09 13:20:46.681
2982,2026-08-09 13:20:46.707
2983,2026-08-09 13:20:46.727
2984,2026-08-09 13:20:46.747
2985,2026-08-09 13:20:46.767
2986,2026-08-09 13:20:46.787
2987,2026-08-09 13:20:46.807
2988,2026-08-09 13:20:46.827
2989,2026-08-09 13:20:46.847
2990,2026-08-09 13:20:46.901
2991,2026-08-09 13:20:46.927
2992,2026-08-09 13:20:46.947
2993,2026-08-09 13:20:46.967
2994,2026-08-09 13:20:46.987
2995,2026-08-09 13:20:47.007
2996,2026-08-09 13:20:47.027
2997,2026-08-09 13:20:47.027
2998,2026-08-09 13:20:47.047
2999,2026-08-09 13:20:47.101
3000,2026-08-09 13:20:47.127
3001,2026-08-09 13:20:47.147
3002,2026-08-09 13:20:47.167
3003,2026-08-09 13:20:47.187
3004,2026-08-09 13:20:47.207
3005,2026-08-09 13:20:47.227
3006,2026-08-09 13:20:47.247
3007,2026-08-09 13:20:47.267
3008,2026-08-09 13:20:47.321
3009,2026-08-09 13:20:47.347
3010,2026-08-09 13:20:47.367
3011,2026-08-09 13:20:47.387
3012,2026-08-09 13:20:47.407
3013,2026-08-09 13:20:47.427
3014,2026-08-09 13:20:47.447
3015,2026-08-09 13:20:47.467
3016,2026-08-09 13:20:47.487
3017,2026-08-09 13:20:47.623
3018,2026-08-09 13:20:47.647
3019,2026-08-09 13:20:47.667
3020,2026-08-09 13:20:47.687
3021,2026-08-09 13:20:47.707
3022,2026-08-09 13:20:47.727
3023,2026-08-09 13:20:47.747
3024,2026-08-09 13:20:47.767
3025,2026-08-09 13:20:47.787
3026,2026-08-09 13:20:47.963
3027,2026-08-09 13:20:47.987
3028,2026-08-09 13:20:48.007
3029,2026-08-09 13:20:48.027
3030,2026-08-09 13:20:48.047
3031,2026-08-09 13:20:48.067
3032,2026-08-09 13:20:48.087
3033,2026-08-09 13:20:48.107
3034,2026-08-09 13:20:48.127
3035,2026-08-09 13:20:48.181
3036,2026-08-09 13:20:48.207
3037,2026-08-09 13:20:48.227
3038,2026-08-09 13:20:48.247
3039,2026-08-09 13:20:48.267
3040,2026-08-09 13:20:48.287
3041,2026-08-09 13:20:48.307
3042,2026-08-09 13:20:48.327
3043,2026-08-09 13:20:48.347
3044,2026-08-09 13:20:48.481
3045,2026-08-09 13:20:48.507
3046,2026-08-09 13:20:48.527
3047,2026-08-09 13:20:48.547
3048,2026-08-09 13:20:48.567
3049,2026-08-09 13:20:48.587
3050,2026-08-09 13:20:48.607
3051,2026-08-09 13:20:48.627
3052,2026-08-09 13:20:48.647
3053,2026-08-09 13:20:48.701
3054,2026-08-09 13:20:48.742
3055,2026-08-09 13:20:49.347
3056,2026-08-09 13:20:49.364
3057,2026-08-09 13:20:51.199
3058,2026-08-09 13:20:52.876
3059,2026-08-09 13:20:52.893
3060,2026-08-09 13:21:25.074
3061,2026-08-09 13:21:25.091
3062,2026-08-09 13:21:25.111
3063,2026-08-09 13:21:25.131
3064,2026-08-09 13:21:25.151
3065,2026-08-09 13:21:25.171
3066,2026-08-09 13:21:25.191
3067,2026-08-09 13:21:25.211
3068,2026-08-09 13:21:25.231
3069,2026-08-09 13:21:25.281
3070,2026-08-09 13:21:25.311
3071,2026-08-09 13:21:25.331
3072,2026-08-09 13:21:25.351
3073,2026-08-09 13:21:25.371
3074,2026-08-09 13:21:25.391
3075,2026-08-09 13:21:25.411
3076,2026-08-09 13:21:25.431
3077,2026-08-09 13:21:25.451
3078,2026-08-09 13:21:25.501
3079,2026-08-09 13:21:25.531
3080,2026-08-09 13:21:25.551
3081,2026-08-09 13:21:25.571
3082,2026-08-09 13:21:25.591
3083,2026-08-09 13:21:25.611
3084,2026-08-09 13:21:25.631
3085,2026-08-09 13:21:25.651
3086,2026-08-09 13:21:25.671
3087,2026-08-09 13:21:25.721
3088,2026-08-09 13:21:25.751
3089,2026-08-09 13:21:25.771
3090,2026-08-09 13:21:25.791
3091,2026-08-09 13:21:25.811
3092,2026-08-09 13:21:25.831
3093,2026-08-09 13:21:25.851
3094,2026-08-09 13:21:25.871
3095,2026-08-09 13:21:25.891
3096,2026-08-09 13:21:25.941
3097,2026-08-09 13:21:25.971
3098,2026-08-09 13:21:25.991
3099,2026-08-09 13:21:26.011
3100,2026-08-09 13:21:26.031
3101,2026-08-09 13:21:26.051
3102,2026-08-09 13:21:26.071
3103,2026-08-09 13:21:26.091
3104,2026-08-09 13:21:26.111
3105,2026-08-09 13:21:26.161
3106,2026-08-09 13:21:26.191
3107,2026-08-09 13:21:26.211
3108,2026-08-09 13:21:26.231
3109,2026-08-09 13:21:26.251
3110,2026-08-09 13:21:26.271
3111,2026-08-09 13:21:26.291
3112,2026-08-09 13:21:26.311
3113,2026-08-09 13:21:26.331
3114,2026-08-09 13:21:30.764
3115,2026-08-09 13:21:30.764
3116,2026-08-09 13:21:46.648
3117,2026-08-09 13:21:46.670
3118,2026-08-09 13:21:46.690
3119,2026-08-09 13:21:46.710
3120,2026-08-09 13:21:46.730
3121,2026-08-09 13:21:46.750
3122,2026-08-09 13:21:46.770
3123,2026-08-09 13:21:46.790
3124,2026-08-09 13:21:47.371
3125,2026-08-09 13:21:47.389
3126,2026-08-09 13:21:48.946
3127,2026-08-09 13:22:26.034
3128,2026-08-09 13:22:26.035
3129,2026-08-09 13:22:27.187
3130,2026-08-09 13:22:27.307
3131,2026-08-09 13:22:27.587
3132,2026-08-09 13:22:27.707
3133,2026-08-09 13:22:39.946
3134,2026-08-09 13:22:39.946
3135,2026-08-09 13:22:40.165
3136,2026-08-09 13:22:41.937
3137,2026-08-09 13:22:49.872
3138,2026-08-09 13:22:49.873
3139,2026-08-09 13:22:49.892
3140,2026-08-09 13:23:09.194
3141,2026-08-09 13:23:09.212
3142,2026-08-09 13:23:24.054
3143,2026-08-09 13:23:24.055
3144,2026-08-09 13:23:24.072
3145,2026-08-09 13:23:29.710
3146,2026-08-09 13:23:29.711
3147,2026-08-09 13:23:29.728
3148,2026-08-09 13:23:39.466
3149,2026-08-09 13:23:39.484
3150,2026-08-09 13:23:39.504
3151,2026-08-09 13:23:39.524
3152,2026-08-09 13:24:24.880
3153,2026-08-09 13:24:24.902
3154,2026-08-09 13:24:24.922
3155,2026-08-09 13:24:24.942
3156,2026-08-09 13:24:24.962
3157,2026-08-09 13:24:24.982
3158,2026-08-09 13:24:25.002
3159,2026-08-09 13:24:25.022
3160,2026-08-09 13:24:25.042
3161,2026-08-09 13:24:25.094
3162,2026-08-09 13:24:25.122
3163,2026-08-09 13:24:25.142
3164,2026-08-09 13:24:25.162
3165,2026-08-09 13:24:25.182
3166,2026-08-09 13:24:25.202
3167,2026-08-09 13:24:25.222
3168,2026-08-09 13:24:25.242
3169,2026-08-09 13:24:25.262
3170,2026-08-09 13:24:25.314
3171,2026-08-09 13:24:25.342
3172,2026-08-09 13:24:25.342
3173,2026-08-09 13:24:25.362
3174,2026-08-09 13:24:25.382
3175,2026-08-09 13:24:25.402
3176,2026-08-09 13:24:25.422
3177,2026-08-09 13:24:25.442
3178,2026-08-09 13:24:25.462
3179,2026-08-09 13:24:25.515
3180,2026-08-09 13:24:25.542
3181,2026-08-09 13:24:25.562
3182,2026-08-09 13:24:25.582
3183,2026-08-09 13:24:25.602
3184,2026-08-09 13:24:25.622
3185,2026-08-09 13:24:25.642
3186,2026-08-09 13:24:25.662
3187,2026-08-09 13:24:25.682
3188,2026-08-09 13:24:25.736
3189,2026-08-09 13:24:25.762
3190,2026-08-09 13:24:25.782
3191,2026-08-09 13:24:25.802
3192,2026-08-09 13:24:25.822
3193,2026-08-09 13:24:25.842
3194,2026-08-09 13:24:25.862
3195,2026-08-09 13:24:25.882
3196,2026-08-09 13:24:25.902
3197,2026-08-09 13:24:25.956
3198,2026-08-09 13:24:25.982
3199,2026-08-09 13:24:26.002
3200,2026-08-09 13:24:26.022
3201,2026-08-09 13:24:26.042
3202,2026-08-09 13:24:26.062
3203,2026-08-09 13:24:26.082
3204,2026-08-09 13:24:26.102
3205,2026-08-09 13:24:26.122
3206,2026-08-09 13:24:26.176
3207,2026-08-09 13:24:26.202
3208,2026-08-09 13:24:26.222
3209,2026-08-09 13:24:26.242
3210,2026-08-09 13:24:26.262
3211,2026-08-09 13:24:26.282
3212,2026-08-09 13:24:26.302
3213,2026-08-09 13:24:26.322
3214,2026-08-09 13:24:26.342
3215,2026-08-09 13:24:26.396
3216,2026-08-09 13:24:26.422
3217,2026-08-09 13:24:26.442
3218,2026-08-09 13:24:26.462
3219,2026-08-09 13:24:26.483
3220,2026-08-09 13:24:26.502
3221,2026-08-09 13:24:26.522
3222,2026-08-09 13:24:26.542
3223,2026-08-09 13:24:26.562
3224,2026-08-09 13:24:26.616
3225,2026-08-09 13:24:26.642
3226,2026-08-09 13:24:26.662
3227,2026-08-09 13:24:26.682
3228,2026-08-09 13:24:26.702
3229,2026-08-09 13:24:26.722
3230,2026-08-09 13:24:26.742
3231,2026-08-09 13:24:26.762
3232,2026-08-09 13:24:26.782
3233,2026-08-09 13:24:26.918
3234,2026-08-09 13:24:26.942
3235,2026-08-09 13:24:26.962
3236,2026-08-09 13:24:26.982
3237,2026-08-09 13:24:27.002
3238,2026-08-09 13:24:27.022
3239,2026-08-09 13:24:27.042
3240,2026-08-09 13:24:27.062
3241,2026-08-09 13:24:27.082
3242,2026-08-09 13:24:56.997
3243,2026-08-09 13:24:57.014
3244,2026-08-09 13:24:57.034
3245,2026-08-09 13:24:57.054
3246,2026-08-09 13:24:57.074
3247,2026-08-09 13:24:57.094
3248,2026-08-09 13:24:57.114
3249,2026-08-09 13:24:57.134
3250,2026-08-09 13:24:57.154
3251,2026-08-09 13:24:57.287
3252,2026-08-09 13:24:57.314
3253,2026-08-09 13:24:57.334
3254,2026-08-09 13:24:57.354
3255,2026-08-09 13:24:57.374
3256,2026-08-09 13:24:57.394
3257,2026-08-09 13:24:57.414
3258,2026-08-09 13:24:57.434
3259,2026-08-09 13:24:57.454
3260,2026-08-09 13:24:57.586
3261,2026-08-09 13:24:57.614
3262,2026-08-09 13:24:57.634
3263,2026-08-09 13:24:57.654
3264,2026-08-09 13:24:57.674
3265,2026-08-09 13:24:57.694
3266,2026-08-09 13:24:57.714
3267,2026-08-09 13:24:57.734
3268,2026-08-09 13:24:57.754
3269,2026-08-09 13:24:57.804
3270,2026-08-09 13:24:57.834
3271,2026-08-09 13:24:57.854
3272,2026-08-09 13:24:57.874
3273,2026-08-09 13:24:57.894
3274,2026-08-09 13:24:57.914
3275,2026-08-09 13:24:57.934
3276,2026-08-09 13:24:57.954
3277,2026-08-09 13:24:57.974
3278,2026-08-09 13:24:58.024
3279,2026-08-09 13:24:58.054
3280,2026-08-09 13:24:58.074
3281,2026-08-09 13:24:58.094
3282,2026-08-09 13:24:58.114
3283,2026-08-09 13:24:58.134
3284,2026-08-09 13:24:58.154
3285,2026-08-09 13:24:58.174
3286,2026-08-09 13:24:58.194
3287,2026-08-09 13:24:58.244
3288,2026-08-09 13:24:58.274
3289,2026-08-09 13:24:58.294
3290,2026-08-09 13:24:58.314
3291,2026-08-09 13:24:58.334
3292,2026-08-09 13:24:58.354
3293,2026-08-09 13:24:58.374
3294,2026-08-09 13:24:58.394
3295,2026-08-09 13:24:58.414
3296,2026-08-09 13:24:58.546
3297,2026-08-09 13:24:58.574
3298,2026-08-09 13:24:58.594
3299,2026-08-09 13:24:58.614
3300,2026-08-09 13:24:58.634
3301,2026-08-09 13:24:58.654
3302,2026-08-09 13:24:58.674
3303,2026-08-09 13:24:58.694
3304,2026-08-09 13:24:58.714
3305,2026-08-09 13:24:58.846
3306,2026-08-09 13:24:58.874
3307,2026-08-09 13:24:58.894
3308,2026-08-09 13:24:58.914
3309,2026-08-09 13:24:58.934
3310,2026-08-09 13:24:58.954
3311,2026-08-09 13:24:58.974
3312,2026-08-09 13:24:58.994
3313,2026-08-09 13:24:59.014
3314,2026-08-09 13:24:59.064
3315,2026-08-09 13:24:59.094
3316,2026-08-09 13:24:59.114
3317,2026-08-09 13:24:59.134
3318,2026-08-09 13:24:59.154
3319,2026-08-09 13:24:59.174
3320,2026-08-09 13:24:59.194
3321,2026-08-09 13:24:59.214
3322,2026-08-09 13:24:59.234
3323,2026-08-09 13:24:59.284
3324,2026-08-09 13:24:59.314
3325,2026-08-09 13:24:59.334
3326,2026-08-09 13:24:59.354
3327,2026-08-09 13:24:59.374
3328,2026-08-09 13:24:59.394
3329,2026-08-09 13:24:59.414
3330,2026-08-09 13:24:59.434
3331,2026-08-09 13:24:59.454
3332,2026-08-09 13:24:59.504
3333,2026-08-09 13:24:59.534
3334,2026-08-09 13:24:59.554
3335,2026-08-09 13:24:59.574
3336,2026-08-09 13:24:59.594
3337,2026-08-09 13:24:59.614
3338,2026-08-09 13:24:59.634
3339,2026-08-09 13:24:59.654
3340,2026-08-09 13:24:59.674
3341,2026-08-09 13:24:59.724
3342,2026-08-09 13:24:59.754
3343,2026-08-09 13:24:59.774
3344,2026-08-09 13:24:59.794
3345,2026-08-09 13:24:59.814
3346,2026-08-09 13:24:59.834
3347,2026-08-09 13:24:59.854
3348,2026-08-09 13:24:59.874
3349,2026-08-09 13:24:59.894
3350,2026-08-09 13:24:59.944
3351,2026-08-09 13:24:59.974
3352,2026-08-09 13:24:59.994
3353,2026-08-09 13:25:00.014
3354,2026-08-09 13:25:00.034
3355,2026-08-09 13:25:00.054
3356,2026-08-09 13:25:00.074
3357,2026-08-09 13:25:00.094
3358,2026-08-09 13:25:00.114
3359,2026-08-09 13:25:00.164
3360,2026-08-09 13:25:00.194
3361,2026-08-09 13:25:00.214
3362,2026-08-09 13:25:00.234
3363,2026-08-09 13:25:00.254
3364,2026-08-09 13:25:00.274
3365,2026-08-09 13:25:00.294
3366,2026-08-09 13:25:00.314
3367,2026-08-09 13:25:00.334
3368,2026-08-09 13:25:00.466
3369,2026-08-09 13:25:00.716
3370,2026-08-09 13:25:19.688
3371,2026-08-09 13:25:19.710
3372,2026-08-09 13:25:19.730
3373,2026-08-09 13:25:19.750
3374,2026-08-09 13:25:19.770
3375,2026-08-09 13:25:19.790
3376,2026-08-09 13:25:19.810
3377,2026-08-09 13:25:19.830
3378,2026-08-09 13:25:19.850
3379,2026-08-09 13:25:19.900
3380,2026-08-09 13:25:19.930
3381,2026-08-09 13:25:19.950
3382,2026-08-09 13:25:19.970
3383,2026-08-09 13:25:19.990
3384,2026-08-09 13:25:20.010
3385,2026-08-09 13:25:20.030
3386,2026-08-09 13:25:20.050
3387,2026-08-09 13:25:20.050
3388,2026-08-09 13:25:20.100
3389,2026-08-09 13:25:20.130
3390,2026-08-09 13:25:20.150
3391,2026-08-09 13:25:20.170
3392,2026-08-09 13:25:20.190
3393,2026-08-09 13:25:20.210
3394,2026-08-09 13:25:20.230
3395,2026-08-09 13:25:20.250
3396,2026-08-09 13:25:20.270
3397,2026-08-09 13:25:20.319
3398,2026-08-09 13:25:20.350
3399,2026-08-09 13:25:20.370
3400,2026-08-09 13:25:20.390
3401,2026-08-09 13:25:20.410
3402,2026-08-09 13:25:20.430
3403,2026-08-09 13:25:20.450
3404,2026-08-09 13:25:20.470
3405,2026-08-09 13:25:20.490
3406,2026-08-09 13:25:20.539
3407,2026-08-09 13:25:20.570
3408,2026-08-09 13:25:20.590
3409,2026-08-09 13:25:20.610
3410,2026-08-09 13:25:20.832
3411,2026-08-09 13:25:21.072
3412,2026-08-09 13:25:21.292
3413,2026-08-09 13:25:21.512
3414,2026-08-09 13:25:23.794
3415,2026-08-09 13:25:24.014
3416,2026-08-09 13:25:24.234
3417,2026-08-09 13:25:58.277
3418,2026-08-09 13:25:58.302
3419,2026-08-09 13:25:58.322
3420,2026-08-09 13:25:58.342
3421,2026-08-09 13:25:58.362
3422,2026-08-09 13:25:58.382
3423,2026-08-09 13:25:58.402
3424,2026-08-09 13:25:58.422
3425,2026-08-09 13:25:58.442
3426,2026-08-09 13:25:58.496
3427,2026-08-09 13:25:58.522
3428,2026-08-09 13:25:58.542
3429,2026-08-09 13:25:58.562
3430,2026-08-09 13:25:58.582
3431,2026-08-09 13:25:58.602
3432,2026-08-09 13:25:58.602
3433,2026-08-09 13:25:58.622
3434,2026-08-09 13:25:58.642
3435,2026-08-09 13:25:58.676
3436,2026-08-09 13:25:58.702
3437,2026-08-09 13:25:58.722
3438,2026-08-09 13:25:58.742
3439,2026-08-09 13:25:58.762
3440,2026-08-09 13:25:58.782
3441,2026-08-09 13:25:58.802
3442,2026-08-09 13:25:58.822
3443,2026-08-09 13:25:58.842
3444,2026-08-09 13:25:58.896
3445,2026-08-09 13:25:58.922
3446,2026-08-09 13:25:58.942
3447,2026-08-09 13:25:58.962
3448,2026-08-09 13:25:58.982
3449,2026-08-09 13:25:59.002
3450,2026-08-09 13:25:59.022
3451,2026-08-09 13:25:59.042
3452,2026-08-09 13:25:59.062
3453,2026-08-09 13:25:59.116
3454,2026-08-09 13:25:59.142
3455,2026-08-09 13:25:59.162
3456,2026-08-09 13:25:59.182
3457,2026-08-09 13:25:59.202
3458,2026-08-09 13:25:59.222
3459,2026-08-09 13:25:59.242
3460,2026-08-09 13:25:59.262
3461,2026-08-09 13:25:59.282
3462,2026-08-09 13:25:59.901
3463,2026-08-09 13:26:00.080
3464,2026-08-09 13:26:00.098
3465,2026-08-09 13:26:01.613
3466,2026-08-09 13:26:01.631
3467,2026-08-09 13:26:02.269
3468,2026-08-09 13:26:02.457
3469,2026-08-09 13:26:03.379
3470,2026-08-09 13:26:05.100
3471,2026-08-09 13:26:50.192
3472,2026-08-09 13:26:50.226
3473,2026-08-09 13:26:50.246
3474,2026-08-09 13:26:50.266
3475,2026-08-09 13:26:50.286
3476,2026-08-09 13:26:50.306
3477,2026-08-09 13:26:50.326
3478,2026-08-09 13:26:50.346
3479,2026-08-09 13:26:50.366
3480,2026-08-09 13:26:50.423
3481,2026-08-09 13:26:50.446
3482,2026-08-09 13:26:50.466
3483,2026-08-09 13:26:50.467
3484,2026-08-09 13:26:50.486
3485,2026-08-09 13:26:50.506
3486,2026-08-09 13:26:50.526
3487,2026-08-09 13:26:50.546
3488,2026-08-09 13:26:50.566
3489,2026-08-09 13:26:50.620
3490,2026-08-09 13:26:50.646
3491,2026-08-09 13:26:50.666
3492,2026-08-09 13:26:50.686
3493,2026-08-09 13:26:50.706
3494,2026-08-09 13:26:50.726
3495,2026-08-09 13:26:50.747
3496,2026-08-09 13:26:50.766
3497,2026-08-09 13:26:50.786
3498,2026-08-09 13:26:50.840
3499,2026-08-09 13:26:50.866
3500,2026-08-09 13:26:50.886
3501,2026-08-09 13:26:50.906
3502,2026-08-09 13:26:50.926
3503,2026-08-09 13:26:50.946
3504,2026-08-09 13:26:50.966
3505,2026-08-09 13:26:50.986
3506,2026-08-09 13:26:51.006
3507,2026-08-09 13:26:51.060
3508,2026-08-09 13:26:51.086
3509,2026-08-09 13:26:51.106
3510,2026-08-09 13:26:51.126
3511,2026-08-09 13:26:51.146
3512,2026-08-09 13:26:51.166
3513,2026-08-09 13:26:51.186
3514,2026-08-09 13:26:51.206
3515,2026-08-09 13:26:51.226
3516,2026-08-09 13:26:51.280
3517,2026-08-09 13:26:51.306
3518,2026-08-09 13:26:51.326
3519,2026-08-09 13:26:51.346
3520,2026-08-09 13:26:51.366
3521,2026-08-09 13:26:51.386
3522,2026-08-09 13:26:51.406
3523,2026-08-09 13:26:51.426
3524,2026-08-09 13:26:51.446
3525,2026-08-09 13:26:51.500
3526,2026-08-09 13:26:51.526
3527,2026-08-09 13:26:51.546
3528,2026-08-09 13:26:51.566
3529,2026-08-09 13:26:51.586
3530,2026-08-09 13:26:51.606
3531,2026-08-09 13:26:51.626
3532,2026-08-09 13:26:51.646
3533,2026-08-09 13:26:51.666
3534,2026-08-09 13:26:51.720
3535,2026-08-09 13:26:51.746
3536,2026-08-09 13:26:51.766
3537,2026-08-09 13:26:51.786
3538,2026-08-09 13:26:51.806
3539,2026-08-09 13:26:51.826
3540,2026-08-09 13:26:51.846
3541,2026-08-09 13:26:51.866
3542,2026-08-09 13:26:51.886
3543,2026-08-09 13:26:51.940
3544,2026-08-09 13:26:51.966
3545,2026-08-09 13:26:51.986
3546,2026-08-09 13:26:52.006
3547,2026-08-09 13:26:52.026
3548,2026-08-09 13:26:52.046
3549,2026-08-09 13:26:52.066
3550,2026-08-09 13:26:52.086
3551,2026-08-09 13:26:52.106
3552,2026-08-09 13:26:52.160
3553,2026-08-09 13:26:52.186
3554,2026-08-09 13:26:52.206
3555,2026-08-09 13:26:52.226
3556,2026-08-09 13:26:52.246
3557,2026-08-09 13:26:52.266
3558,2026-08-09 13:26:52.286
3559,2026-08-09 13:26:52.306
3560,2026-08-09 13:26:52.326
3561,2026-08-09 13:26:52.442
3562,2026-08-09 13:26:52.466
3563,2026-08-09 13:26:52.486
3564,2026-08-09 13:26:52.506
3565,2026-08-09 13:26:52.526
3566,2026-08-09 13:26:52.546
3567,2026-08-09 13:26:52.566
3568,2026-08-09 13:26:52.586
3569,2026-08-09 13:27:24.328
3570,2026-08-09 13:27:24.329
3571,2026-08-09 13:27:24.345
3572,2026-08-09 13:27:24.365
3573,2026-08-09 13:27:24.405
3574,2026-08-09 13:27:24.628
3575,2026-08-09 13:27:24.848
3576,2026-08-09 13:27:25.068
3577,2026-08-09 13:27:25.306
3578,2026-08-09 13:27:25.323
3579,2026-08-09 13:27:25.363
3580,2026-08-09 13:27:43.872
3581,2026-08-09 13:27:43.897
3582,2026-08-09 13:27:43.917
3583,2026-08-09 13:27:43.937
3584,2026-08-09 13:27:43.957
3585,2026-08-09 13:27:43.977
3586,2026-08-09 13:27:43.997
3587,2026-08-09 13:27:44.017
3588,2026-08-09 13:27:44.037
3589,2026-08-09 13:27:44.087
3590,2026-08-09 13:27:44.117
3591,2026-08-09 13:27:44.137
3592,2026-08-09 13:27:44.157
3593,2026-08-09 13:27:44.177
3594,2026-08-09 13:27:44.197
3595,2026-08-09 13:27:44.217
3596,2026-08-09 13:27:44.237
3597,2026-08-09 13:27:44.257
3598,2026-08-09 13:27:44.307
3599,2026-08-09 13:27:44.337
3600,2026-08-09 13:27:44.357
3601,2026-08-09 13:27:44.377
3602,2026-08-09 13:27:44.377
3603,2026-08-09 13:27:44.397
3604,2026-08-09 13:27:44.417
3605,2026-08-09 13:27:44.437
3606,2026-08-09 13:27:44.457
3607,2026-08-09 13:27:44.507
3608,2026-08-09 13:27:44.537
3609,2026-08-09 13:27:44.557
3610,2026-08-09 13:27:44.577
3611,2026-08-09 13:27:44.597
3612,2026-08-09 13:27:44.617
3613,2026-08-09 13:27:44.637
3614,2026-08-09 13:27:44.657
3615,2026-08-09 13:27:44.677
3616,2026-08-09 13:27:44.809
3617,2026-08-09 13:27:44.837
3618,2026-08-09 13:27:44.857
3619,2026-08-09 13:27:44.877
3620,2026-08-09 13:27:44.897
3621,2026-08-09 13:27:44.917
3622,2026-08-09 13:27:44.937
3623,2026-08-09 13:27:44.957
3624,2026-08-09 13:27:44.977
3625,2026-08-09 13:27:45.027
3626,2026-08-09 13:27:45.057
3627,2026-08-09 13:27:45.077
3628,2026-08-09 13:27:45.097
3629,2026-08-09 13:27:45.117
3630,2026-08-09 13:27:45.137
3631,2026-08-09 13:27:45.697
3632,2026-08-09 13:27:45.825
3633,2026-08-09 13:27:46.064
3634,2026-08-09 13:28:06.016
3635,2026-08-09 13:28:06.038
3636,2026-08-09 13:28:06.058
3637,2026-08-09 13:28:06.078
3638,2026-08-09 13:28:06.098
3639,2026-08-09 13:28:06.118
3640,2026-08-09 13:28:06.138
3641,2026-08-09 13:28:06.158
3642,2026-08-09 13:28:06.178
3643,2026-08-09 13:28:06.228
3644,2026-08-09 13:28:06.258
3645,2026-08-09 13:28:06.278
3646,2026-08-09 13:28:06.298
3647,2026-08-09 13:28:06.318
3648,2026-08-09 13:28:06.338
3649,2026-08-09 13:28:06.358
3650,2026-08-09 13:28:06.378
3651,2026-08-09 13:28:06.398
3652,2026-08-09 13:28:06.428
3653,2026-08-09 13:28:06.458
3654,2026-08-09 13:28:06.478
3655,2026-08-09 13:28:06.498
3656,2026-08-09 13:28:06.518
3657,2026-08-09 13:28:06.538
3658,2026-08-09 13:28:06.558
3659,2026-08-09 13:28:06.578
3660,2026-08-09 13:28:06.598
3661,2026-08-09 13:28:06.648
3662,2026-08-09 13:28:06.678
3663,2026-08-09 13:28:06.698
3664,2026-08-09 13:28:06.718
3665,2026-08-09 13:28:06.738
3666,2026-08-09 13:28:06.758
3667,2026-08-09 13:28:06.778
3668,2026-08-09 13:28:06.798
3669,2026-08-09 13:28:06.818
3670,2026-08-09 13:28:06.868
3671,2026-08-09 13:28:06.898
3672,2026-08-09 13:28:06.918
3673,2026-08-09 13:28:06.938
3674,2026-08-09 13:28:06.958
3675,2026-08-09 13:28:06.978
3676,2026-08-09 13:28:06.998
3677,2026-08-09 13:28:07.018
3678,2026-08-09 13:28:07.038
3679,2026-08-09 13:28:07.088
3680,2026-08-09 13:28:07.118
3681,2026-08-09 13:28:07.138
3682,2026-08-09 13:28:07.158
3683,2026-08-09 13:28:07.178
3684,2026-08-09 13:28:07.198
3685,2026-08-09 13:28:07.218
3686,2026-08-09 13:28:07.238
3687,2026-08-09 13:28:07.258
3688,2026-08-09 13:28:07.308
3689,2026-08-09 13:28:07.338
3690,2026-08-09 13:28:07.358
3691,2026-08-09 13:28:07.378
3692,2026-08-09 13:28:07.398
3693,2026-08-09 13:28:07.620
3694,2026-08-09 13:28:10.557
3695,2026-08-09 13:28:10.575
3696,2026-08-09 13:28:10.615
3697,2026-08-09 13:28:10.635
3698,2026-08-09 13:28:11.748
3699,2026-08-09 13:28:11.768
3700,2026-08-09 13:28:11.788
3701,2026-08-09 13:28:12.746
3702,2026-08-09 13:28:12.764
3703,2026-08-09 13:28:12.804
3704,2026-08-09 13:28:12.892
3705,2026-08-09 13:28:16.055
3706,2026-08-09 13:28:17.288
3707,2026-08-09 13:28:17.306
3708,2026-08-09 13:28:18.980
3709,2026-08-09 13:28:18.997
3710,2026-08-09 13:28:19.057
3711,2026-08-09 13:28:19.077
3712,2026-08-09 13:28:20.771
3713,2026-08-09 13:28:20.809
3714,2026-08-09 13:28:20.829
3715,2026-08-09 13:28:20.979
3716,2026-08-09 13:28:29.592
3717,2026-08-09 13:28:29.613
3718,2026-08-09 13:28:29.633
3719,2026-08-09 13:28:29.653
3720,2026-08-09 13:28:29.673
3721,2026-08-09 13:28:29.693
3722,2026-08-09 13:28:29.713
3723,2026-08-09 13:28:29.733
3724,2026-08-09 13:28:29.753
3725,2026-08-09 13:28:29.803
3726,2026-08-09 13:28:29.833
3727,2026-08-09 13:28:29.853
3728,2026-08-09 13:28:29.873
3729,2026-08-09 13:28:29.893
3730,2026-08-09 13:28:29.913
3731,2026-08-09 13:28:29.933
3732,2026-08-09 13:28:29.953
3733,2026-08-09 13:28:29.973
3734,2026-08-09 13:28:30.022
3735,2026-08-09 13:28:30.053
3736,2026-08-09 13:28:30.073
3737,2026-08-09 13:28:30.093
3738,2026-08-09 13:28:30.113
3739,2026-08-09 13:28:30.133
3740,2026-08-09 13:28:30.153
3741,2026-08-09 13:28:30.173
3742,2026-08-09 13:28:30.193
3743,2026-08-09 13:28:30.243
3744,2026-08-09 13:28:30.273
3745,2026-08-09 13:28:30.293
3746,2026-08-09 13:28:30.313
3747,2026-08-09 13:28:30.333
3748,2026-08-09 13:28:30.353
3749,2026-08-09 13:28:30.373
3750,2026-08-09 13:28:30.393
3751,2026-08-09 13:28:30.413
3752,2026-08-09 13:28:30.545
3753,2026-08-09 13:28:30.573
3754,2026-08-09 13:28:30.593
3755,2026-08-09 13:28:30.613
3756,2026-08-09 13:28:30.633
3757,2026-08-09 13:28:30.653
3758,2026-08-09 13:28:30.673
3759,2026-08-09 13:28:30.693
3760,2026-08-09 13:28:30.713
3761,2026-08-09 13:28:30.845
3762,2026-08-09 13:28:30.872
3763,2026-08-09 13:28:30.893
3764,2026-08-09 13:28:30.913
3765,2026-08-09 13:28:30.933
3766,2026-08-09 13:28:30.952
3767,2026-08-09 13:28:30.973
3768,2026-08-09 13:28:30.993
3769,2026-08-09 13:28:31.013
3770,2026-08-09 13:28:31.062
3771,2026-08-09 13:28:31.093
3772,2026-08-09 13:28:31.113
3773,2026-08-09 13:28:31.133
3774,2026-08-09 13:28:31.152
3775,2026-08-09 13:28:31.172
3776,2026-08-09 13:28:31.192
3777,2026-08-09 13:28:31.213
3778,2026-08-09 13:28:31.232
3779,2026-08-09 13:28:31.282
3780,2026-08-09 13:28:31.312
3781,2026-08-09 13:28:31.333
3782,2026-08-09 13:28:31.353
3783,2026-08-09 13:28:31.372
3784,2026-08-09 13:28:31.393
3785,2026-08-09 13:28:31.413
3786,2026-08-09 13:28:31.433
3787,2026-08-09 13:28:31.453
3788,2026-08-09 13:28:31.502
3789,2026-08-09 13:28:31.532
3790,2026-08-09 13:28:33.203
3791,2026-08-09 13:28:33.221
3792,2026-08-09 13:28:34.299
3793,2026-08-09 13:28:34.317
3794,2026-08-09 13:28:43.626
3795,2026-08-09 13:28:43.643
3796,2026-08-09 13:28:43.644
3797,2026-08-09 13:28:45.524
3798,2026-08-09 13:28:45.541
3799,2026-08-09 13:29:09.873
3800,2026-08-09 13:29:33.968
3801,2026-08-09 13:29:33.985
3802,2026-08-09 13:29:34.005
3803,2026-08-09 13:29:34.026
3804,2026-08-09 13:29:34.045
3805,2026-08-09 13:29:34.065
3806,2026-08-09 13:29:34.085
3807,2026-08-09 13:29:34.105
3808,2026-08-09 13:29:34.125
3809,2026-08-09 13:29:34.179
3810,2026-08-09 13:29:34.205
3811,2026-08-09 13:29:34.225
3812,2026-08-09 13:29:34.245
3813,2026-08-09 13:29:34.265
3814,2026-08-09 13:29:34.285
3815,2026-08-09 13:29:34.305
3816,2026-08-09 13:29:34.325
3817,2026-08-09 13:29:34.345
3818,2026-08-09 13:29:34.502
3819,2026-08-09 13:29:34.525
3820,2026-08-09 13:29:34.545
3821,2026-08-09 13:29:34.565
3822,2026-08-09 13:29:34.585
3823,2026-08-09 13:29:34.605
3824,2026-08-09 13:29:34.625
3825,2026-08-09 13:29:34.645
3826,2026-08-09 13:29:34.665
3827,2026-08-09 13:29:34.802
3828,2026-08-09 13:29:34.825
3829,2026-08-09 13:29:34.845
3830,2026-08-09 13:29:34.865
3831,2026-08-09 13:29:34.885
3832,2026-08-09 13:29:34.905
3833,2026-08-09 13:29:34.925
3834,2026-08-09 13:29:34.945
3835,2026-08-09 13:29:34.965
3836,2026-08-09 13:29:35.102
3837,2026-08-09 13:29:35.125
3838,2026-08-09 13:29:35.145
3839,2026-08-09 13:29:35.165
3840,2026-08-09 13:29:35.185
3841,2026-08-09 13:29:35.205
3842,2026-08-09 13:29:35.225
3843,2026-08-09 13:29:35.245
3844,2026-08-09 13:29:35.265
3845,2026-08-09 13:29:35.422
3846,2026-08-09 13:29:35.445
3847,2026-08-09 13:29:35.465
3848,2026-08-09 13:29:35.485
3849,2026-08-09 13:29:35.505
3850,2026-08-09 13:29:35.525
3851,2026-08-09 13:29:35.545
3852,2026-08-09 13:29:35.565
3853,2026-08-09 13:29:35.585
3854,2026-08-09 13:29:35.639
3855,2026-08-09 13:29:35.665
3856,2026-08-09 13:29:35.685
3857,2026-08-09 13:29:35.705
3858,2026-08-09 13:29:35.725
3859,2026-08-09 13:29:35.745
3860,2026-08-09 13:29:35.765
3861,2026-08-09 13:29:35.785
3862,2026-08-09 13:29:35.805
3863,2026-08-09 13:29:35.859
3864,2026-08-09 13:29:35.885
3865,2026-08-09 13:29:35.905
3866,2026-08-09 13:29:35.925
3867,2026-08-09 13:29:35.945
3868,2026-08-09 13:29:35.965
3869,2026-08-09 13:29:35.985
3870,2026-08-09 13:29:36.005
3871,2026-08-09 13:29:36.025
3872,2026-08-09 13:29:36.079
3873,2026-08-09 13:29:36.687
3874,2026-08-09 13:29:36.704
3875,2026-08-09 13:29:37.799
3876,2026-08-09 13:29:37.819
3877,2026-08-09 13:29:37.839
3878,2026-08-09 13:29:45.026
3879,2026-08-09 13:29:47.576
3880,2026-08-09 13:29:47.601
3881,2026-08-09 13:29:47.621
3882,2026-08-09 13:29:47.641
3883,2026-08-09 13:29:47.661
3884,2026-08-09 13:29:47.681
3885,2026-08-09 13:29:47.701
3886,2026-08-09 13:29:47.721
3887,2026-08-09 13:29:47.741
3888,2026-08-09 13:29:47.791
3889,2026-08-09 13:29:47.821
3890,2026-08-09 13:29:47.841
3891,2026-08-09 13:29:47.861
3892,2026-08-09 13:29:47.881
3893,2026-08-09 13:29:47.901
3894,2026-08-09 13:29:47.921
3895,2026-08-09 13:29:47.941
3896,2026-08-09 13:29:47.961
3897,2026-08-09 13:29:48.011
3898,2026-08-09 13:29:48.041
3899,2026-08-09 13:29:48.061
3900,2026-08-09 13:29:48.081
3901,2026-08-09 13:29:48.101
3902,2026-08-09 13:29:48.121
3903,2026-08-09 13:29:48.141
3904,2026-08-09 13:29:48.161
3905,2026-08-09 13:29:48.181
3906,2026-08-09 13:29:48.231
3907,2026-08-09 13:29:48.261
3908,2026-08-09 13:29:48.281
3909,2026-08-09 13:29:48.301
3910,2026-08-09 13:29:48.321
3911,2026-08-09 13:29:48.341
3912,2026-08-09 13:29:48.361
3913,2026-08-09 13:29:48.381
3914,2026-08-09 13:29:48.401
3915,2026-08-09 13:29:48.451
3916,2026-08-09 13:29:48.481
3917,2026-08-09 13:29:48.501
3918,2026-08-09 13:29:48.521
3919,2026-08-09 13:29:48.541
3920,2026-08-09 13:29:48.561
3921,2026-08-09 13:29:48.581
3922,2026-08-09 13:29:48.601
3923,2026-08-09 13:29:48.621
3924,2026-08-09 13:29:48.671
3925,2026-08-09 13:29:48.701
3926,2026-08-09 13:29:48.721
3927,2026-08-09 13:29:48.741
3928,2026-08-09 13:29:48.761
3929,2026-08-09 13:29:48.781
3930,2026-08-09 13:29:48.781
3931,2026-08-09 13:29:48.801
3932,2026-08-09 13:29:48.821
3933,2026-08-09 13:29:48.871
3934,2026-08-09 13:29:48.901
3935,2026-08-09 13:29:48.921
3936,2026-08-09 13:29:48.941
3937,2026-08-09 13:29:48.961
3938,2026-08-09 13:29:48.981
3939,2026-08-09 13:29:49.001
3940,2026-08-09 13:29:49.021
3941,2026-08-09 13:29:49.041
3942,2026-08-09 13:29:49.091
3943,2026-08-09 13:29:49.121
3944,2026-08-09 13:29:49.141
3945,2026-08-09 13:29:49.161
3946,2026-08-09 13:29:49.181
3947,2026-08-09 13:29:49.201
3948,2026-08-09 13:29:49.221
3949,2026-08-09 13:29:49.241
3950,2026-08-09 13:29:49.261
3951,2026-08-09 13:29:49.394
3952,2026-08-09 13:29:49.421
3953,2026-08-09 13:29:49.441
3954,2026-08-09 13:29:49.461
3955,2026-08-09 13:29:49.481
3956,2026-08-09 13:29:49.501
3957,2026-08-09 13:29:49.521
3958,2026-08-09 13:29:49.541
3959,2026-08-09 13:29:49.561
3960,2026-08-09 13:29:49.611
3961,2026-08-09 13:29:49.641
3962,2026-08-09 13:29:49.661
3963,2026-08-09 13:29:49.681
3964,2026-08-09 13:29:49.701
3965,2026-08-09 13:29:49.721
3966,2026-08-09 13:29:49.741
3967,2026-08-09 13:29:49.761
3968,2026-08-09 13:29:49.781
3969,2026-08-09 13:29:49.831
3970,2026-08-09 13:29:49.861
3971,2026-08-09 13:29:49.881
3972,2026-08-09 13:29:49.901
3973,2026-08-09 13:29:49.921
3974,2026-08-09 13:29:49.941
3975,2026-08-09 13:29:49.961
3976,2026-08-09 13:29:49.981
3977,2026-08-09 13:29:50.001
3978,2026-08-09 13:29:50.133
3979,2026-08-09 13:29:50.161
3980,2026-08-09 13:29:50.183
3981,2026-08-09 13:29:50.202
3982,2026-08-09 13:29:50.221
3983,2026-08-09 13:29:50.241
3984,2026-08-09 13:29:50.261
3985,2026-08-09 13:29:50.281
3986,2026-08-09 13:29:50.301
3987,2026-08-09 13:29:50.351
3988,2026-08-09 13:29:50.381
3989,2026-08-09 13:29:50.401
3990,2026-08-09 13:29:50.421
3991,2026-08-09 13:29:50.441
3992,2026-08-09 13:29:50.461
3993,2026-08-09 13:29:50.481
3994,2026-08-09 13:29:50.501
3995,2026-08-09 13:29:50.521
3996,2026-08-09 13:29:50.571
3997,2026-08-09 13:29:50.601
3998,2026-08-09 13:29:50.621
3999,2026-08-09 13:29:50.641
4000,2026-08-09 13:29:50.661
4001,2026-08-09 13:29:50.681
4002,2026-08-09 13:29:50.701
4003,2026-08-09 13:29:50.721
4004,2026-08-09 13:29:50.741
4005,2026-08-09 13:29:50.873
4006,2026-08-09 13:29:50.901
4007,2026-08-09 13:29:50.921
4008,2026-08-09 13:29:50.941
4009,2026-08-09 13:29:50.961
4010,2026-08-09 13:29:50.981
4011,2026-08-09 13:29:51.001
4012,2026-08-09 13:29:51.580
4013,2026-08-09 13:29:51.598
4014,2026-08-09 13:29:52.673
4015,2026-08-09 13:29:52.691
4016,2026-08-09 13:29:53.790
4017,2026-08-09 13:29:53.791
4018,2026-08-09 13:29:55.282
4019,2026-08-09 13:29:56.499
4020,2026-08-09 13:30:00.753
4021,2026-08-09 13:30:00.771
4022,2026-08-09 13:30:01.608
4023,2026-08-09 13:30:01.628
4024,2026-08-09 13:30:02.582
4025,2026-08-09 13:30:02.600
4026,2026-08-09 13:30:02.798
4027,2026-08-09 13:30:04.998
4028,2026-08-09 13:30:05.016
4029,2026-08-09 13:30:05.036
4030,2026-08-09 13:30:05.076
4031,2026-08-09 13:30:06.768
4032,2026-08-09 13:30:06.788
4033,2026-08-09 13:30:06.808
4034,2026-08-09 13:30:07.587
4035,2026-08-09 13:30:07.605
4036,2026-08-09 13:30:07.903
4037,2026-08-09 13:30:17.526
4038,2026-08-09 13:30:17.527
4039,2026-08-09 13:30:17.544
4040,2026-08-09 13:30:17.564
4041,2026-08-09 13:30:17.584
4042,2026-08-09 13:30:24.306
4043,2026-08-09 13:30:24.324
4044,2026-08-09 13:30:24.344
4045,2026-08-09 13:30:28.061
4046,2026-08-09 13:30:28.079
4047,2026-08-09 13:30:28.119
4048,2026-08-09 13:30:58.485
4049,2026-08-09 13:30:58.486
4050,2026-08-09 13:31:02.839
4051,2026-08-09 13:31:02.840
4052,2026-08-09 13:31:06.904
4053,2026-08-09 13:31:07.872
4054,2026-08-09 13:31:07.890
4055,2026-08-09 13:31:07.910
4056,2026-08-09 13:31:09.007
4057,2026-08-09 13:31:10.243
4058,2026-08-09 13:31:10.263
4059,2026-08-09 13:31:10.283
4060,2026-08-09 13:31:10.394
4061,2026-08-09 13:31:12.081
4062,2026-08-09 13:31:12.098
4063,2026-08-09 13:31:12.118
4064,2026-08-09 13:31:12.317
4065,2026-08-09 13:31:12.317
4066,2026-08-09 13:31:13.839
4067,2026-08-09 13:31:14.654
4068,2026-08-09 13:31:14.672
4069,2026-08-09 13:31:14.692
4070,2026-08-09 13:31:16.693
4071,2026-08-09 13:31:16.710
4072,2026-08-09 13:31:16.730
4073,2026-08-09 13:31:26.616
4074,2026-08-09 13:32:07.144
4075,2026-08-09 13:32:07.168
4076,2026-08-09 13:32:07.188
4077,2026-08-09 13:32:07.208
4078,2026-08-09 13:32:07.228
4079,2026-08-09 13:32:07.248
4080,2026-08-09 13:32:07.268
4081,2026-08-09 13:32:07.288
4082,2026-08-09 13:32:07.308
4083,2026-08-09 13:32:07.358
4084,2026-08-09 13:32:07.388
4085,2026-08-09 13:32:07.408
4086,2026-08-09 13:32:07.428
4087,2026-08-09 13:32:07.448
4088,2026-08-09 13:32:07.468
4089,2026-08-09 13:32:07.468
4090,2026-08-09 13:32:07.488
4091,2026-08-09 13:32:07.488
4092,2026-08-09 13:32:07.621
4093,2026-08-09 13:32:07.648
4094,2026-08-09 13:32:07.668
4095,2026-08-09 13:32:07.688
4096,2026-08-09 13:32:07.708
4097,2026-08-09 13:32:07.728
4098,2026-08-09 13:32:07.748
4099,2026-08-09 13:32:07.768
4100,2026-08-09 13:32:07.788
4101,2026-08-09 13:32:07.921
4102,2026-08-09 13:32:07.948
4103,2026-08-09 13:32:07.968
4104,2026-08-09 13:32:07.988
4105,2026-08-09 13:32:08.008
4106,2026-08-09 13:32:08.028
4107,2026-08-09 13:32:08.048
4108,2026-08-09 13:32:08.068
4109,2026-08-09 13:32:08.088
4110,2026-08-09 13:32:08.138
4111,2026-08-09 13:32:08.168
4112,2026-08-09 13:32:08.188
4113,2026-08-09 13:32:08.208
4114,2026-08-09 13:32:08.228
4115,2026-08-09 13:32:08.248
4116,2026-08-09 13:32:08.268
4117,2026-08-09 13:32:08.288
4118,2026-08-09 13:32:08.308
4119,2026-08-09 13:32:08.358
4120,2026-08-09 13:32:08.388
4121,2026-08-09 13:32:08.408
4122,2026-08-09 13:32:08.428
4123,2026-08-09 13:32:08.448
4124,2026-08-09 13:32:08.468
4125,2026-08-09 13:32:08.488
4126,2026-08-09 13:32:08.508
4127,2026-08-09 13:32:08.528
4128,2026-08-09 13:32:08.578
4129,2026-08-09 13:32:08.608
4130,2026-08-09 13:32:08.628
4131,2026-08-09 13:32:08.648
4132,2026-08-09 13:32:08.668
4133,2026-08-09 13:32:08.688
4134,2026-08-09 13:32:08.708
4135,2026-08-09 13:32:08.728
4136,2026-08-09 13:32:08.748
4137,2026-08-09 13:32:08.798
4138,2026-08-09 13:32:08.828
4139,2026-08-09 13:32:08.848
4140,2026-08-09 13:32:08.868
4141,2026-08-09 13:32:08.888
4142,2026-08-09 13:32:08.908
4143,2026-08-09 13:32:08.928
4144,2026-08-09 13:32:08.948
4145,2026-08-09 13:32:08.968
4146,2026-08-09 13:32:09.018
4147,2026-08-09 13:32:09.048
4148,2026-08-09 13:32:09.068
4149,2026-08-09 13:32:09.088
4150,2026-08-09 13:32:09.108
4151,2026-08-09 13:32:09.128
4152,2026-08-09 13:32:09.148
4153,2026-08-09 13:32:09.168
4154,2026-08-09 13:32:09.188
4155,2026-08-09 13:32:09.320
4156,2026-08-09 13:32:09.348
4157,2026-08-09 13:32:09.368
4158,2026-08-09 13:32:09.388
4159,2026-08-09 13:32:09.408
4160,2026-08-09 13:32:09.428
4161,2026-08-09 13:32:09.448
4162,2026-08-09 13:32:09.468
4163,2026-08-09 13:32:09.488
4164,2026-08-09 13:32:09.538
4165,2026-08-09 13:32:09.568
4166,2026-08-09 13:32:09.588
4167,2026-08-09 13:32:09.608
4168,2026-08-09 13:32:09.628
4169,2026-08-09 13:32:09.648
4170,2026-08-09 13:32:09.668
4171,2026-08-09 13:32:09.688
4172,2026-08-09 13:32:09.708
4173,2026-08-09 13:32:09.840
4174,2026-08-09 13:32:09.888
4175,2026-08-09 13:32:10.110
4176,2026-08-09 13:33:31.697
4177,2026-08-09 13:33:31.715
4178,2026-08-09 13:33:31.735
4179,2026-08-09 13:33:31.775
4180,2026-08-09 13:33:31.795
4181,2026-08-09 13:33:31.815
4182,2026-08-09 13:33:31.835
4183,2026-08-09 13:33:31.855
4184,2026-08-09 13:33:31.875
4185,2026-08-09 13:33:31.929
4186,2026-08-09 13:33:31.955
4187,2026-08-09 13:33:31.975
4188,2026-08-09 13:33:31.995
4189,2026-08-09 13:33:32.016
4190,2026-08-09 13:33:32.035
4191,2026-08-09 13:33:32.055
4192,2026-08-09 13:33:32.075
4193,2026-08-09 13:33:32.095
4194,2026-08-09 13:33:32.251
4195,2026-08-09 13:33:32.275
4196,2026-08-09 13:33:32.295
4197,2026-08-09 13:33:32.315
4198,2026-08-09 13:33:32.335
4199,2026-08-09 13:33:32.355
4200,2026-08-09 13:33:32.375
4201,2026-08-09 13:33:32.395
4202,2026-08-09 13:33:32.415
4203,2026-08-09 13:33:32.469
4204,2026-08-09 13:33:32.495
4205,2026-08-09 13:33:32.515
4206,2026-08-09 13:33:32.535
4207,2026-08-09 13:33:32.555
4208,2026-08-09 13:33:32.575
4209,2026-08-09 13:33:32.595
4210,2026-08-09 13:33:32.615
4211,2026-08-09 13:33:32.715
4212,2026-08-09 13:33:32.769
4213,2026-08-09 13:33:32.795
4214,2026-08-09 13:33:32.815
4215,2026-08-09 13:33:32.835
4216,2026-08-09 13:33:32.855
4217,2026-08-09 13:33:32.875
4218,2026-08-09 13:33:32.895
4219,2026-08-09 13:33:32.915
4220,2026-08-09 13:33:32.935
4221,2026-08-09 13:33:32.989
4222,2026-08-09 13:33:33.015
4223,2026-08-09 13:33:33.035
4224,2026-08-09 13:33:33.055
4225,2026-08-09 13:33:33.075
4226,2026-08-09 13:33:33.095
4227,2026-08-09 13:33:33.115
4228,2026-08-09 13:33:33.135
4229,2026-08-09 13:33:33.155
4230,2026-08-09 13:33:33.209
4231,2026-08-09 13:33:33.235
4232,2026-08-09 13:33:33.255
4233,2026-08-09 13:33:33.275
4234,2026-08-09 13:33:33.295
4235,2026-08-09 13:33:33.315
4236,2026-08-09 13:33:33.335
4237,2026-08-09 13:33:33.355
4238,2026-08-09 13:33:33.375
4239,2026-08-09 13:33:33.429
4240,2026-08-09 13:33:33.455
4241,2026-08-09 13:33:33.475
4242,2026-08-09 13:33:33.495
4243,2026-08-09 13:33:33.515
4244,2026-08-09 13:33:33.535
4245,2026-08-09 13:33:33.555
4246,2026-08-09 13:33:33.575
4247,2026-08-09 13:33:33.595
4248,2026-08-09 13:33:33.649
4249,2026-08-09 13:33:33.675
4250,2026-08-09 13:33:33.695
4251,2026-08-09 13:33:33.715
4252,2026-08-09 13:33:33.735
4253,2026-08-09 13:33:33.755
4254,2026-08-09 13:33:33.775
4255,2026-08-09 13:33:33.795
4256,2026-08-09 13:33:33.815
4257,2026-08-09 13:33:33.869
4258,2026-08-09 13:33:33.911
4259,2026-08-09 13:33:34.457
4260,2026-08-09 13:33:36.027
4261,2026-08-09 13:33:36.107
4262,2026-08-09 13:33:45.945
4263,2026-08-09 13:33:45.946
4264,2026-08-09 13:33:45.963
4265,2026-08-09 13:33:46.577
4266,2026-08-09 13:33:46.595
4267,2026-08-09 13:33:46.615
4268,2026-08-09 13:33:46.635
4269,2026-08-09 13:34:27.398
4270,2026-08-09 13:34:27.416
4271,2026-08-09 13:34:27.436
4272,2026-08-09 13:34:27.456
4273,2026-08-09 13:34:27.476
4274,2026-08-09 13:34:27.496
4275,2026-08-09 13:34:27.516
4276,2026-08-09 13:34:27.536
4277,2026-08-09 13:34:27.556
4278,2026-08-09 13:34:27.605
4279,2026-08-09 13:34:27.636
4280,2026-08-09 13:34:27.656
4281,2026-08-09 13:34:27.676
4282,2026-08-09 13:34:27.696
4283,2026-08-09 13:34:27.716
4284,2026-08-09 13:34:27.736
4285,2026-08-09 13:34:27.756
4286,2026-08-09 13:34:27.776
4287,2026-08-09 13:34:27.908
4288,2026-08-09 13:34:27.936
4289,2026-08-09 13:34:27.956
4290,2026-08-09 13:34:27.976
4291,2026-08-09 13:34:27.996
4292,2026-08-09 13:34:28.016
4293,2026-08-09 13:34:28.036
4294,2026-08-09 13:34:28.056
4295,2026-08-09 13:34:28.076
4296,2026-08-09 13:34:28.125
4297,2026-08-09 13:34:28.156
4298,2026-08-09 13:34:28.176
4299,2026-08-09 13:34:28.196
4300,2026-08-09 13:34:28.216
4301,2026-08-09 13:34:28.236
4302,2026-08-09 13:34:28.256
4303,2026-08-09 13:34:28.276
4304,2026-08-09 13:34:28.296
4305,2026-08-09 13:34:28.345
4306,2026-08-09 13:34:28.375
4307,2026-08-09 13:34:28.396
4308,2026-08-09 13:34:28.416
4309,2026-08-09 13:34:28.436
4310,2026-08-09 13:34:28.456
4311,2026-08-09 13:34:28.476
4312,2026-08-09 13:34:28.496
4313,2026-08-09 13:34:28.516
4314,2026-08-09 13:34:28.565
4315,2026-08-09 13:34:28.596
4316,2026-08-09 13:34:28.616
4317,2026-08-09 13:34:28.636
4318,2026-08-09 13:34:28.656
4319,2026-08-09 13:34:28.676
4320,2026-08-09 13:34:28.696
4321,2026-08-09 13:34:28.715
4322,2026-08-09 13:34:28.735
4323,2026-08-09 13:34:28.785
4324,2026-08-09 13:34:28.816
4325,2026-08-09 13:34:28.836
4326,2026-08-09 13:34:28.856
4327,2026-08-09 13:34:28.876
4328,2026-08-09 13:34:28.896
4329,2026-08-09 13:34:28.916
4330,2026-08-09 13:34:28.936
4331,2026-08-09 13:34:28.956
4332,2026-08-09 13:34:29.005
4333,2026-08-09 13:34:29.035
4334,2026-08-09 13:34:29.056
4335,2026-08-09 13:34:29.075
4336,2026-08-09 13:34:29.095
4337,2026-08-09 13:34:29.116
4338,2026-08-09 13:34:29.136
4339,2026-08-09 13:34:29.156
4340,2026-08-09 13:34:29.176
4341,2026-08-09 13:34:29.225
4342,2026-08-09 13:34:29.256
4343,2026-08-09 13:34:29.276
4344,2026-08-09 13:34:29.296
4345,2026-08-09 13:34:29.316
4346,2026-08-09 13:34:29.335
4347,2026-08-09 13:34:29.356
4348,2026-08-09 13:34:29.375
4349,2026-08-09 13:34:29.395
4350,2026-08-09 13:34:29.445
4351,2026-08-09 13:34:29.476
4352,2026-08-09 13:34:29.496
4353,2026-08-09 13:34:29.516
4354,2026-08-09 13:34:29.536
4355,2026-08-09 13:34:29.556
4356,2026-08-09 13:34:29.576
4357,2026-08-09 13:34:29.596
4358,2026-08-09 13:34:29.616
4359,2026-08-09 13:34:29.665
4360,2026-08-09 13:34:29.695
4361,2026-08-09 13:34:29.715
4362,2026-08-09 13:34:29.735
4363,2026-08-09 13:34:29.755
4364,2026-08-09 13:34:29.775
4365,2026-08-09 13:34:29.795
4366,2026-08-09 13:34:29.815
4367,2026-08-09 13:34:29.836
4368,2026-08-09 13:34:29.968
4369,2026-08-09 13:34:29.996
4370,2026-08-09 13:34:30.015
4371,2026-08-09 13:34:30.036
4372,2026-08-09 13:34:30.055
4373,2026-08-09 13:34:30.075
4374,2026-08-09 13:34:30.095
4375,2026-08-09 13:34:30.115
4376,2026-08-09 13:34:30.136
4377,2026-08-09 13:34:30.268
4378,2026-08-09 13:34:30.295
4379,2026-08-09 13:34:30.316
4380,2026-08-09 13:34:30.336
4381,2026-08-09 13:34:30.355
4382,2026-08-09 13:34:30.375
4383,2026-08-09 13:34:30.395
4384,2026-08-09 13:34:30.415
4385,2026-08-09 13:34:30.435
4386,2026-08-09 13:34:30.568
4387,2026-08-09 13:34:30.595
4388,2026-08-09 13:34:30.616
4389,2026-08-09 13:34:30.636
4390,2026-08-09 13:34:30.656
4391,2026-08-09 13:34:31.811
4392,2026-08-09 13:34:32.532
4393,2026-08-09 13:34:32.549
4394,2026-08-09 13:34:32.569
4395,2026-08-09 13:34:32.589
4396,2026-08-09 13:34:32.609
4397,2026-08-09 13:34:34.564
4398,2026-08-09 13:34:34.602
4399,2026-08-09 13:34:47.923
4400,2026-08-09 13:34:47.924
4401,2026-08-09 13:34:49.498
4402,2026-08-09 13:34:49.516
4403,2026-08-09 13:34:51.815
4404,2026-08-09 13:34:52.991
4405,2026-08-09 13:34:53.009
4406,2026-08-09 13:34:54.570
4407,2026-08-09 13:34:54.608
4408,2026-08-09 13:34:54.628
4409,2026-08-09 13:34:56.305
4410,2026-08-09 13:34:56.342
4411,2026-08-09 13:34:56.383
4412,2026-08-09 13:34:57.424
4413,2026-08-09 13:34:58.518
4414,2026-08-09 13:35:00.117
4415,2026-08-09 13:35:00.135
4416,2026-08-09 13:35:03.107
4417,2026-08-09 13:35:03.108
4418,2026-08-09 13:35:03.145
4419,2026-08-09 13:35:03.367
4420,2026-08-09 13:35:15.284
4421,2026-08-09 13:35:15.301
4422,2026-08-09 13:35:15.544
4423,2026-08-09 13:35:16.819
4424,2026-08-09 13:35:16.836
4425,2026-08-09 13:35:18.377
4426,2026-08-09 13:35:18.453
4427,2026-08-09 13:35:19.190
4428,2026-08-09 13:35:19.210
4429,2026-08-09 13:35:31.416
4430,2026-08-09 13:35:31.440
4431,2026-08-09 13:35:31.460
4432,2026-08-09 13:35:31.480
4433,2026-08-09 13:35:31.500
4434,2026-08-09 13:35:31.520
4435,2026-08-09 13:35:31.540
4436,2026-08-09 13:35:31.560
4437,2026-08-09 13:35:31.580
4438,2026-08-09 13:35:31.630
4439,2026-08-09 13:35:31.660
4440,2026-08-09 13:35:31.680
4441,2026-08-09 13:35:31.700
4442,2026-08-09 13:35:31.700
4443,2026-08-09 13:35:31.720
4444,2026-08-09 13:35:31.740
4445,2026-08-09 13:35:31.760
4446,2026-08-09 13:35:31.780
4447,2026-08-09 13:35:31.830
4448,2026-08-09 13:35:31.860
4449,2026-08-09 13:35:31.880
4450,2026-08-09 13:35:31.900
4451,2026-08-09 13:35:31.920
4452,2026-08-09 13:35:31.940
4453,2026-08-09 13:35:31.960
4454,2026-08-09 13:35:31.980
4455,2026-08-09 13:35:32.000
4456,2026-08-09 13:35:32.050
4457,2026-08-09 13:35:32.080
4458,2026-08-09 13:35:32.100
4459,2026-08-09 13:35:32.120
4460,2026-08-09 13:35:32.140
4461,2026-08-09 13:35:32.160
4462,2026-08-09 13:35:32.180
4463,2026-08-09 13:35:32.200
4464,2026-08-09 13:35:32.220
4465,2026-08-09 13:35:32.269
4466,2026-08-09 13:35:32.300
4467,2026-08-09 13:35:32.320
4468,2026-08-09 13:35:32.340
4469,2026-08-09 13:35:32.360
4470,2026-08-09 13:35:32.380
4471,2026-08-09 13:35:32.400
4472,2026-08-09 13:35:32.420
4473,2026-08-09 13:35:32.440
4474,2026-08-09 13:35:32.489
4475,2026-08-09 13:35:32.520
4476,2026-08-09 13:35:32.540
4477,2026-08-09 13:35:32.560
4478,2026-08-09 13:35:32.580
4479,2026-08-09 13:35:32.600
4480,2026-08-09 13:35:32.620
4481,2026-08-09 13:35:32.640
4482,2026-08-09 13:35:32.660
4483,2026-08-09 13:35:32.772
4484,2026-08-09 13:35:33.002
4485,2026-08-09 13:35:34.944
4486,2026-08-09 13:35:34.962
4487,2026-08-09 13:35:42.811
4488,2026-08-09 13:35:42.828
4489,2026-08-09 13:35:44.306
4490,2026-08-09 13:35:45.984
4491,2026-08-09 13:35:46.062
4492,2026-08-09 13:35:47.216
4493,2026-08-09 13:35:47.234
4494,2026-08-09 13:35:48.313
4495,2026-08-09 13:35:48.351
4496,2026-08-09 13:35:56.632
4497,2026-08-09 13:35:56.632
4498,2026-08-09 13:35:58.184
4499,2026-08-09 13:35:59.958
4500,2026-08-09 13:36:01.039
4501,2026-08-09 13:36:01.056
4502,2026-08-09 13:36:02.151
4503,2026-08-09 13:36:02.317
4504,2026-08-09 13:36:03.272
4505,2026-08-09 13:36:03.289
4506,2026-08-09 13:36:03.309
4507,2026-08-09 13:36:04.345
4508,2026-08-09 13:36:04.362
4509,2026-08-09 13:36:06.665
4510,2026-08-09 13:36:08.138
4511,2026-08-09 13:36:08.155
4512,2026-08-09 13:36:08.175
4513,2026-08-09 13:36:39.762
4514,2026-08-09 13:36:39.763
4515,2026-08-09 13:36:40.832
4516,2026-08-09 13:36:40.872
4517,2026-08-09 13:36:43.050
4518,2026-08-09 13:36:43.068
4519,2026-08-09 13:36:43.088
4520,2026-08-09 13:36:45.888
4521,2026-08-09 13:36:46.108
4522,2026-08-09 13:36:46.186
4523,2026-08-09 13:37:11.458
4524,2026-08-09 13:37:11.459
4525,2026-08-09 13:38:31.755
4526,2026-08-09 13:38:31.772
4527,2026-08-09 13:38:31.792
4528,2026-08-09 13:38:31.812
4529,2026-08-09 13:39:12.754
4530,2026-08-09 13:39:12.771
4531,2026-08-09 13:39:13.689
4532,2026-08-09 13:39:14.848
4533,2026-08-09 13:39:16.342
4534,2026-08-09 13:39:16.360
4535,2026-08-09 13:39:16.380
4536,2026-08-09 13:39:17.781
4537,2026-08-09 13:39:17.798
4538,2026-08-09 13:39:17.858
4539,2026-08-09 13:40:14.625
4540,2026-08-09 13:40:14.643
4541,2026-08-09 13:40:14.663
4542,2026-08-09 13:40:14.683
4543,2026-08-09 13:40:50.879
4544,2026-08-09 13:40:50.897
4545,2026-08-09 13:40:50.917
4546,2026-08-09 13:40:50.937
4547,2026-08-09 13:40:50.957
4548,2026-08-09 13:40:50.977
4549,2026-08-09 13:40:50.997
4550,2026-08-09 13:40:51.017
4551,2026-08-09 13:40:51.037
4552,2026-08-09 13:40:51.176
4553,2026-08-09 13:40:51.197
4554,2026-08-09 13:40:51.217
4555,2026-08-09 13:40:51.237
4556,2026-08-09 13:40:51.257
4557,2026-08-09 13:40:51.277
4558,2026-08-09 13:40:51.317
4559,2026-08-09 13:40:51.337
4560,2026-08-09 13:40:51.357
4561,2026-08-09 13:40:51.454
4562,2026-08-09 13:40:51.477
4563,2026-08-09 13:40:51.497
4564,2026-08-09 13:40:51.517
4565,2026-08-09 13:40:51.537
4566,2026-08-09 13:40:51.557
4567,2026-08-09 13:40:51.577
4568,2026-08-09 13:40:51.597
4569,2026-08-09 13:40:51.617
4570,2026-08-09 13:40:51.674
4571,2026-08-09 13:40:51.697
4572,2026-08-09 13:40:51.717
4573,2026-08-09 13:40:51.737
4574,2026-08-09 13:40:51.757
4575,2026-08-09 13:40:51.777
4576,2026-08-09 13:40:51.817
4577,2026-08-09 13:40:51.837
4578,2026-08-09 13:40:51.857
4579,2026-08-09 13:40:51.914
4580,2026-08-09 13:40:51.957
4581,2026-08-09 13:40:52.017
4582,2026-08-09 13:40:52.037
4583,2026-08-09 13:40:52.057
4584,2026-08-09 13:40:52.077
4585,2026-08-09 13:40:52.097
4586,2026-08-09 13:40:52.137
4587,2026-08-09 13:40:52.157
4588,2026-08-09 13:40:52.214
4589,2026-08-09 13:40:52.237
4590,2026-08-09 13:40:52.257
4591,2026-08-09 13:40:52.277
4592,2026-08-09 13:40:52.297
4593,2026-08-09 13:40:52.357
4594,2026-08-09 13:40:52.377
4595,2026-08-09 13:40:52.397
4596,2026-08-09 13:41:25.539
4597,2026-08-09 13:41:25.556
4598,2026-08-09 13:41:25.576
4599,2026-08-09 13:41:25.596
4600,2026-08-09 13:41:25.616
4601,2026-08-09 13:41:25.636
4602,2026-08-09 13:41:25.656
4603,2026-08-09 13:41:25.676
4604,2026-08-09 13:41:25.696
4605,2026-08-09 13:41:25.746
4606,2026-08-09 13:41:25.776
4607,2026-08-09 13:41:25.796
4608,2026-08-09 13:41:25.816
4609,2026-08-09 13:41:25.836
4610,2026-08-09 13:41:25.856
4611,2026-08-09 13:41:25.876
4612,2026-08-09 13:41:25.896
4613,2026-08-09 13:41:25.916
4614,2026-08-09 13:41:26.048
4615,2026-08-09 13:41:26.076
4616,2026-08-09 13:41:26.076
4617,2026-08-09 13:41:26.096
4618,2026-08-09 13:41:26.116
4619,2026-08-09 13:41:26.136
4620,2026-08-09 13:41:26.156
4621,2026-08-09 13:41:26.176
4622,2026-08-09 13:41:26.196
4623,2026-08-09 13:41:26.246
4624,2026-08-09 13:41:26.276
4625,2026-08-09 13:41:26.296
4626,2026-08-09 13:41:26.316
4627,2026-08-09 13:41:26.336
4628,2026-08-09 13:41:26.356
4629,2026-08-09 13:41:26.376
4630,2026-08-09 13:41:26.396
4631,2026-08-09 13:41:26.416
4632,2026-08-09 13:41:26.466
4633,2026-08-09 13:41:26.496
4634,2026-08-09 13:41:26.516
4635,2026-08-09 13:41:26.536
4636,2026-08-09 13:41:26.556
4637,2026-08-09 13:41:26.576
4638,2026-08-09 13:41:26.596
4639,2026-08-09 13:41:26.616
4640,2026-08-09 13:41:26.636
4641,2026-08-09 13:41:26.768
4642,2026-08-09 13:41:26.796
4643,2026-08-09 13:42:06.080
4644,2026-08-09 13:44:30.424
4645,2026-08-09 13:44:39.216
4646,2026-08-09 13:44:39.233
4647,2026-08-09 13:44:39.253
4648,2026-08-09 13:44:49.488
4649,2026-08-09 13:44:49.508
4650,2026-08-09 13:44:49.528
4651,2026-08-09 13:44:49.548
4652,2026-08-09 13:44:49.568
4653,2026-08-09 13:44:49.588
4654,2026-08-09 13:44:49.608
4655,2026-08-09 13:44:49.628
4656,2026-08-09 13:44:49.648
4657,2026-08-09 13:44:49.698
4658,2026-08-09 13:44:55.820
4659,2026-08-09 13:44:55.838
4660,2026-08-09 13:44:55.878
4661,2026-08-09 13:44:55.898
4662,2026-08-09 13:45:35.027
4663,2026-08-09 13:45:35.045
4664,2026-08-09 13:45:35.065
4665,2026-08-09 13:45:35.085
4666,2026-08-09 13:45:35.105
4667,2026-08-09 13:45:35.125
4668,2026-08-09 13:45:35.145
4669,2026-08-09 13:45:35.165
4670,2026-08-09 13:45:35.185
4671,2026-08-09 13:45:35.238
4672,2026-08-09 13:45:35.265
4673,2026-08-09 13:45:35.285
4674,2026-08-09 13:45:35.305
4675,2026-08-09 13:45:35.324
4676,2026-08-09 13:45:35.345
4677,2026-08-09 13:45:54.128
4678,2026-08-09 13:45:54.152
4679,2026-08-09 13:45:54.172
4680,2026-08-09 13:45:54.192
4681,2026-08-09 13:45:54.212
4682,2026-08-09 13:45:54.232
4683,2026-08-09 13:45:54.252
4684,2026-08-09 13:45:54.272
4685,2026-08-09 13:45:54.292
4686,2026-08-09 13:45:54.342
4687,2026-08-09 13:45:54.372
4688,2026-08-09 13:45:54.392
4689,2026-08-09 13:46:20.345
4690,2026-08-09 13:46:20.362
4691,2026-08-09 13:46:21.937
4692,2026-08-09 13:46:21.975
4693,2026-08-09 13:46:30.164
4694,2026-08-09 13:46:32.454
4695,2026-08-09 13:46:32.474
4696,2026-08-09 13:47:24.056
4697,2026-08-09 13:47:24.078
4698,2026-08-09 13:47:24.099
4699,2026-08-09 13:47:24.118
4700,2026-08-09 13:47:24.138
4701,2026-08-09 13:47:24.158
4702,2026-08-09 13:47:24.178
4703,2026-08-09 13:47:24.198
4704,2026-08-09 13:47:24.218
4705,2026-08-09 13:47:24.268
4706,2026-08-09 13:47:24.298
4707,2026-08-09 13:47:24.318
4708,2026-08-09 13:47:24.338
4709,2026-08-09 13:47:24.358
4710,2026-08-09 13:47:46.192
4711,2026-08-09 13:47:46.215
4712,2026-08-09 13:47:46.235
4713,2026-08-09 13:47:46.255
4714,2026-08-09 13:47:46.275
4715,2026-08-09 13:47:46.295
4716,2026-08-09 13:47:46.315
4717,2026-08-09 13:47:46.335
4718,2026-08-09 13:47:46.355
4719,2026-08-09 13:47:46.405
4720,2026-08-09 13:47:46.435
4721,2026-08-09 13:47:46.455
4722,2026-08-09 13:47:46.475
4723,2026-08-09 13:47:46.495
4724,2026-08-09 13:47:46.515
4725,2026-08-09 13:47:46.535
4726,2026-08-09 13:47:46.555
4727,2026-08-09 13:47:46.575
4728,2026-08-09 13:47:46.707
4729,2026-08-09 13:47:46.735
4730,2026-08-09 13:47:46.755
4731,2026-08-09 13:47:46.775
4732,2026-08-09 13:47:46.795
4733,2026-08-09 13:47:46.815
4734,2026-08-09 13:47:46.835
4735,2026-08-09 13:47:46.855
4736,2026-08-09 13:47:46.875
4737,2026-08-09 13:47:47.007
4738,2026-08-09 13:47:47.035
4739,2026-08-09 13:47:47.055
4740,2026-08-09 13:47:47.075
4741,2026-08-09 13:47:47.095
4742,2026-08-09 13:47:47.115
4743,2026-08-09 13:47:47.135
4744,2026-08-09 13:47:47.155
4745,2026-08-09 13:47:47.175
4746,2026-08-09 13:47:47.225
4747,2026-08-09 13:47:47.255
4748,2026-08-09 13:47:47.275
4749,2026-08-09 13:47:47.295
4750,2026-08-09 13:47:47.315
4751,2026-08-09 13:47:47.335
4752,2026-08-09 13:47:47.355
4753,2026-08-09 13:47:47.375
4754,2026-08-09 13:47:47.395
4755,2026-08-09 13:47:47.445
4756,2026-08-09 13:47:47.475
4757,2026-08-09 13:47:47.495
4758,2026-08-09 13:47:47.515
4759,2026-08-09 13:47:47.535
4760,2026-08-09 13:47:47.555
4761,2026-08-09 13:47:47.575
4762,2026-08-09 13:47:47.595
4763,2026-08-09 13:47:47.615
4764,2026-08-09 13:47:47.665
4765,2026-08-09 13:47:47.695
4766,2026-08-09 13:47:47.715
4767,2026-08-09 13:47:47.735
4768,2026-08-09 13:47:47.755
4769,2026-08-09 13:47:47.775
4770,2026-08-09 13:47:47.795
4771,2026-08-09 13:47:47.815
4772,2026-08-09 13:47:47.835
4773,2026-08-09 13:47:47.967
4774,2026-08-09 13:47:47.995
4775,2026-08-09 13:47:48.015
4776,2026-08-09 13:47:48.035
4777,2026-08-09 13:47:48.055
4778,2026-08-09 13:47:48.075
4779,2026-08-09 13:47:48.095
4780,2026-08-09 13:47:48.115
4781,2026-08-09 13:47:48.135
4782,2026-08-09 13:47:48.267
4783,2026-08-09 13:47:48.295
4784,2026-08-09 13:47:48.315
4785,2026-08-09 13:47:48.335
4786,2026-08-09 13:47:48.355
4787,2026-08-09 13:47:48.375
4788,2026-08-09 13:47:48.395
4789,2026-08-09 13:47:48.415
4790,2026-08-09 13:47:48.435
4791,2026-08-09 13:47:48.567
4792,2026-08-09 13:47:48.595
4793,2026-08-09 13:47:48.615
4794,2026-08-09 13:47:48.635
4795,2026-08-09 13:47:48.655
4796,2026-08-09 13:47:48.675
4797,2026-08-09 13:47:48.695
4798,2026-08-09 13:47:48.695
4799,2026-08-09 13:47:48.715
4800,2026-08-09 13:47:48.765
4801,2026-08-09 13:47:48.795
4802,2026-08-09 13:47:48.815
4803,2026-08-09 13:47:48.835
4804,2026-08-09 13:47:48.855
4805,2026-08-09 13:47:48.875
4806,2026-08-09 13:47:48.895
4807,2026-08-09 13:47:48.915
4808,2026-08-09 13:47:48.935
4809,2026-08-09 13:47:48.985
4810,2026-08-09 13:47:49.015
4811,2026-08-09 13:47:49.035
4812,2026-08-09 13:47:49.055
4813,2026-08-09 13:47:49.075
4814,2026-08-09 13:47:49.095
4815,2026-08-09 13:47:49.115
4816,2026-08-09 13:47:49.135
4817,2026-08-09 13:47:49.155
4818,2026-08-09 13:47:49.205
4819,2026-08-09 13:47:49.235
4820,2026-08-09 13:47:49.255
4821,2026-08-09 13:47:49.275
4822,2026-08-09 13:47:49.295
4823,2026-08-09 13:47:49.315
4824,2026-08-09 13:47:49.335
4825,2026-08-09 13:47:49.355
4826,2026-08-09 13:47:49.375
4827,2026-08-09 13:47:49.425
4828,2026-08-09 13:47:49.455
4829,2026-08-09 13:47:49.475
4830,2026-08-09 13:47:49.495
4831,2026-08-09 13:47:49.515
4832,2026-08-09 13:47:49.535
4833,2026-08-09 13:47:49.555
4834,2026-08-09 13:47:49.575
4835,2026-08-09 13:47:49.595
4836,2026-08-09 13:47:49.645
4837,2026-08-09 13:47:49.675
4838,2026-08-09 13:47:49.695
4839,2026-08-09 13:47:49.715
4840,2026-08-09 13:47:49.735
4841,2026-08-09 13:47:49.755
4842,2026-08-09 13:47:49.775
4843,2026-08-09 13:47:49.795
4844,2026-08-09 13:47:49.815
4845,2026-08-09 13:47:49.865
4846,2026-08-09 13:47:49.895
4847,2026-08-09 13:47:49.915
4848,2026-08-09 13:47:49.935
4849,2026-08-09 13:47:49.955
4850,2026-08-09 13:47:49.975
4851,2026-08-09 13:47:49.995
4852,2026-08-09 13:47:50.015
4853,2026-08-09 13:47:50.035
4854,2026-08-09 13:47:50.085
4855,2026-08-09 13:47:50.115
4856,2026-08-09 13:47:50.135
4857,2026-08-09 13:47:50.155
4858,2026-08-09 13:47:50.175
4859,2026-08-09 13:47:50.195
4860,2026-08-09 13:47:50.215
4861,2026-08-09 13:47:50.235
4862,2026-08-09 13:47:50.255
4863,2026-08-09 13:47:50.305
4864,2026-08-09 13:47:50.335
4865,2026-08-09 13:47:50.355
4866,2026-08-09 13:47:50.375
4867,2026-08-09 13:47:50.395
4868,2026-08-09 13:47:50.415
4869,2026-08-09 13:47:50.435
4870,2026-08-09 13:47:50.455
4871,2026-08-09 13:47:50.475
4872,2026-08-09 13:47:50.607
4873,2026-08-09 13:47:50.635
4874,2026-08-09 13:47:50.655
4875,2026-08-09 13:47:50.675
4876,2026-08-09 13:47:50.695
4877,2026-08-09 13:47:50.715
4878,2026-08-09 13:47:50.735
4879,2026-08-09 13:47:50.755
4880,2026-08-09 13:47:50.775
4881,2026-08-09 13:47:50.907
4882,2026-08-09 13:47:50.935
4883,2026-08-09 13:47:50.955
4884,2026-08-09 13:47:50.975
4885,2026-08-09 13:47:50.995
4886,2026-08-09 13:47:51.015
4887,2026-08-09 13:47:51.035
4888,2026-08-09 13:47:51.055
4889,2026-08-09 13:47:51.075
4890,2026-08-09 13:47:51.207
4891,2026-08-09 13:47:51.235
4892,2026-08-09 13:47:51.255
4893,2026-08-09 13:47:51.275
4894,2026-08-09 13:47:51.295
4895,2026-08-09 13:47:51.315
4896,2026-08-09 13:47:51.335
4897,2026-08-09 13:47:51.355
4898,2026-08-09 13:47:51.375
4899,2026-08-09 13:47:51.425
4900,2026-08-09 13:47:51.455
4901,2026-08-09 13:47:51.475
4902,2026-08-09 13:47:51.495
4903,2026-08-09 13:47:51.515
4904,2026-08-09 13:47:51.535
4905,2026-08-09 13:47:51.555
4906,2026-08-09 13:47:51.575
4907,2026-08-09 13:47:51.595
4908,2026-08-09 13:47:51.707
4909,2026-08-09 13:47:51.735
4910,2026-08-09 13:47:51.755
4911,2026-08-09 13:47:51.775
4912,2026-08-09 13:47:51.795
4913,2026-08-09 13:47:51.815
4914,2026-08-09 13:47:51.835
4915,2026-08-09 13:47:51.855
4916,2026-08-09 13:47:51.875
4917,2026-08-09 13:47:51.925
4918,2026-08-09 13:47:51.955
4919,2026-08-09 13:47:51.975
4920,2026-08-09 13:47:51.995
4921,2026-08-09 13:47:52.015
4922,2026-08-09 13:47:52.035
4923,2026-08-09 13:47:52.055
4924,2026-08-09 13:47:52.075
4925,2026-08-09 13:47:52.095
4926,2026-08-09 13:47:52.145
4927,2026-08-09 13:47:52.175
4928,2026-08-09 13:47:52.195
4929,2026-08-09 13:47:52.215
4930,2026-08-09 13:47:52.235
4931,2026-08-09 13:47:52.255
4932,2026-08-09 13:47:52.275
4933,2026-08-09 13:47:52.295
4934,2026-08-09 13:47:52.315
4935,2026-08-09 13:47:52.365
4936,2026-08-09 13:47:52.395
4937,2026-08-09 13:47:52.415
4938,2026-08-09 13:47:52.435
4939,2026-08-09 13:47:52.455
4940,2026-08-09 13:47:52.475
4941,2026-08-09 13:47:52.495
4942,2026-08-09 13:47:52.515
4943,2026-08-09 13:47:52.535
4944,2026-08-09 13:47:52.585
4945,2026-08-09 13:47:52.615
4946,2026-08-09 13:47:52.635
4947,2026-08-09 13:47:52.655
4948,2026-08-09 13:47:52.675
4949,2026-08-09 13:47:52.695
4950,2026-08-09 13:47:52.715
4951,2026-08-09 13:47:52.735
4952,2026-08-09 13:47:52.755
4953,2026-08-09 13:47:52.805
4954,2026-08-09 13:47:52.835
4955,2026-08-09 13:47:52.855
4956,2026-08-09 13:47:52.875
4957,2026-08-09 13:47:52.895
4958,2026-08-09 13:47:52.915
4959,2026-08-09 13:47:52.935
4960,2026-08-09 13:47:52.955
4961,2026-08-09 13:47:52.975
4962,2026-08-09 13:47:53.025
4963,2026-08-09 13:47:53.055
4964,2026-08-09 13:47:53.075
4965,2026-08-09 13:47:53.095
4966,2026-08-09 13:47:53.115
4967,2026-08-09 13:47:53.135
4968,2026-08-09 13:47:53.155
4969,2026-08-09 13:47:53.175
4970,2026-08-09 13:47:53.195
4971,2026-08-09 13:47:53.245
4972,2026-08-09 13:47:53.275
4973,2026-08-09 13:47:53.295
4974,2026-08-09 13:47:53.315
4975,2026-08-09 13:47:53.335
4976,2026-08-09 13:47:53.355
1,2026-08-09 13:47:53.375
2,2026-08-09 13:47:53.395
3,2026-08-09 13:47:53.415
4,2026-08-09 13:47:53.547
5,2026-08-09 13:47:53.575
6,2026-08-09 13:47:53.595
7,2026-08-09 13:47:53.615
8,2026-08-09 13:47:53.635
9,2026-08-09 13:47:53.655
10,2026-08-09 13:47:53.675
11,2026-08-09 13:47:53.695
12,2026-08-09 13:47:53.715
13,2026-08-09 13:47:53.745
14,2026-08-09 13:47:53.775
15,2026-08-09 13:47:53.795
16,2026-08-09 13:47:53.815
17,2026-08-09 13:47:53.835
18,2026-08-09 13:47:53.855
19,2026-08-09 13:47:53.875
20,2026-08-09 13:47:53.895
21,2026-08-09 13:47:53.915
22,2026-08-09 13:47:53.965
23,2026-08-09 13:47:53.995
24,2026-08-09 13:47:54.015
25,2026-08-09 13:47:54.035
26,2026-08-09 13:47:54.055
27,2026-08-09 13:47:54.075
28,2026-08-09 13:47:54.095
29,2026-08-09 13:47:54.115
30,2026-08-09 13:47:54.135
31,2026-08-09 13:47:54.185
32,2026-08-09 13:47:54.215
33,2026-08-09 13:47:54.235
34,2026-08-09 13:47:54.255
35,2026-08-09 13:47:54.275
36,2026-08-09 13:47:54.295
37,2026-08-09 13:47:54.315
38,2026-08-09 13:47:54.335
39,2026-08-09 13:47:54.355
40,2026-08-09 13:47:54.405
41,2026-08-09 13:47:54.435
42,2026-08-09 13:47:54.455
43,2026-08-09 13:47:54.475
44,2026-08-09 13:47:54.495
45,2026-08-09 13:47:54.515
46,2026-08-09 13:47:54.535
47,2026-08-09 13:47:54.555
48,2026-08-09 13:47:54.575
49,2026-08-09 13:47:54.707
50,2026-08-09 13:47:54.735
51,2026-08-09 13:47:54.755
52,2026-08-09 13:47:54.775
53,2026-08-09 13:47:54.795
54,2026-08-09 13:47:54.815
55,2026-08-09 13:47:54.835
56,2026-08-09 13:47:54.855
57,2026-08-09 13:47:54.875
58,2026-08-09 13:47:54.925
59,2026-08-09 13:47:54.955
60,2026-08-09 13:47:54.975
61,2026-08-09 13:47:54.995
62,2026-08-09 13:47:55.015
63,2026-08-09 13:47:55.035
64,2026-08-09 13:47:55.055
65,2026-08-09 13:47:55.075
66,2026-08-09 13:47:55.095
67,2026-08-09 13:47:55.227
68,2026-08-09 13:47:55.255
69,2026-08-09 13:47:55.275
70,2026-08-09 13:47:55.295
71,2026-08-09 13:47:55.315
72,2026-08-09 13:47:55.335
73,2026-08-09 13:47:55.355
74,2026-08-09 13:47:55.375
75,2026-08-09 13:47:55.395
76,2026-08-09 13:47:55.527
77,2026-08-09 13:47:55.555
78,2026-08-09 13:47:55.575
79,2026-08-09 13:47:55.595
80,2026-08-09 13:47:55.615
81,2026-08-09 13:47:55.635
82,2026-08-09 13:47:55.655
83,2026-08-09 13:47:55.675
84,2026-08-09 13:47:55.695
85,2026-08-09 13:47:55.745
86,2026-08-09 13:47:55.775
87,2026-08-09 13:47:55.795
88,2026-08-09 13:47:55.815
89,2026-08-09 13:47:55.835
90,2026-08-09 13:47:55.855
91,2026-08-09 13:47:55.875
92,2026-08-09 13:47:55.895
93,2026-08-09 13:47:55.915
94,2026-08-09 13:47:55.965
95,2026-08-09 13:47:55.995
96,2026-08-09 13:47:56.015
97,2026-08-09 13:47:56.035
98,2026-08-09 13:47:56.055
99,2026-08-09 13:47:56.075
100,2026-08-09 13:47:56.095
101,2026-08-09 13:47:56.115
102,2026-08-09 13:47:56.135
103,2026-08-09 13:47:56.185
104,2026-08-09 13:47:56.215
105,2026-08-09 13:47:56.235
106,2026-08-09 13:47:56.255
107,2026-08-09 13:47:56.275
108,2026-08-09 13:47:56.295
109,2026-08-09 13:47:56.315
110,2026-08-09 13:47:56.335
111,2026-08-09 13:47:56.355
112,2026-08-09 13:47:56.405
113,2026-08-09 13:47:56.435
114,2026-08-09 13:47:56.455
115,2026-08-09 13:47:56.475
116,2026-08-09 13:47:56.495
117,2026-08-09 13:47:56.515
118,2026-08-09 13:47:56.535
119,2026-08-09 13:47:56.555
120,2026-08-09 13:47:56.575
121,2026-08-09 13:47:56.707
122,2026-08-09 13:47:56.735
123,2026-08-09 13:47:56.755
124,2026-08-09 13:47:56.775
125,2026-08-09 13:47:56.795
126,2026-08-09 13:47:56.815
127,2026-08-09 13:47:56.835
128,2026-08-09 13:47:56.855
129,2026-08-09 13:47:56.875
130,2026-08-09 13:47:57.007
131,2026-08-09 13:47:57.035
132,2026-08-09 13:47:57.055
133,2026-08-09 13:47:57.075
134,2026-08-09 13:47:57.095
135,2026-08-09 13:47:57.115
136,2026-08-09 13:47:57.135
137,2026-08-09 13:47:57.155
138,2026-08-09 13:47:57.175
139,2026-08-09 13:48:00.579
140,2026-08-09 13:48:00.584
141,2026-08-09 13:48:32.948
142,2026-08-09 13:48:34.120
143,2026-08-09 13:48:34.138
144,2026-08-09 13:48:55.182
145,2026-08-09 13:48:55.200
146,2026-08-09 13:48:55.220
147,2026-08-09 13:48:55.260
148,2026-08-09 13:48:55.300
149,2026-08-09 13:48:55.320
150,2026-08-09 13:48:55.340
151,2026-08-09 13:48:55.360
152,2026-08-09 13:48:55.380
153,2026-08-09 13:48:55.485
154,2026-08-09 13:48:55.520
155,2026-08-09 13:48:55.540
156,2026-08-09 13:48:55.560
157,2026-08-09 13:48:55.580
158,2026-08-09 13:48:55.600
159,2026-08-09 13:48:55.620
160,2026-08-09 13:48:55.640
161,2026-08-09 13:48:55.660
162,2026-08-09 13:48:55.722
163,2026-08-09 13:48:55.740
164,2026-08-09 13:48:55.760
165,2026-08-09 13:48:55.780
166,2026-08-09 13:48:55.800
167,2026-08-09 13:48:55.840
168,2026-08-09 13:48:55.880
169,2026-08-09 13:48:55.900
170,2026-08-09 13:48:55.920
171,2026-08-09 13:48:55.982
172,2026-08-09 13:48:56.000
173,2026-08-09 13:48:56.020
174,2026-08-09 13:48:56.040
175,2026-08-09 13:48:56.060
176,2026-08-09 13:48:56.100
177,2026-08-09 13:48:56.140
178,2026-08-09 13:48:56.160
179,2026-08-09 13:48:56.180
180,2026-08-09 13:48:56.325
181,2026-08-09 13:48:56.360
182,2026-08-09 13:48:56.380
183,2026-08-09 13:48:56.440
184,2026-08-09 13:48:56.460
185,2026-08-09 13:48:56.480
186,2026-08-09 13:48:56.500
187,2026-08-09 13:48:56.520
188,2026-08-09 13:48:56.540
189,2026-08-09 13:48:56.700
190,2026-08-09 13:48:56.720
191,2026-08-09 13:48:56.760
192,2026-08-09 13:49:17.541
193,2026-08-09 13:49:17.570
194,2026-08-09 13:49:17.590
195,2026-08-09 13:49:17.610
196,2026-08-09 13:49:17.630
197,2026-08-09 13:49:17.665
198,2026-08-09 13:49:17.690
199,2026-08-09 13:49:17.710
200,2026-08-09 13:49:17.730
201,2026-08-09 13:49:17.780
202,2026-08-09 13:49:17.810
203,2026-08-09 13:49:17.830
204,2026-08-09 13:49:17.850
205,2026-08-09 13:49:17.870
206,2026-08-09 13:49:17.890
207,2026-08-09 13:49:17.891
208,2026-08-09 13:49:17.910
209,2026-08-09 13:49:17.930
210,2026-08-09 13:49:18.063
211,2026-08-09 13:49:18.090
212,2026-08-09 13:49:18.110
213,2026-08-09 13:49:18.130
214,2026-08-09 13:49:18.150
215,2026-08-09 13:49:18.170
216,2026-08-09 13:49:18.190
217,2026-08-09 13:49:18.210
218,2026-08-09 13:49:18.230
219,2026-08-09 13:49:18.363
220,2026-08-09 13:49:18.390
221,2026-08-09 13:49:18.410
222,2026-08-09 13:49:18.430
223,2026-08-09 13:49:18.450
224,2026-08-09 13:49:18.470
225,2026-08-09 13:49:18.490
226,2026-08-09 13:49:18.510
227,2026-08-09 13:49:18.530
228,2026-08-09 13:49:18.663
229,2026-08-09 13:49:18.690
230,2026-08-09 13:49:18.710
231,2026-08-09 13:49:18.730
232,2026-08-09 13:49:18.750
233,2026-08-09 13:49:18.770
234,2026-08-09 13:49:18.790
235,2026-08-09 13:49:18.810
236,2026-08-09 13:49:18.830
237,2026-08-09 13:49:18.963
238,2026-08-09 13:49:18.990
239,2026-08-09 13:49:19.010
240,2026-08-09 13:49:19.030
241,2026-08-09 13:49:19.050
242,2026-08-09 13:49:19.070
243,2026-08-09 13:49:19.090
244,2026-08-09 13:49:19.110
245,2026-08-09 13:49:19.130
246,2026-08-09 13:49:19.180
247,2026-08-09 13:49:19.210
248,2026-08-09 13:49:19.230
249,2026-08-09 13:49:19.250
250,2026-08-09 13:49:19.270
251,2026-08-09 13:49:19.290
252,2026-08-09 13:49:19.310
253,2026-08-09 13:49:19.330
254,2026-08-09 13:49:19.350
255,2026-08-09 13:49:19.400
256,2026-08-09 13:49:19.430
257,2026-08-09 13:49:19.450
258,2026-08-09 13:49:19.470
259,2026-08-09 13:49:19.490
260,2026-08-09 13:49:19.510
261,2026-08-09 13:49:19.530
262,2026-08-09 13:49:19.550
263,2026-08-09 13:49:19.570
264,2026-08-09 13:49:19.620
265,2026-08-09 13:49:19.650
266,2026-08-09 13:49:19.670
267,2026-08-09 13:49:19.690
268,2026-08-09 13:49:19.710
269,2026-08-09 13:49:19.730
270,2026-08-09 13:49:19.750
271,2026-08-09 13:49:19.770
272,2026-08-09 13:49:19.790
273,2026-08-09 13:49:19.840
274,2026-08-09 13:49:19.870
275,2026-08-09 13:49:19.890
276,2026-08-09 13:49:19.910
277,2026-08-09 13:49:19.930
278,2026-08-09 13:49:19.950
279,2026-08-09 13:49:19.970
280,2026-08-09 13:49:19.990
281,2026-08-09 13:49:20.010
282,2026-08-09 13:49:20.060
283,2026-08-09 13:49:20.090
284,2026-08-09 13:49:20.110
285,2026-08-09 13:49:20.130
286,2026-08-09 13:49:20.150
287,2026-08-09 13:49:20.170
288,2026-08-09 13:49:20.190
289,2026-08-09 13:49:20.210
290,2026-08-09 13:49:20.230
291,2026-08-09 13:49:20.280
292,2026-08-09 13:49:20.310
293,2026-08-09 13:49:20.330
294,2026-08-09 13:49:20.350
295,2026-08-09 13:49:20.370
296,2026-08-09 13:49:20.390
297,2026-08-09 13:49:20.410
298,2026-08-09 13:49:20.430
299,2026-08-09 13:49:20.450
300,2026-08-09 13:49:20.500
301,2026-08-09 13:49:20.530
302,2026-08-09 13:49:20.550
303,2026-08-09 13:49:20.570
304,2026-08-09 13:49:20.590
305,2026-08-09 13:49:20.610
306,2026-08-09 13:49:20.630
307,2026-08-09 13:49:20.650
308,2026-08-09 13:49:20.670
309,2026-08-09 13:49:20.720
310,2026-08-09 13:49:20.750
311,2026-08-09 13:49:20.770
312,2026-08-09 13:49:20.790
313,2026-08-09 13:49:20.810
314,2026-08-09 13:49:20.830
315,2026-08-09 13:49:20.850
316,2026-08-09 13:49:20.870
317,2026-08-09 13:49:20.890
318,2026-08-09 13:49:21.023
319,2026-08-09 13:49:21.050
320,2026-08-09 13:49:21.070
321,2026-08-09 13:49:21.090
322,2026-08-09 13:49:21.110
323,2026-08-09 13:49:21.130
324,2026-08-09 13:49:21.150
325,2026-08-09 13:49:21.170
326,2026-08-09 13:49:21.190
327,2026-08-09 13:49:21.240
328,2026-08-09 13:49:21.270
329,2026-08-09 13:49:21.290
330,2026-08-09 13:49:21.310
331,2026-08-09 13:49:21.330
332,2026-08-09 13:49:21.350
333,2026-08-09 13:49:21.370
334,2026-08-09 13:49:21.390
335,2026-08-09 13:49:21.410
336,2026-08-09 13:49:21.460
337,2026-08-09 13:49:21.490
338,2026-08-09 13:49:21.510
339,2026-08-09 13:49:21.530
340,2026-08-09 13:49:21.550
341,2026-08-09 13:49:21.570
342,2026-08-09 13:49:21.590
343,2026-08-09 13:49:21.610
344,2026-08-09 13:49:21.630
345,2026-08-09 13:49:21.680
346,2026-08-09 13:49:21.710
347,2026-08-09 13:49:21.730
348,2026-08-09 13:49:21.750
349,2026-08-09 13:49:21.770
350,2026-08-09 13:49:21.790
351,2026-08-09 13:49:21.810
352,2026-08-09 13:49:21.830
353,2026-08-09 13:49:21.850
354,2026-08-09 13:49:21.900
355,2026-08-09 13:49:21.930
356,2026-08-09 13:49:21.950
357,2026-08-09 13:49:21.970
358,2026-08-09 13:49:21.990
359,2026-08-09 13:49:22.010
360,2026-08-09 13:49:22.030
361,2026-08-09 13:49:22.050
362,2026-08-09 13:49:22.070
363,2026-08-09 13:49:22.120
364,2026-08-09 13:49:22.150
365,2026-08-09 13:49:22.170
366,2026-08-09 13:49:22.190
367,2026-08-09 13:49:22.210
368,2026-08-09 13:49:22.230
369,2026-08-09 13:49:22.250
370,2026-08-09 13:49:22.270
371,2026-08-09 13:49:22.290
372,2026-08-09 13:49:22.340
373,2026-08-09 13:49:22.370
374,2026-08-09 13:49:22.390
375,2026-08-09 13:49:22.410
376,2026-08-09 13:49:22.430
377,2026-08-09 13:49:22.450
378,2026-08-09 13:49:22.470
379,2026-08-09 13:49:22.490
380,2026-08-09 13:49:22.510
381,2026-08-09 13:49:22.560
382,2026-08-09 13:49:22.590
383,2026-08-09 13:49:22.610
384,2026-08-09 13:49:22.630
385,2026-08-09 13:49:22.650
386,2026-08-09 13:49:22.670
387,2026-08-09 13:49:22.690
388,2026-08-09 13:49:22.710
389,2026-08-09 13:49:22.730
390,2026-08-09 13:49:22.780
391,2026-08-09 13:49:22.810
392,2026-08-09 13:49:22.830
393,2026-08-09 13:49:22.850
394,2026-08-09 13:49:22.870
395,2026-08-09 13:49:22.890
396,2026-08-09 13:49:22.891
397,2026-08-09 13:49:22.910
398,2026-08-09 13:49:22.930
399,2026-08-09 13:49:22.980
400,2026-08-09 13:49:23.010
401,2026-08-09 13:49:23.030
402,2026-08-09 13:49:23.050
403,2026-08-09 13:49:23.070
404,2026-08-09 13:49:23.090
405,2026-08-09 13:49:23.110
406,2026-08-09 13:49:23.130
407,2026-08-09 13:49:23.150
408,2026-08-09 13:49:23.282
409,2026-08-09 13:49:23.310
410,2026-08-09 13:49:23.330
411,2026-08-09 13:49:23.350
412,2026-08-09 13:49:23.370
413,2026-08-09 13:49:23.390
414,2026-08-09 13:49:23.410
415,2026-08-09 13:49:23.430
416,2026-08-09 13:49:23.450
417,2026-08-09 13:49:23.583
418,2026-08-09 13:49:23.610
419,2026-08-09 13:49:23.630
420,2026-08-09 13:49:23.650
421,2026-08-09 13:49:23.670
422,2026-08-09 13:49:23.690
423,2026-08-09 13:49:23.710
424,2026-08-09 13:49:23.730
425,2026-08-09 13:49:23.750
426,2026-08-09 13:49:23.800
427,2026-08-09 13:49:23.830
428,2026-08-09 13:49:23.850
429,2026-08-09 13:49:23.870
430,2026-08-09 13:49:23.890
431,2026-08-09 13:49:23.910
432,2026-08-09 13:49:23.930
433,2026-08-09 13:49:23.950
434,2026-08-09 13:49:23.970
435,2026-08-09 13:49:23.991
436,2026-08-09 13:49:24.010
437,2026-08-09 13:49:24.028
438,2026-08-09 13:49:24.035
439,2026-08-09 13:50:27.443
440,2026-08-09 13:50:27.449
441,2026-08-09 13:50:27.464
442,2026-08-09 13:50:27.484
443,2026-08-09 13:50:27.504
444,2026-08-09 13:50:27.524
445,2026-08-09 13:50:27.544
446,2026-08-09 13:50:27.564
447,2026-08-09 13:50:27.584
448,2026-08-09 13:50:27.634
449,2026-08-09 13:50:27.664
450,2026-08-09 13:50:27.684
451,2026-08-09 13:50:27.704
452,2026-08-09 13:50:27.724
453,2026-08-09 13:50:27.744
454,2026-08-09 13:50:27.764
455,2026-08-09 13:50:27.784
456,2026-08-09 13:50:27.804
457,2026-08-09 13:50:27.854
458,2026-08-09 13:50:27.884
459,2026-08-09 13:50:27.904
460,2026-08-09 13:50:27.924
461,2026-08-09 13:50:27.944
462,2026-08-09 13:50:27.964
463,2026-08-09 13:50:27.984
464,2026-08-09 13:50:28.004
465,2026-08-09 13:50:28.024
466,2026-08-09 13:50:28.156
467,2026-08-09 13:50:28.184
468,2026-08-09 13:50:28.204
469,2026-08-09 13:50:28.224
470,2026-08-09 13:50:28.244
471,2026-08-09 13:50:28.264
472,2026-08-09 13:50:28.284
473,2026-08-09 13:50:28.304
474,2026-08-09 13:50:28.324
475,2026-08-09 13:50:28.374
476,2026-08-09 13:51:03.208
477,2026-08-09 13:51:34.184
478,2026-08-09 13:51:34.201
479,2026-08-09 13:51:34.221
480,2026-08-09 13:51:34.241
481,2026-08-09 13:51:34.261
482,2026-08-09 13:51:34.281
483,2026-08-09 13:51:34.301
484,2026-08-09 13:51:34.321
485,2026-08-09 13:51:34.341
486,2026-08-09 13:51:34.473
487,2026-08-09 13:51:34.501
488,2026-08-09 13:51:34.521
489,2026-08-09 13:51:34.541
490,2026-08-09 13:51:34.561
491,2026-08-09 13:51:34.581
492,2026-08-09 13:51:34.601
493,2026-08-09 13:51:34.621
494,2026-08-09 13:51:34.641
495,2026-08-09 13:51:34.691
496,2026-08-09 13:51:34.721
497,2026-08-09 13:51:34.741
498,2026-08-09 13:51:34.761
499,2026-08-09 13:51:34.781
500,2026-08-09 13:51:34.801
501,2026-08-09 13:51:34.821
502,2026-08-09 13:51:34.841
503,2026-08-09 13:51:34.861
504,2026-08-09 13:51:34.994
505,2026-08-09 13:51:35.021
506,2026-08-09 13:51:35.041
507,2026-08-09 13:51:35.061
508,2026-08-09 13:51:35.081
509,2026-08-09 13:51:35.101
510,2026-08-09 13:51:35.121
511,2026-08-09 13:51:35.141
512,2026-08-09 13:51:35.161
513,2026-08-09 13:51:35.211
514,2026-08-09 13:51:35.241
515,2026-08-09 13:51:35.261
516,2026-08-09 13:51:35.281
517,2026-08-09 13:51:35.301
518,2026-08-09 13:51:35.321
519,2026-08-09 13:51:35.341
520,2026-08-09 13:51:35.361
521,2026-08-09 13:51:35.381
522,2026-08-09 13:51:35.431
523,2026-08-09 13:51:35.461
524,2026-08-09 13:51:35.481
525,2026-08-09 13:51:35.501
526,2026-08-09 13:51:35.521
527,2026-08-09 13:51:35.541
528,2026-08-09 13:51:35.561
529,2026-08-09 13:51:35.581
530,2026-08-09 13:51:35.601
531,2026-08-09 13:51:35.651
532,2026-08-09 13:51:35.681
533,2026-08-09 13:51:35.701
534,2026-08-09 13:51:35.721
535,2026-08-09 13:51:35.721
536,2026-08-09 13:51:35.741
537,2026-08-09 13:51:35.761
538,2026-08-09 13:51:35.781
539,2026-08-09 13:51:35.801
540,2026-08-09 13:51:35.933
541,2026-08-09 13:51:35.961
542,2026-08-09 13:51:35.981
543,2026-08-09 13:51:36.001
544,2026-08-09 13:51:36.021
545,2026-08-09 13:51:36.041
546,2026-08-09 13:51:36.061
547,2026-08-09 13:51:36.081
548,2026-08-09 13:51:36.101
549,2026-08-09 13:51:36.234
550,2026-08-09 13:51:36.261
551,2026-08-09 13:51:36.300
552,2026-08-09 13:51:55.032
553,2026-08-09 13:51:55.054
554,2026-08-09 13:51:55.074
555,2026-08-09 13:51:55.094
556,2026-08-09 13:51:55.114
557,2026-08-09 13:51:55.134
558,2026-08-09 13:51:55.154
559,2026-08-09 13:51:55.174
560,2026-08-09 13:51:55.194
561,2026-08-09 13:51:55.244
562,2026-08-09 13:51:55.274
563,2026-08-09 13:51:55.294
564,2026-08-09 13:51:55.314
565,2026-08-09 13:52:47.400
566,2026-08-09 13:53:21.784
567,2026-08-09 13:53:21.807
568,2026-08-09 13:53:21.827
569,2026-08-09 13:53:21.847
570,2026-08-09 13:53:21.867
571,2026-08-09 13:53:21.887
572,2026-08-09 13:53:21.907
573,2026-08-09 13:53:21.927
574,2026-08-09 13:53:21.947
575,2026-08-09 13:53:21.997
576,2026-08-09 13:53:22.027
577,2026-08-09 13:53:22.047
578,2026-08-09 13:53:22.067
579,2026-08-09 13:53:22.087
580,2026-08-09 13:53:22.107
581,2026-08-09 13:53:22.127
582,2026-08-09 13:53:22.147
583,2026-08-09 13:53:22.167
584,2026-08-09 13:53:22.299
585,2026-08-09 13:53:22.327
586,2026-08-09 13:53:22.347
587,2026-08-09 13:53:22.367
588,2026-08-09 13:53:22.387
589,2026-08-09 13:53:22.407
590,2026-08-09 13:53:22.427
591,2026-08-09 13:53:22.447
592,2026-08-09 13:53:22.467
593,2026-08-09 13:53:22.517
594,2026-08-09 13:53:22.547
595,2026-08-09 13:53:22.567
596,2026-08-09 13:53:22.587
597,2026-08-09 13:53:22.607
598,2026-08-09 13:53:22.627
599,2026-08-09 13:53:22.647
600,2026-08-09 13:53:22.667
601,2026-08-09 13:53:22.687
602,2026-08-09 13:53:22.737
603,2026-08-09 13:53:22.767
604,2026-08-09 13:53:22.787
605,2026-08-09 13:53:22.807
606,2026-08-09 13:53:22.827
607,2026-08-09 13:53:22.847
608,2026-08-09 13:53:22.867
609,2026-08-09 13:53:22.887
610,2026-08-09 13:53:22.907
611,2026-08-09 13:53:23.039
612,2026-08-09 13:53:23.067
613,2026-08-09 13:53:23.087
614,2026-08-09 13:53:23.107
615,2026-08-09 13:53:23.127
616,2026-08-09 13:53:23.147
617,2026-08-09 13:53:23.167
618,2026-08-09 13:53:23.187
619,2026-08-09 13:53:23.207
620,2026-08-09 13:53:23.337
621,2026-08-09 13:53:23.367
622,2026-08-09 13:53:23.387
623,2026-08-09 13:53:23.407
624,2026-08-09 13:53:23.427
625,2026-08-09 13:53:23.447
626,2026-08-09 13:53:23.467
627,2026-08-09 13:53:23.487
628,2026-08-09 13:53:23.507
629,2026-08-09 13:53:23.557
630,2026-08-09 13:53:23.587
631,2026-08-09 13:53:23.607
632,2026-08-09 13:53:23.627
633,2026-08-09 13:53:23.647
634,2026-08-09 13:53:23.667
635,2026-08-09 13:53:23.687
636,2026-08-09 13:53:23.707
637,2026-08-09 13:53:23.727
638,2026-08-09 13:53:23.777
639,2026-08-09 13:53:23.807
640,2026-08-09 13:53:23.827
641,2026-08-09 13:53:23.847
642,2026-08-09 13:53:23.867
643,2026-08-09 13:53:23.887
644,2026-08-09 13:53:23.907
645,2026-08-09 13:53:23.927
646,2026-08-09 13:53:23.947
647,2026-08-09 13:53:24.079
648,2026-08-09 13:53:24.107
649,2026-08-09 13:53:24.127
650,2026-08-09 13:53:24.147
651,2026-08-09 13:53:24.167
652,2026-08-09 13:53:24.187
653,2026-08-09 13:53:24.207
654,2026-08-09 13:53:24.227
655,2026-08-09 13:53:24.247
656,2026-08-09 13:53:24.297
657,2026-08-09 13:53:24.327
658,2026-08-09 13:53:24.347
659,2026-08-09 13:53:24.367
660,2026-08-09 13:53:24.387
661,2026-08-09 13:53:24.407
662,2026-08-09 13:53:24.427
663,2026-08-09 13:53:24.447
664,2026-08-09 13:53:24.467
665,2026-08-09 13:53:24.516
666,2026-08-09 13:53:24.547
667,2026-08-09 13:53:24.567
668,2026-08-09 13:53:24.587
669,2026-08-09 13:53:24.607
670,2026-08-09 13:53:24.627
671,2026-08-09 13:53:24.647
672,2026-08-09 13:53:24.667
673,2026-08-09 13:53:24.687
674,2026-08-09 13:53:24.819
675,2026-08-09 13:53:24.847
676,2026-08-09 13:53:24.867
677,2026-08-09 13:53:24.887
678,2026-08-09 13:53:24.907
679,2026-08-09 13:53:24.927
680,2026-08-09 13:53:24.947
681,2026-08-09 13:53:24.967
682,2026-08-09 13:53:24.987
683,2026-08-09 13:53:25.037
684,2026-08-09 13:53:25.067
685,2026-08-09 13:53:25.087
686,2026-08-09 13:53:35.590
687,2026-08-09 13:53:35.590
688,2026-08-09 13:53:35.607
689,2026-08-09 13:53:35.647
690,2026-08-09 13:53:43.032
691,2026-08-09 13:53:43.056
692,2026-08-09 13:53:43.076
693,2026-08-09 13:53:43.096
694,2026-08-09 13:53:43.116
695,2026-08-09 13:53:43.136
696,2026-08-09 13:53:43.156
697,2026-08-09 13:53:43.176
698,2026-08-09 13:53:43.196
699,2026-08-09 13:53:43.246
700,2026-08-09 13:53:43.276
701,2026-08-09 13:53:43.296
702,2026-08-09 13:53:43.316
703,2026-08-09 13:53:43.316
704,2026-08-09 13:53:43.336
705,2026-08-09 13:53:43.356
706,2026-08-09 13:53:43.376
707,2026-08-09 13:53:43.396
708,2026-08-09 13:53:43.446
709,2026-08-09 13:53:43.476
710,2026-08-09 13:53:43.496
711,2026-08-09 13:54:05.747
712,2026-08-09 13:54:05.764
713,2026-08-09 13:54:05.784
714,2026-08-09 13:54:37.570
715,2026-08-09 13:54:37.588
716,2026-08-09 13:54:37.608
717,2026-08-09 13:54:37.648
718,2026-08-09 13:55:06.742
719,2026-08-09 13:55:06.764
720,2026-08-09 13:55:06.784
721,2026-08-09 13:55:06.804
722,2026-08-09 13:55:06.824
723,2026-08-09 13:55:06.845
724,2026-08-09 13:55:06.864
725,2026-08-09 13:55:06.884
726,2026-08-09 13:55:06.904
727,2026-08-09 13:55:06.954
728,2026-08-09 13:55:06.984
729,2026-08-09 13:55:07.004
730,2026-08-09 13:55:07.024
731,2026-08-09 13:55:07.044
732,2026-08-09 13:55:07.065
733,2026-08-09 13:55:07.065
734,2026-08-09 13:55:07.084
735,2026-08-09 13:55:07.105
736,2026-08-09 13:55:07.217
737,2026-08-09 13:55:07.245
738,2026-08-09 13:55:07.264
739,2026-08-09 13:55:07.284
740,2026-08-09 13:55:07.304
741,2026-08-09 13:55:07.324
742,2026-08-09 13:55:07.344
743,2026-08-09 13:55:07.364
744,2026-08-09 13:55:07.384
745,2026-08-09 13:55:07.517
746,2026-08-09 13:55:07.544
747,2026-08-09 13:55:07.564
748,2026-08-09 13:55:07.584
749,2026-08-09 13:55:07.604
750,2026-08-09 13:55:07.624
751,2026-08-09 13:55:07.644
752,2026-08-09 13:55:07.664
753,2026-08-09 13:55:07.684
754,2026-08-09 13:55:07.817
755,2026-08-09 13:55:07.844
756,2026-08-09 13:55:07.864
757,2026-08-09 13:55:07.884
758,2026-08-09 13:55:07.904
759,2026-08-09 13:55:07.924
760,2026-08-09 13:55:07.944
761,2026-08-09 13:55:07.964
762,2026-08-09 13:55:07.984
763,2026-08-09 13:55:08.117
764,2026-08-09 13:55:08.144
765,2026-08-09 13:55:08.164
766,2026-08-09 13:55:08.184
767,2026-08-09 13:55:08.204
768,2026-08-09 13:55:08.224
769,2026-08-09 13:55:08.244
770,2026-08-09 13:55:08.264
771,2026-08-09 13:55:54.304
772,2026-08-09 13:55:54.360
773,2026-08-09 13:55:54.420
774,2026-08-09 13:55:54.500
775,2026-08-09 13:55:54.540
776,2026-08-09 13:55:54.600
777,2026-08-09 13:55:54.700
778,2026-08-09 13:55:54.883
779,2026-08-09 13:55:55.123
780,2026-08-09 13:56:19.036
781,2026-08-09 13:56:19.054
782,2026-08-09 13:56:19.074
783,2026-08-09 13:56:19.154
784,2026-08-09 13:56:35.351
785,2026-08-09 13:56:35.371
786,2026-08-09 13:56:35.391
787,2026-08-09 13:56:35.411
788,2026-08-09 13:56:35.431
789,2026-08-09 13:56:35.451
790,2026-08-09 13:56:35.471
791,2026-08-09 13:56:35.491
792,2026-08-09 13:56:35.511
793,2026-08-09 13:56:35.644
794,2026-08-09 13:56:35.671
795,2026-08-09 13:56:35.691
796,2026-08-09 13:56:35.711
797,2026-08-09 13:56:35.731
798,2026-08-09 13:56:35.751
799,2026-08-09 13:56:35.771
800,2026-08-09 13:56:35.791
801,2026-08-09 13:56:35.811
802,2026-08-09 13:56:35.861
803,2026-08-09 13:56:35.891
804,2026-08-09 13:56:35.911
805,2026-08-09 13:56:35.931
806,2026-08-09 13:56:35.951
807,2026-08-09 13:56:35.971
808,2026-08-09 13:56:35.991
809,2026-08-09 13:56:36.011
810,2026-08-09 13:56:36.031
811,2026-08-09 13:56:36.164
812,2026-08-09 13:56:36.191
813,2026-08-09 13:56:36.211
814,2026-08-09 13:56:36.231
815,2026-08-09 13:56:36.251
816,2026-08-09 13:56:36.271
817,2026-08-09 13:56:36.291
818,2026-08-09 13:56:36.311
819,2026-08-09 13:56:36.331
820,2026-08-09 13:56:36.381
821,2026-08-09 13:56:36.411
822,2026-08-09 13:56:36.431
823,2026-08-09 13:56:36.451
824,2026-08-09 13:56:36.471
825,2026-08-09 13:56:36.491
826,2026-08-09 13:56:36.511
827,2026-08-09 13:56:36.535
828,2026-08-09 13:56:36.552
829,2026-08-09 13:56:36.601
830,2026-08-09 13:56:36.631
831,2026-08-09 13:56:36.651
832,2026-08-09 13:56:36.671
833,2026-08-09 13:56:36.691
834,2026-08-09 13:56:36.711
835,2026-08-09 13:56:36.731
836,2026-08-09 13:56:36.751
837,2026-08-09 13:56:36.771
838,2026-08-09 13:56:36.821
839,2026-08-09 13:56:36.851
840,2026-08-09 13:56:36.871
841,2026-08-09 13:56:36.891
842,2026-08-09 13:56:36.911
843,2026-08-09 13:56:36.931
844,2026-08-09 13:56:36.951
845,2026-08-09 13:56:36.971
846,2026-08-09 13:56:36.991
847,2026-08-09 13:56:37.041
848,2026-08-09 13:56:37.071
849,2026-08-09 13:56:37.091
850,2026-08-09 13:56:37.111
851,2026-08-09 13:56:37.131
852,2026-08-09 13:56:37.151
853,2026-08-09 13:56:37.171
854,2026-08-09 13:56:37.191
855,2026-08-09 13:56:37.211
856,2026-08-09 13:56:37.344
857,2026-08-09 13:56:37.371
858,2026-08-09 13:56:38.235
859,2026-08-09 13:56:38.252
860,2026-08-09 13:56:58.976
861,2026-08-09 13:56:58.995
862,2026-08-09 13:56:59.015
863,2026-08-09 13:56:59.035
864,2026-08-09 13:56:59.055
865,2026-08-09 13:56:59.075
866,2026-08-09 13:56:59.095
867,2026-08-09 13:56:59.115
868,2026-08-09 13:56:59.135
869,2026-08-09 13:56:59.185
870,2026-08-09 13:56:59.215
871,2026-08-09 13:56:59.235
872,2026-08-09 13:56:59.255
873,2026-08-09 13:56:59.275
874,2026-08-09 13:56:59.295
875,2026-08-09 13:56:59.315
876,2026-08-09 13:56:59.335
877,2026-08-09 13:56:59.355
878,2026-08-09 13:56:59.405
879,2026-08-09 13:56:59.435
880,2026-08-09 13:56:59.455
881,2026-08-09 13:56:59.475
882,2026-08-09 13:56:59.495
883,2026-08-09 13:56:59.515
884,2026-08-09 13:56:59.535
885,2026-08-09 13:56:59.555
886,2026-08-09 13:56:59.575
887,2026-08-09 13:56:59.625
888,2026-08-09 13:56:59.655
889,2026-08-09 13:56:59.675
890,2026-08-09 13:56:59.695
891,2026-08-09 13:56:59.715
892,2026-08-09 13:56:59.735
893,2026-08-09 13:56:59.755
894,2026-08-09 13:56:59.775
895,2026-08-09 13:56:59.795
896,2026-08-09 13:56:59.845
897,2026-08-09 13:56:59.875
898,2026-08-09 13:56:59.895
899,2026-08-09 13:56:59.915
900,2026-08-09 13:56:59.935
901,2026-08-09 13:56:59.955
902,2026-08-09 13:56:59.975
903,2026-08-09 13:56:59.995
904,2026-08-09 13:57:00.015
905,2026-08-09 13:57:00.147
906,2026-08-09 13:57:00.175
907,2026-08-09 13:57:00.195
908,2026-08-09 13:57:00.215
909,2026-08-09 13:57:00.235
910,2026-08-09 13:57:00.255
911,2026-08-09 13:57:00.275
912,2026-08-09 13:57:00.295
913,2026-08-09 13:57:00.315
914,2026-08-09 13:57:00.365
915,2026-08-09 13:57:00.395
916,2026-08-09 13:57:00.415
917,2026-08-09 13:57:00.435
918,2026-08-09 13:57:00.455
919,2026-08-09 13:57:00.475
920,2026-08-09 13:57:00.495
921,2026-08-09 13:57:00.515
922,2026-08-09 13:57:00.535
923,2026-08-09 13:57:00.667
924,2026-08-09 13:57:00.695
925,2026-08-09 13:57:00.715
926,2026-08-09 13:57:00.735
927,2026-08-09 13:57:00.755
928,2026-08-09 13:57:00.775
929,2026-08-09 13:57:00.795
930,2026-08-09 13:57:00.815
931,2026-08-09 13:57:00.835
932,2026-08-09 13:57:00.885
933,2026-08-09 13:57:00.915
934,2026-08-09 13:57:00.935
935,2026-08-09 13:57:00.955
936,2026-08-09 13:57:00.975
937,2026-08-09 13:57:00.995
938,2026-08-09 13:57:01.015
939,2026-08-09 13:57:01.035
940,2026-08-09 13:57:01.055
941,2026-08-09 13:57:01.105
942,2026-08-09 13:57:01.135
943,2026-08-09 13:57:01.155
944,2026-08-09 13:57:01.175
945,2026-08-09 13:57:01.195
946,2026-08-09 13:57:01.215
947,2026-08-09 13:57:01.235
948,2026-08-09 13:57:01.255
949,2026-08-09 13:57:01.275
950,2026-08-09 13:57:01.325
951,2026-08-09 13:57:01.355
952,2026-08-09 13:57:01.375
953,2026-08-09 13:57:01.395
954,2026-08-09 13:57:01.415
955,2026-08-09 13:57:01.435
956,2026-08-09 13:57:01.455
957,2026-08-09 13:57:01.475
958,2026-08-09 13:57:01.495
959,2026-08-09 13:57:01.545
960,2026-08-09 13:57:01.575
961,2026-08-09 13:57:01.595
962,2026-08-09 13:58:31.656
963,2026-08-09 13:58:31.674
964,2026-08-09 13:58:31.836
965,2026-08-09 13:58:47.896
966,2026-08-09 13:58:47.928
967,2026-08-09 13:58:47.948
968,2026-08-09 13:58:47.968
969,2026-08-09 13:58:47.988
970,2026-08-09 13:58:48.008
971,2026-08-09 13:58:48.028
972,2026-08-09 13:58:48.048
973,2026-08-09 13:58:48.068
974,2026-08-09 13:58:48.122
975,2026-08-09 13:58:48.148
976,2026-08-09 13:58:48.168
977,2026-08-09 13:58:48.188
978,2026-08-09 13:58:48.208
979,2026-08-09 13:58:48.228
980,2026-08-09 13:58:48.248
981,2026-08-09 13:58:48.268
982,2026-08-09 13:58:48.288
983,2026-08-09 13:58:48.342
984,2026-08-09 13:58:48.368
985,2026-08-09 13:58:48.388
986,2026-08-09 13:58:48.408
987,2026-08-09 13:58:48.428
988,2026-08-09 13:58:48.448
989,2026-08-09 13:58:48.468
990,2026-08-09 13:58:48.488
991,2026-08-09 13:58:48.508
992,2026-08-09 13:58:48.559
993,2026-08-09 13:58:48.588
994,2026-08-09 13:58:48.608
995,2026-08-09 13:58:48.628
996,2026-08-09 13:58:48.648
997,2026-08-09 13:58:48.668
998,2026-08-09 13:58:48.688
999,2026-08-09 13:58:48.708
1000,2026-08-09 13:58:48.728
1001,2026-08-09 13:58:48.779
1002,2026-08-09 13:58:48.808
1003,2026-08-09 13:58:48.828
1004,2026-08-09 13:58:48.848
1005,2026-08-09 13:58:48.868
1006,2026-08-09 13:58:48.888
1007,2026-08-09 13:58:48.908
1008,2026-08-09 13:58:48.928
1009,2026-08-09 13:58:48.948
1010,2026-08-09 13:58:49.609
1011,2026-08-09 13:58:49.627
1012,2026-08-09 13:58:49.667
1013,2026-08-09 13:58:51.164
1014,2026-08-09 13:59:13.928
1015,2026-08-09 13:59:13.945
1016,2026-08-09 13:59:14.583
1017,2026-08-09 13:59:14.600
1018,2026-08-09 14:00:50.800
1019,2026-08-09 14:00:50.822
1020,2026-08-09 14:00:50.842
1021,2026-08-09 14:00:50.862
1022,2026-08-09 14:00:50.884
1023,2026-08-09 14:00:50.902
1024,2026-08-09 14:00:50.922
1025,2026-08-09 14:00:50.942
1026,2026-08-09 14:00:50.962
1027,2026-08-09 14:00:51.012
1028,2026-08-09 14:00:51.042
1029,2026-08-09 14:00:51.062
1030,2026-08-09 14:00:51.082
1031,2026-08-09 14:00:51.102
1032,2026-08-09 14:00:51.122
1033,2026-08-09 14:00:51.142
1034,2026-08-09 14:00:51.162
1035,2026-08-09 14:00:51.182
1036,2026-08-09 14:00:51.314
1037,2026-08-09 14:00:51.342
1038,2026-08-09 14:00:51.362
1039,2026-08-09 14:00:51.382
1040,2026-08-09 14:00:51.402
1041,2026-08-09 14:00:51.422
1042,2026-08-09 14:00:51.442
1043,2026-08-09 14:00:51.462
1044,2026-08-09 14:00:51.482
1045,2026-08-09 14:00:51.532
1046,2026-08-09 14:00:51.562
1047,2026-08-09 14:00:51.582
1048,2026-08-09 14:00:51.602
1049,2026-08-09 14:01:18.192
1050,2026-08-09 14:01:38.296
1051,2026-08-09 14:01:38.313
1052,2026-08-09 14:01:38.334
1053,2026-08-09 14:01:38.354
1054,2026-08-09 14:01:38.373
1055,2026-08-09 14:01:38.394
1056,2026-08-09 14:01:38.414
1057,2026-08-09 14:01:38.433
1058,2026-08-09 14:01:38.454
1059,2026-08-09 14:01:38.503
1060,2026-08-09 14:01:38.533
1061,2026-08-09 14:01:38.553
1062,2026-08-09 14:01:38.573
1063,2026-08-09 14:01:38.593
1064,2026-08-09 14:01:38.613
1065,2026-08-09 14:01:38.633
1066,2026-08-09 14:01:38.654
1067,2026-08-09 14:01:38.673
1068,2026-08-09 14:01:38.723
1069,2026-08-09 14:01:38.753
1070,2026-08-09 14:01:38.774
1071,2026-08-09 14:01:38.793
1072,2026-08-09 14:01:38.814
1073,2026-08-09 14:02:00.175
1074,2026-08-09 14:02:00.192
1075,2026-08-09 14:02:00.212
1076,2026-08-09 14:02:00.233
1077,2026-08-09 14:02:00.253
1078,2026-08-09 14:02:00.273
1079,2026-08-09 14:02:00.292
1080,2026-08-09 14:02:00.313
1081,2026-08-09 14:02:00.332
1082,2026-08-09 14:02:00.382
1083,2026-08-09 14:02:00.412
1084,2026-08-09 14:02:00.433
1085,2026-08-09 14:02:00.452
1086,2026-08-09 14:02:00.472
1087,2026-08-09 14:02:00.492
1088,2026-08-09 14:02:00.512
1089,2026-08-09 14:02:00.532
1090,2026-08-09 14:02:00.553
1091,2026-08-09 14:02:00.602
1092,2026-08-09 14:02:00.632
1093,2026-08-09 14:02:00.653
1094,2026-08-09 14:02:00.673
1095,2026-08-09 14:02:00.692
1096,2026-08-09 14:02:00.713
1097,2026-08-09 14:02:00.733
1098,2026-08-09 14:02:00.753
1099,2026-08-09 14:02:00.773
1100,2026-08-09 14:02:00.905
1101,2026-08-09 14:02:00.933
1102,2026-08-09 14:02:00.953
1103,2026-08-09 14:02:00.973
1104,2026-08-09 14:02:00.993
1105,2026-08-09 14:02:01.013
1106,2026-08-09 14:02:01.033
1107,2026-08-09 14:02:01.053
1108,2026-08-09 14:02:01.073
1109,2026-08-09 14:02:01.122
1110,2026-08-09 14:02:01.153
1111,2026-08-09 14:02:01.173
1112,2026-08-09 14:02:01.192
1113,2026-08-09 14:02:01.213
1114,2026-08-09 14:02:01.233
1115,2026-08-09 14:02:01.253
1116,2026-08-09 14:02:01.273
1117,2026-08-09 14:02:01.293
1118,2026-08-09 14:02:01.342
1119,2026-08-09 14:02:01.373
1120,2026-08-09 14:02:01.393
1121,2026-08-09 14:02:01.413
1122,2026-08-09 14:02:01.433
1123,2026-08-09 14:02:01.453
1124,2026-08-09 14:02:01.473
1125,2026-08-09 14:02:01.493
1126,2026-08-09 14:02:01.512
1127,2026-08-09 14:02:01.562
1128,2026-08-09 14:02:01.593
1129,2026-08-09 14:02:01.613
1130,2026-08-09 14:02:01.633
1131,2026-08-09 14:02:01.653
1132,2026-08-09 14:02:01.673
1133,2026-08-09 14:02:01.693
1134,2026-08-09 14:02:01.713
1135,2026-08-09 14:02:01.733
1136,2026-08-09 14:02:01.782
1137,2026-08-09 14:02:01.813
1138,2026-08-09 14:02:01.832
1139,2026-08-09 14:02:01.853
1140,2026-08-09 14:02:01.873
1141,2026-08-09 14:02:01.893
1142,2026-08-09 14:02:01.913
1143,2026-08-09 14:02:01.933
1144,2026-08-09 14:02:01.953
1145,2026-08-09 14:02:02.002
1146,2026-08-09 14:02:02.033
1147,2026-08-09 14:02:02.053
1148,2026-08-09 14:02:02.073
1149,2026-08-09 14:02:02.093
1150,2026-08-09 14:02:02.113
1151,2026-08-09 14:02:02.133
1152,2026-08-09 14:02:02.153
1153,2026-08-09 14:02:02.172
1154,2026-08-09 14:02:02.222
1155,2026-08-09 14:02:02.253
1156,2026-08-09 14:02:02.272
1157,2026-08-09 14:02:02.293
1158,2026-08-09 14:02:02.313
1159,2026-08-09 14:02:02.333
1160,2026-08-09 14:02:02.353
1161,2026-08-09 14:02:02.373
1162,2026-08-09 14:02:02.393
1163,2026-08-09 14:02:02.525
1164,2026-08-09 14:02:02.553
1165,2026-08-09 14:02:02.572
1166,2026-08-09 14:02:02.593
1167,2026-08-09 14:02:02.613
1168,2026-08-09 14:02:02.633
1169,2026-08-09 14:02:02.653
1170,2026-08-09 14:02:02.673
1171,2026-08-09 14:02:02.693
1172,2026-08-09 14:02:02.825
1173,2026-08-09 14:02:02.853
1174,2026-08-09 14:02:02.873
1175,2026-08-09 14:02:02.893
1176,2026-08-09 14:02:02.913
1177,2026-08-09 14:02:02.933
1178,2026-08-09 14:02:02.953
1179,2026-08-09 14:02:02.973
1180,2026-08-09 14:02:02.993
1181,2026-08-09 14:02:03.125
1182,2026-08-09 14:02:03.153
1183,2026-08-09 14:02:03.173
1184,2026-08-09 14:02:03.193
1185,2026-08-09 14:02:03.213
1186,2026-08-09 14:02:03.233
1187,2026-08-09 14:02:03.253
1188,2026-08-09 14:02:03.273
1189,2026-08-09 14:02:03.293
1190,2026-08-09 14:02:03.342
1191,2026-08-09 14:02:03.373
1192,2026-08-09 14:02:03.393
1193,2026-08-09 14:02:03.413
1194,2026-08-09 14:02:03.433
1195,2026-08-09 14:02:03.453
1196,2026-08-09 14:02:03.473
1197,2026-08-09 14:02:03.493
1198,2026-08-09 14:02:03.513
1199,2026-08-09 14:02:03.563
1200,2026-08-09 14:02:03.593
1201,2026-08-09 14:02:03.613
1202,2026-08-09 14:02:03.633
1203,2026-08-09 14:02:03.653
1204,2026-08-09 14:02:03.673
1205,2026-08-09 14:02:03.693
1206,2026-08-09 14:02:03.713
1207,2026-08-09 14:02:03.733
1208,2026-08-09 14:02:03.782
1209,2026-08-09 14:02:03.813
1210,2026-08-09 14:02:03.833
1211,2026-08-09 14:02:03.853
1212,2026-08-09 14:02:03.873
1213,2026-08-09 14:02:03.893
1214,2026-08-09 14:02:03.913
1215,2026-08-09 14:02:03.933
1216,2026-08-09 14:02:03.953
1217,2026-08-09 14:02:04.003
1218,2026-08-09 14:02:04.033
1219,2026-08-09 14:02:04.053
1220,2026-08-09 14:02:44.096
1221,2026-08-09 14:02:44.113
1222,2026-08-09 14:02:44.133
1223,2026-08-09 14:02:44.153
1224,2026-08-09 14:02:44.173
1225,2026-08-09 14:02:44.193
1226,2026-08-09 14:02:44.213
1227,2026-08-09 14:02:44.233
1228,2026-08-09 14:02:44.253
1229,2026-08-09 14:02:44.386
1230,2026-08-09 14:02:44.413
1231,2026-08-09 14:02:44.434
1232,2026-08-09 14:02:44.453
1233,2026-08-09 14:02:44.473
1234,2026-08-09 14:02:44.493
1235,2026-08-09 14:02:44.513
1236,2026-08-09 14:02:44.533
1237,2026-08-09 14:02:44.553
1238,2026-08-09 14:02:44.686
1239,2026-08-09 14:02:44.713
1240,2026-08-09 14:02:44.733
1241,2026-08-09 14:02:44.753
1242,2026-08-09 14:02:44.773
1243,2026-08-09 14:02:44.793
1244,2026-08-09 14:02:44.813
1245,2026-08-09 14:02:44.833
1246,2026-08-09 14:02:44.853
1247,2026-08-09 14:02:44.903
1248,2026-08-09 14:02:44.933
1249,2026-08-09 14:02:44.954
1250,2026-08-09 14:02:44.973
1251,2026-08-09 14:02:44.993
1252,2026-08-09 14:02:45.013
1253,2026-08-09 14:02:45.034
1254,2026-08-09 14:02:45.053
1255,2026-08-09 14:02:45.073
1256,2026-08-09 14:02:45.123
1257,2026-08-09 14:02:45.153
1258,2026-08-09 14:02:45.173
1259,2026-08-09 14:02:45.193
1260,2026-08-09 14:02:45.213
1261,2026-08-09 14:02:45.233
1262,2026-08-09 14:02:45.253
1263,2026-08-09 14:02:45.273
1264,2026-08-09 14:02:45.293
1265,2026-08-09 14:02:45.343
1266,2026-08-09 14:02:45.373
1267,2026-08-09 14:02:45.393
1268,2026-08-09 14:02:45.414
1269,2026-08-09 14:02:45.434
1270,2026-08-09 14:02:45.454
1271,2026-08-09 14:02:45.473
1272,2026-08-09 14:02:45.493
1273,2026-08-09 14:03:04.272
1274,2026-08-09 14:03:04.292
1275,2026-08-09 14:03:04.312
1276,2026-08-09 14:03:04.332
1277,2026-08-09 14:03:04.352
1278,2026-08-09 14:03:04.372
1279,2026-08-09 14:03:04.392
1280,2026-08-09 14:03:04.412
1281,2026-08-09 14:03:04.432
1282,2026-08-09 14:03:04.482
1283,2026-08-09 14:03:04.512
1284,2026-08-09 14:03:04.532
1285,2026-08-09 14:03:04.552
1286,2026-08-09 14:03:04.572
1287,2026-08-09 14:03:04.592
1288,2026-08-09 14:03:04.612
1289,2026-08-09 14:03:04.632
1290,2026-08-09 14:03:04.652
1291,2026-08-09 14:03:04.785
1292,2026-08-09 14:03:04.812
1293,2026-08-09 14:03:04.832
1294,2026-08-09 14:03:04.852
1295,2026-08-09 14:03:04.872
1296,2026-08-09 14:03:04.892
1297,2026-08-09 14:03:04.912
1298,2026-08-09 14:03:04.932
1299,2026-08-09 14:03:04.952
1300,2026-08-09 14:03:05.002
1301,2026-08-09 14:03:05.032
1302,2026-08-09 14:03:05.052
1303,2026-08-09 14:03:05.072
1304,2026-08-09 14:03:05.092
1305,2026-08-09 14:03:05.112
1306,2026-08-09 14:03:05.132
1307,2026-08-09 14:03:05.152
1308,2026-08-09 14:03:05.172
1309,2026-08-09 14:03:05.222
1310,2026-08-09 14:03:05.252
1311,2026-08-09 14:03:05.272
1312,2026-08-09 14:03:05.292
1313,2026-08-09 14:03:05.312
1314,2026-08-09 14:03:05.332
1315,2026-08-09 14:03:05.352
1316,2026-08-09 14:03:05.372
1317,2026-08-09 14:03:05.392
1318,2026-08-09 14:03:05.525
1319,2026-08-09 14:03:05.552
1320,2026-08-09 14:03:05.572
1321,2026-08-09 14:03:05.592
1322,2026-08-09 14:03:05.612
1323,2026-08-09 14:03:05.632
1324,2026-08-09 14:03:05.652
1325,2026-08-09 14:03:05.672
1326,2026-08-09 14:03:05.692
1327,2026-08-09 14:03:05.742
1328,2026-08-09 14:03:05.772
1329,2026-08-09 14:03:05.792
1330,2026-08-09 14:03:05.812
1331,2026-08-09 14:03:05.832
1332,2026-08-09 14:03:05.852
1333,2026-08-09 14:03:05.888
1334,2026-08-09 14:03:43.519
1335,2026-08-09 14:03:43.520
1336,2026-08-09 14:03:55.504
1337,2026-08-09 14:03:55.542
1338,2026-08-09 14:03:57.257
1339,2026-08-09 14:03:57.274
1340,2026-08-09 14:04:07.161
1341,2026-08-09 14:04:07.178
1342,2026-08-09 14:05:36.408
1343,2026-08-09 14:05:36.655
1344,2026-08-09 14:05:57.728
1345,2026-08-09 14:05:57.748
1346,2026-08-09 14:05:57.768
1347,2026-08-09 14:05:57.788
1348,2026-08-09 14:05:57.808
1349,2026-08-09 14:05:57.828
1350,2026-08-09 14:05:57.848
1351,2026-08-09 14:05:57.868
1352,2026-08-09 14:05:57.888
1353,2026-08-09 14:05:57.938
1354,2026-08-09 14:05:57.968
1355,2026-08-09 14:05:57.988
1356,2026-08-09 14:05:58.009
1357,2026-08-09 14:05:58.028
1358,2026-08-09 14:05:58.048
1359,2026-08-09 14:05:58.068
1360,2026-08-09 14:05:58.088
1361,2026-08-09 14:05:58.108
1362,2026-08-09 14:05:58.157
1363,2026-08-09 14:05:58.188
1364,2026-08-09 14:05:58.208
1365,2026-08-09 14:05:58.228
1366,2026-08-09 14:05:58.248
1367,2026-08-09 14:05:58.268
1368,2026-08-09 14:05:58.288
1369,2026-08-09 14:05:58.308
1370,2026-08-09 14:05:58.328
1371,2026-08-09 14:05:58.377
1372,2026-08-09 14:05:58.408
1373,2026-08-09 14:05:58.428
1374,2026-08-09 14:05:58.448
1375,2026-08-09 14:05:58.468
1376,2026-08-09 14:05:58.488
1377,2026-08-09 14:05:58.508
1378,2026-08-09 14:05:58.528
1379,2026-08-09 14:05:58.548
1380,2026-08-09 14:05:58.598
1381,2026-08-09 14:05:58.628
1382,2026-08-09 14:05:58.648
1383,2026-08-09 14:05:58.668
1384,2026-08-09 14:05:58.688
1385,2026-08-09 14:05:58.708
1386,2026-08-09 14:05:58.728
1387,2026-08-09 14:05:58.748
1388,2026-08-09 14:05:58.768
1389,2026-08-09 14:05:58.900
1390,2026-08-09 14:05:58.928
1391,2026-08-09 14:05:58.948
1392,2026-08-09 14:05:58.968
1393,2026-08-09 14:05:58.988
1394,2026-08-09 14:05:59.008
1395,2026-08-09 14:05:59.028
1396,2026-08-09 14:05:59.048
1397,2026-08-09 14:05:59.068
1398,2026-08-09 14:05:59.118
1399,2026-08-09 14:05:59.148
1400,2026-08-09 14:05:59.168
1401,2026-08-09 14:05:59.188
1402,2026-08-09 14:05:59.208
1403,2026-08-09 14:05:59.228
1404,2026-08-09 14:05:59.248
1405,2026-08-09 14:05:59.268
1406,2026-08-09 14:05:59.288
1407,2026-08-09 14:05:59.420
1408,2026-08-09 14:05:59.448
1409,2026-08-09 14:05:59.468
1410,2026-08-09 14:05:59.488
1411,2026-08-09 14:05:59.508
1412,2026-08-09 14:05:59.528
1413,2026-08-09 14:05:59.548
1414,2026-08-09 14:05:59.568
1415,2026-08-09 14:05:59.588
1416,2026-08-09 14:05:59.638
1417,2026-08-09 14:05:59.668
1418,2026-08-09 14:05:59.688
1419,2026-08-09 14:05:59.708
1420,2026-08-09 14:05:59.728
1421,2026-08-09 14:05:59.748
1422,2026-08-09 14:05:59.768
1423,2026-08-09 14:05:59.788
1424,2026-08-09 14:05:59.808
1425,2026-08-09 14:05:59.857
1426,2026-08-09 14:05:59.888
1427,2026-08-09 14:05:59.908
1428,2026-08-09 14:05:59.928
1429,2026-08-09 14:05:59.948
1430,2026-08-09 14:05:59.968
1431,2026-08-09 14:05:59.988
1432,2026-08-09 14:06:00.008
1433,2026-08-09 14:06:00.028
1434,2026-08-09 14:06:00.160
1435,2026-08-09 14:06:00.188
1436,2026-08-09 14:06:00.208
1437,2026-08-09 14:06:00.228
1438,2026-08-09 14:06:00.248
1439,2026-08-09 14:06:00.268
1440,2026-08-09 14:06:00.288
1441,2026-08-09 14:06:00.308
1442,2026-08-09 14:06:00.328
1443,2026-08-09 14:06:00.460
1444,2026-08-09 14:06:00.488
1445,2026-08-09 14:06:00.508
1446,2026-08-09 14:06:00.528
1447,2026-08-09 14:06:00.548
1448,2026-08-09 14:06:00.568
1449,2026-08-09 14:06:00.588
1450,2026-08-09 14:06:00.608
1451,2026-08-09 14:06:00.628
1452,2026-08-09 14:06:00.760
1453,2026-08-09 14:06:00.788
1454,2026-08-09 14:06:00.808
1455,2026-08-09 14:06:00.828
1456,2026-08-09 14:06:00.848
1457,2026-08-09 14:06:00.868
1458,2026-08-09 14:06:00.888
1459,2026-08-09 14:06:00.908
1460,2026-08-09 14:06:00.928
1461,2026-08-09 14:06:00.978
1462,2026-08-09 14:06:01.008
1463,2026-08-09 14:06:01.028
1464,2026-08-09 14:06:01.048
1465,2026-08-09 14:06:01.068
1466,2026-08-09 14:06:01.088
1467,2026-08-09 14:06:01.108
1468,2026-08-09 14:06:01.128
1469,2026-08-09 14:06:01.148
1470,2026-08-09 14:06:01.197
1471,2026-08-09 14:06:01.228
1472,2026-08-09 14:06:01.248
1473,2026-08-09 14:06:01.268
1474,2026-08-09 14:06:01.288
1475,2026-08-09 14:06:01.308
1476,2026-08-09 14:06:01.328
1477,2026-08-09 14:06:01.348
1478,2026-08-09 14:06:01.368
1479,2026-08-09 14:06:01.418
1480,2026-08-09 14:06:01.448
1481,2026-08-09 14:06:01.468
1482,2026-08-09 14:06:01.488
1483,2026-08-09 14:06:01.508
1484,2026-08-09 14:06:01.528
1485,2026-08-09 14:06:01.548
1486,2026-08-09 14:06:01.568
1487,2026-08-09 14:06:01.588
1488,2026-08-09 14:06:01.720
1489,2026-08-09 14:06:01.748
1490,2026-08-09 14:06:01.768
1491,2026-08-09 14:06:01.788
1492,2026-08-09 14:06:01.808
1493,2026-08-09 14:06:01.828
1494,2026-08-09 14:06:01.848
1495,2026-08-09 14:06:01.868
1496,2026-08-09 14:06:01.888
1497,2026-08-09 14:06:01.938
1498,2026-08-09 14:06:01.968
1499,2026-08-09 14:06:01.988
1500,2026-08-09 14:06:02.008
1501,2026-08-09 14:06:02.028
1502,2026-08-09 14:06:02.048
1503,2026-08-09 14:06:02.068
1504,2026-08-09 14:06:02.088
1505,2026-08-09 14:06:02.108
1506,2026-08-09 14:06:02.158
1507,2026-08-09 14:06:02.188
1508,2026-08-09 14:06:02.208
1509,2026-08-09 14:06:02.228
1510,2026-08-09 14:06:02.248
1511,2026-08-09 14:06:02.268
1512,2026-08-09 14:06:02.288
1513,2026-08-09 14:06:02.308
1514,2026-08-09 14:06:02.328
1515,2026-08-09 14:06:40.752
1516,2026-08-09 14:06:40.775
1517,2026-08-09 14:06:40.795
1518,2026-08-09 14:06:40.815
1519,2026-08-09 14:06:40.835
1520,2026-08-09 14:06:40.855
1521,2026-08-09 14:06:40.875
1522,2026-08-09 14:06:40.895
1523,2026-08-09 14:06:40.915
1524,2026-08-09 14:06:40.964
1525,2026-08-09 14:06:40.994
1526,2026-08-09 14:06:41.015
1527,2026-08-09 14:06:41.035
1528,2026-08-09 14:06:41.055
1529,2026-08-09 14:06:41.074
1530,2026-08-09 14:06:41.095
1531,2026-08-09 14:06:41.115
1532,2026-08-09 14:06:41.135
1533,2026-08-09 14:06:41.267
1534,2026-08-09 14:06:41.295
1535,2026-08-09 14:06:41.315
1536,2026-08-09 14:06:41.335
1537,2026-08-09 14:06:41.355
1538,2026-08-09 14:06:41.375
1539,2026-08-09 14:06:41.395
1540,2026-08-09 14:06:41.415
1541,2026-08-09 14:06:41.435
1542,2026-08-09 14:06:41.485
1543,2026-08-09 14:06:41.515
1544,2026-08-09 14:06:41.535
1545,2026-08-09 14:06:41.555
1546,2026-08-09 14:06:41.575
1547,2026-08-09 14:06:41.595
1548,2026-08-09 14:06:41.615
1549,2026-08-09 14:06:41.635
1550,2026-08-09 14:06:41.655
1551,2026-08-09 14:06:41.704
1552,2026-08-09 14:06:41.735
1553,2026-08-09 14:06:41.755
1554,2026-08-09 14:06:41.775
1555,2026-08-09 14:06:41.795
1556,2026-08-09 14:06:41.815
1557,2026-08-09 14:06:41.835
1558,2026-08-09 14:06:41.855
1559,2026-08-09 14:06:41.875
1560,2026-08-09 14:06:41.924
1561,2026-08-09 14:06:41.955
1562,2026-08-09 14:06:41.975
1563,2026-08-09 14:06:41.995
1564,2026-08-09 14:06:42.015
1565,2026-08-09 14:06:42.035
1566,2026-08-09 14:06:42.055
1567,2026-08-09 14:06:42.075
1568,2026-08-09 14:06:42.095
1569,2026-08-09 14:06:42.227
1570,2026-08-09 14:06:42.255
1571,2026-08-09 14:06:42.275
1572,2026-08-09 14:06:42.295
1573,2026-08-09 14:06:42.315
1574,2026-08-09 14:06:42.335
1575,2026-08-09 14:06:42.355
1576,2026-08-09 14:06:42.375
1577,2026-08-09 14:06:42.395
1578,2026-08-09 14:06:42.445
1579,2026-08-09 14:06:42.475
1580,2026-08-09 14:06:42.495
1581,2026-08-09 14:06:42.515
1582,2026-08-09 14:06:42.535
1583,2026-08-09 14:06:42.555
1584,2026-08-09 14:06:42.575
1585,2026-08-09 14:06:42.595
1586,2026-08-09 14:06:42.615
1587,2026-08-09 14:06:42.665
1588,2026-08-09 14:06:42.695
1589,2026-08-09 14:06:42.715
1590,2026-08-09 14:06:42.735
1591,2026-08-09 14:06:42.755
1592,2026-08-09 14:06:42.775
1593,2026-08-09 14:06:42.795
1594,2026-08-09 14:06:42.815
1595,2026-08-09 14:06:42.835
1596,2026-08-09 14:06:42.884
1597,2026-08-09 14:06:42.915
1598,2026-08-09 14:06:42.935
1599,2026-08-09 14:06:42.955
1600,2026-08-09 14:06:42.975
1601,2026-08-09 14:06:42.995
1602,2026-08-09 14:06:43.015
1603,2026-08-09 14:06:43.035
1604,2026-08-09 14:06:43.055
1605,2026-08-09 14:06:43.187
1606,2026-08-09 14:06:43.215
1607,2026-08-09 14:06:43.235
1608,2026-08-09 14:06:43.255
1609,2026-08-09 14:06:43.275
1610,2026-08-09 14:06:43.295
1611,2026-08-09 14:06:43.315
1612,2026-08-09 14:06:43.335
1613,2026-08-09 14:06:43.355
1614,2026-08-09 14:06:43.405
1615,2026-08-09 14:06:43.435
1616,2026-08-09 14:06:43.455
1617,2026-08-09 14:06:43.475
1618,2026-08-09 14:06:43.495
1619,2026-08-09 14:06:43.515
1620,2026-08-09 14:06:43.535
1621,2026-08-09 14:06:43.555
1622,2026-08-09 14:06:43.575
1623,2026-08-09 14:06:43.625
1624,2026-08-09 14:06:43.655
1625,2026-08-09 14:06:43.675
1626,2026-08-09 14:06:43.695
1627,2026-08-09 14:06:43.715
1628,2026-08-09 14:06:43.735
1629,2026-08-09 14:06:43.755
1630,2026-08-09 14:06:43.775
1631,2026-08-09 14:06:43.795
1632,2026-08-09 14:06:43.845
1633,2026-08-09 14:06:43.875
1634,2026-08-09 14:06:43.895
1635,2026-08-09 14:06:43.915
1636,2026-08-09 14:06:43.935
1637,2026-08-09 14:06:43.955
1638,2026-08-09 14:06:43.975
1639,2026-08-09 14:06:43.995
1640,2026-08-09 14:06:44.015
1641,2026-08-09 14:06:44.147
1642,2026-08-09 14:06:44.175
1643,2026-08-09 14:06:44.195
1644,2026-08-09 14:06:44.215
1645,2026-08-09 14:06:44.235
1646,2026-08-09 14:06:44.255
1647,2026-08-09 14:06:44.275
1648,2026-08-09 14:06:44.295
1649,2026-08-09 14:06:44.315
1650,2026-08-09 14:06:44.447
1651,2026-08-09 14:06:44.475
1652,2026-08-09 14:06:44.495
1653,2026-08-09 14:06:44.515
1654,2026-08-09 14:06:44.535
1655,2026-08-09 14:06:44.555
1656,2026-08-09 14:06:44.575
1657,2026-08-09 14:06:44.595
1658,2026-08-09 14:06:44.615
1659,2026-08-09 14:06:44.664
1660,2026-08-09 14:06:44.695
1661,2026-08-09 14:06:44.715
1662,2026-08-09 14:06:44.735
1663,2026-08-09 14:06:44.755
1664,2026-08-09 14:06:44.775
1665,2026-08-09 14:06:44.795
1666,2026-08-09 14:06:44.815
1667,2026-08-09 14:06:44.835
1668,2026-08-09 14:06:44.885
1669,2026-08-09 14:06:44.915
1670,2026-08-09 14:06:44.935
1671,2026-08-09 14:06:44.955
1672,2026-08-09 14:06:44.975
1673,2026-08-09 14:06:44.995
1674,2026-08-09 14:06:45.015
1675,2026-08-09 14:06:45.035
1676,2026-08-09 14:06:45.055
1677,2026-08-09 14:06:45.105
1678,2026-08-09 14:06:45.135
1679,2026-08-09 14:06:45.155
1680,2026-08-09 14:06:45.175
1681,2026-08-09 14:06:45.195
1682,2026-08-09 14:06:45.215
1683,2026-08-09 14:06:45.235
1684,2026-08-09 14:06:45.255
1685,2026-08-09 14:06:45.275
1686,2026-08-09 14:06:45.324
1687,2026-08-09 14:06:45.355
1688,2026-08-09 14:06:45.375
1689,2026-08-09 14:06:45.395
1690,2026-08-09 14:06:45.415
1691,2026-08-09 14:06:45.435
1692,2026-08-09 14:06:45.455
1693,2026-08-09 14:06:45.475
1694,2026-08-09 14:06:45.495
1695,2026-08-09 14:06:45.545
1696,2026-08-09 14:06:45.575
1697,2026-08-09 14:06:45.595
1698,2026-08-09 14:06:45.615
1699,2026-08-09 14:06:45.635
1700,2026-08-09 14:06:45.655
1701,2026-08-09 14:06:45.675
1702,2026-08-09 14:06:45.695
1703,2026-08-09 14:06:45.715
1704,2026-08-09 14:06:45.765
1705,2026-08-09 14:06:45.795
1706,2026-08-09 14:06:45.815
1707,2026-08-09 14:06:45.835
1708,2026-08-09 14:06:45.855
1709,2026-08-09 14:06:45.875
1710,2026-08-09 14:06:45.895
1711,2026-08-09 14:06:45.915
1712,2026-08-09 14:07:11.668
1713,2026-08-09 14:07:12.563
1714,2026-08-09 14:07:13.700
1715,2026-08-09 14:07:13.718
1716,2026-08-09 14:07:13.758
1717,2026-08-09 14:07:13.778
1718,2026-08-09 14:07:14.813
1719,2026-08-09 14:07:26.505
1720,2026-08-09 14:07:26.523
1721,2026-08-09 14:07:26.543
1722,2026-08-09 14:07:42.712
1723,2026-08-09 14:07:42.732
1724,2026-08-09 14:07:42.752
1725,2026-08-09 14:07:42.772
1726,2026-08-09 14:07:42.792
1727,2026-08-09 14:07:42.812
1728,2026-08-09 14:07:42.832
1729,2026-08-09 14:07:42.852
1730,2026-08-09 14:07:42.872
1731,2026-08-09 14:07:42.922
1732,2026-08-09 14:07:42.952
1733,2026-08-09 14:07:42.972
1734,2026-08-09 14:07:42.992
1735,2026-08-09 14:07:43.012
1736,2026-08-09 14:07:43.032
1737,2026-08-09 14:07:43.052
1738,2026-08-09 14:07:43.072
1739,2026-08-09 14:07:43.092
1740,2026-08-09 14:07:43.141
1741,2026-08-09 14:07:43.172
1742,2026-08-09 14:07:43.192
1743,2026-08-09 14:07:43.212
1744,2026-08-09 14:07:43.232
1745,2026-08-09 14:07:43.252
1746,2026-08-09 14:07:43.271
1747,2026-08-09 14:07:43.291
1748,2026-08-09 14:07:43.312
1749,2026-08-09 14:07:43.362
1750,2026-08-09 14:07:43.392
1751,2026-08-09 14:07:43.412
1752,2026-08-09 14:07:43.432
1753,2026-08-09 14:07:43.452
1754,2026-08-09 14:07:43.472
1755,2026-08-09 14:07:43.492
1756,2026-08-09 14:07:43.512
1757,2026-08-09 14:07:43.532
1758,2026-08-09 14:07:43.582
1759,2026-08-09 14:07:43.612
1760,2026-08-09 14:07:43.632
1761,2026-08-09 14:07:43.652
1762,2026-08-09 14:07:43.672
1763,2026-08-09 14:07:43.692
1764,2026-08-09 14:07:43.712
1765,2026-08-09 14:07:43.732
1766,2026-08-09 14:07:43.752
1767,2026-08-09 14:07:43.801
1768,2026-08-09 14:07:43.832
1769,2026-08-09 14:07:43.852
1770,2026-08-09 14:07:43.872
1771,2026-08-09 14:07:43.892
1772,2026-08-09 14:07:43.912
1773,2026-08-09 14:07:43.932
1774,2026-08-09 14:07:43.952
1775,2026-08-09 14:07:43.972
1776,2026-08-09 14:07:44.021
1777,2026-08-09 14:07:44.052
1778,2026-08-09 14:07:44.072
1779,2026-08-09 14:07:44.092
1780,2026-08-09 14:07:44.112
1781,2026-08-09 14:07:44.132
1782,2026-08-09 14:07:44.152
1783,2026-08-09 14:07:44.172
1784,2026-08-09 14:07:44.192
1785,2026-08-09 14:07:44.324
1786,2026-08-09 14:08:49.296
1787,2026-08-09 14:08:49.331
1788,2026-08-09 14:08:49.351
1789,2026-08-09 14:08:49.371
1790,2026-08-09 14:08:49.391
1791,2026-08-09 14:08:49.411
1792,2026-08-09 14:08:49.431
1793,2026-08-09 14:08:49.451
1794,2026-08-09 14:08:49.471
1795,2026-08-09 14:08:49.492
1796,2026-08-09 14:08:49.511
1797,2026-08-09 14:08:49.521
1798,2026-08-09 14:08:49.531
1799,2026-08-09 14:09:09.336
1800,2026-08-09 14:09:09.356
1801,2026-08-09 14:09:09.376
1802,2026-08-09 14:09:09.396
1803,2026-08-09 14:09:09.416
1804,2026-08-09 14:09:09.436
1805,2026-08-09 14:09:09.456
1806,2026-08-09 14:09:09.476
1807,2026-08-09 14:09:09.496
1808,2026-08-09 14:09:09.546
1809,2026-08-09 14:09:09.576
1810,2026-08-09 14:09:09.596
1811,2026-08-09 14:09:09.616
1812,2026-08-09 14:09:09.636
1813,2026-08-09 14:09:09.656
1814,2026-08-09 14:09:09.676
1815,2026-08-09 14:09:09.696
1816,2026-08-09 14:09:09.716
1817,2026-08-09 14:09:09.766
1818,2026-08-09 14:09:09.796
1819,2026-08-09 14:09:09.816
1820,2026-08-09 14:09:09.836
1821,2026-08-09 14:09:09.856
1822,2026-08-09 14:09:09.876
1823,2026-08-09 14:09:09.896
1824,2026-08-09 14:09:09.916
1825,2026-08-09 14:09:09.936
1826,2026-08-09 14:09:09.986
1827,2026-08-09 14:09:10.016
1828,2026-08-09 14:09:10.036
1829,2026-08-09 14:09:10.056
1830,2026-08-09 14:09:10.076
1831,2026-08-09 14:09:10.096
1832,2026-08-09 14:09:10.116
1833,2026-08-09 14:09:10.136
1834,2026-08-09 14:09:10.156
1835,2026-08-09 14:09:10.206
1836,2026-08-09 14:09:10.236
1837,2026-08-09 14:09:10.256
1838,2026-08-09 14:09:10.276
1839,2026-08-09 14:09:10.296
1840,2026-08-09 14:09:10.316
1841,2026-08-09 14:09:10.336
1842,2026-08-09 14:09:10.356
1843,2026-08-09 14:09:10.376
1844,2026-08-09 14:09:10.506
1845,2026-08-09 14:09:10.536
1846,2026-08-09 14:09:10.556
1847,2026-08-09 14:09:10.576
1848,2026-08-09 14:09:10.596
1849,2026-08-09 14:09:10.616
1850,2026-08-09 14:09:10.636
1851,2026-08-09 14:09:10.656
1852,2026-08-09 14:09:10.676
1853,2026-08-09 14:09:10.808
1854,2026-08-09 14:09:10.836
1855,2026-08-09 14:09:10.856
1856,2026-08-09 14:09:10.876
1857,2026-08-09 14:09:10.896
1858,2026-08-09 14:09:10.916
1859,2026-08-09 14:09:10.936
1860,2026-08-09 14:09:10.956
1861,2026-08-09 14:09:10.976
1862,2026-08-09 14:09:11.657
1863,2026-08-09 14:09:11.675
1864,2026-08-09 14:09:11.695
1865,2026-08-09 14:09:40.366
1866,2026-08-09 14:09:40.424
1867,2026-08-09 14:09:42.121
1868,2026-08-09 14:09:42.139
1869,2026-08-09 14:09:42.159
1870,2026-08-09 14:09:52.896
1871,2026-08-09 14:09:52.919
1872,2026-08-09 14:09:52.939
1873,2026-08-09 14:09:52.959
1874,2026-08-09 14:09:52.979
1875,2026-08-09 14:09:52.999
1876,2026-08-09 14:09:53.019
1877,2026-08-09 14:09:53.039
1878,2026-08-09 14:09:53.059
1879,2026-08-09 14:09:53.109
1880,2026-08-09 14:09:53.139
1881,2026-08-09 14:09:53.159
1882,2026-08-09 14:09:53.179
1883,2026-08-09 14:09:53.199
1884,2026-08-09 14:09:53.219
1885,2026-08-09 14:09:53.239
1886,2026-08-09 14:09:53.259
1887,2026-08-09 14:09:53.279
1888,2026-08-09 14:09:53.329
1889,2026-08-09 14:09:53.359
1890,2026-08-09 14:09:53.379
1891,2026-08-09 14:09:53.399
1892,2026-08-09 14:09:53.419
1893,2026-08-09 14:09:53.439
1894,2026-08-09 14:09:53.477
1895,2026-08-09 14:09:54.098
1896,2026-08-09 14:09:55.852
1897,2026-08-09 14:10:37.547
1898,2026-08-09 14:10:37.564
1899,2026-08-09 14:10:37.584
1900,2026-08-09 14:10:37.624
1901,2026-08-09 14:10:40.641
1902,2026-08-09 14:10:44.394
1903,2026-08-09 14:10:44.614
1904,2026-08-09 14:10:44.854
1905,2026-08-09 14:10:45.094
1906,2026-08-09 14:10:47.036
1907,2026-08-09 14:11:04.318
1908,2026-08-09 14:11:04.335
1909,2026-08-09 14:11:04.355
1910,2026-08-09 14:11:04.375
1911,2026-08-09 14:11:04.395
1912,2026-08-09 14:11:04.415
1913,2026-08-09 14:11:04.435
1914,2026-08-09 14:11:04.455
1915,2026-08-09 14:11:04.475
1916,2026-08-09 14:11:04.525
1917,2026-08-09 14:11:04.555
1918,2026-08-09 14:11:04.575
1919,2026-08-09 14:11:04.595
1920,2026-08-09 14:11:04.615
1921,2026-08-09 14:11:04.635
1922,2026-08-09 14:11:04.655
1923,2026-08-09 14:11:04.675
1924,2026-08-09 14:11:04.695
1925,2026-08-09 14:11:04.745
1926,2026-08-09 14:11:04.775
1927,2026-08-09 14:11:04.795
1928,2026-08-09 14:11:04.815
1929,2026-08-09 14:11:04.835
1930,2026-08-09 14:11:04.855
1931,2026-08-09 14:11:04.875
1932,2026-08-09 14:11:04.895
1933,2026-08-09 14:11:04.915
1934,2026-08-09 14:11:04.965
1935,2026-08-09 14:11:04.995
1936,2026-08-09 14:11:05.015
1937,2026-08-09 14:11:05.035
1938,2026-08-09 14:11:05.055
1939,2026-08-09 14:11:05.075
1940,2026-08-09 14:11:05.095
1941,2026-08-09 14:11:05.115
1942,2026-08-09 14:11:05.135
1943,2026-08-09 14:11:05.185
1944,2026-08-09 14:11:05.215
1945,2026-08-09 14:11:05.235
1946,2026-08-09 14:11:05.255
1947,2026-08-09 14:11:05.275
1948,2026-08-09 14:11:05.295
1949,2026-08-09 14:11:05.315
1950,2026-08-09 14:11:05.335
1951,2026-08-09 14:11:05.355
1952,2026-08-09 14:11:05.405
1953,2026-08-09 14:11:05.435
1954,2026-08-09 14:11:05.455
1955,2026-08-09 14:11:05.475
1956,2026-08-09 14:11:05.495
1957,2026-08-09 14:11:05.515
1958,2026-08-09 14:11:05.535
1959,2026-08-09 14:11:05.555
1960,2026-08-09 14:11:05.575
1961,2026-08-09 14:11:05.625
1962,2026-08-09 14:11:05.655
1963,2026-08-09 14:11:05.675
1964,2026-08-09 14:11:05.695
1965,2026-08-09 14:11:05.715
1966,2026-08-09 14:11:05.735
1967,2026-08-09 14:11:05.755
1968,2026-08-09 14:11:05.775
1969,2026-08-09 14:11:05.795
1970,2026-08-09 14:11:05.845
1971,2026-08-09 14:11:05.875
1972,2026-08-09 14:11:05.895
1973,2026-08-09 14:11:05.915
1974,2026-08-09 14:11:05.935
1975,2026-08-09 14:11:05.955
1976,2026-08-09 14:11:05.975
1977,2026-08-09 14:11:05.995
1978,2026-08-09 14:11:06.015
1979,2026-08-09 14:11:06.065
1980,2026-08-09 14:11:06.095
1981,2026-08-09 14:11:06.115
1982,2026-08-09 14:11:06.135
1983,2026-08-09 14:11:06.155
1984,2026-08-09 14:11:06.175
1985,2026-08-09 14:11:06.195
1986,2026-08-09 14:11:06.215
1987,2026-08-09 14:11:06.235
1988,2026-08-09 14:11:06.285
1989,2026-08-09 14:11:06.315
1990,2026-08-09 14:11:06.335
1991,2026-08-09 14:11:06.355
1992,2026-08-09 14:11:06.375
1993,2026-08-09 14:11:06.395
1994,2026-08-09 14:11:06.415
1995,2026-08-09 14:11:06.435
1996,2026-08-09 14:11:06.455
1997,2026-08-09 14:11:06.505
1998,2026-08-09 14:11:06.535
1999,2026-08-09 14:11:06.555
2000,2026-08-09 14:11:06.575
2001,2026-08-09 14:11:06.595
2002,2026-08-09 14:11:06.615
2003,2026-08-09 14:11:06.635
2004,2026-08-09 14:11:06.655
2005,2026-08-09 14:11:06.675
2006,2026-08-09 14:11:06.725
2007,2026-08-09 14:11:06.755
2008,2026-08-09 14:11:06.775
2009,2026-08-09 14:11:06.795
2010,2026-08-09 14:11:06.815
2011,2026-08-09 14:11:06.835
2012,2026-08-09 14:11:06.855
2013,2026-08-09 14:11:06.875
2014,2026-08-09 14:11:06.895
2015,2026-08-09 14:11:06.945
2016,2026-08-09 14:11:06.975
2017,2026-08-09 14:11:06.995
2018,2026-08-09 14:11:07.015
2019,2026-08-09 14:11:07.035
2020,2026-08-09 14:11:07.055
2021,2026-08-09 14:11:07.075
2022,2026-08-09 14:11:07.095
2023,2026-08-09 14:11:07.115
2024,2026-08-09 14:11:07.165
2025,2026-08-09 14:11:07.195
2026,2026-08-09 14:11:07.215
2027,2026-08-09 14:11:07.235
2028,2026-08-09 14:11:07.255
2029,2026-08-09 14:11:07.275
2030,2026-08-09 14:11:07.295
2031,2026-08-09 14:11:07.315
2032,2026-08-09 14:11:07.335
2033,2026-08-09 14:11:07.385
2034,2026-08-09 14:11:07.415
2035,2026-08-09 14:11:07.435
2036,2026-08-09 14:11:07.455
2037,2026-08-09 14:11:07.475
2038,2026-08-09 14:11:07.495
2039,2026-08-09 14:11:07.515
2040,2026-08-09 14:11:07.535
2041,2026-08-09 14:11:07.555
2042,2026-08-09 14:11:07.605
2043,2026-08-09 14:11:07.635
2044,2026-08-09 14:11:07.655
2045,2026-08-09 14:11:07.675
2046,2026-08-09 14:11:07.695
2047,2026-08-09 14:11:07.715
2048,2026-08-09 14:11:07.735
2049,2026-08-09 14:11:07.755
2050,2026-08-09 14:11:07.775
2051,2026-08-09 14:11:07.825
2052,2026-08-09 14:11:07.855
2053,2026-08-09 14:11:07.875
2054,2026-08-09 14:11:07.895
2055,2026-08-09 14:11:07.915
2056,2026-08-09 14:11:07.935
2057,2026-08-09 14:11:07.955
2058,2026-08-09 14:11:07.975
2059,2026-08-09 14:11:07.995
2060,2026-08-09 14:11:08.045
2061,2026-08-09 14:11:08.075
2062,2026-08-09 14:11:08.095
2063,2026-08-09 14:11:08.115
2064,2026-08-09 14:11:08.135
2065,2026-08-09 14:11:08.155
2066,2026-08-09 14:11:08.175
2067,2026-08-09 14:11:08.195
2068,2026-08-09 14:11:08.215
2069,2026-08-09 14:11:08.265
2070,2026-08-09 14:11:08.295
2071,2026-08-09 14:11:08.315
2072,2026-08-09 14:11:08.335
2073,2026-08-09 14:11:08.355
2074,2026-08-09 14:11:08.375
2075,2026-08-09 14:11:08.395
2076,2026-08-09 14:11:08.416
2077,2026-08-09 14:11:08.435
2078,2026-08-09 14:11:08.568
2079,2026-08-09 14:11:08.595
2080,2026-08-09 14:11:08.615
2081,2026-08-09 14:11:08.635
2082,2026-08-09 14:11:08.655
2083,2026-08-09 14:11:08.675
2084,2026-08-09 14:11:08.695
2085,2026-08-09 14:11:08.715
2086,2026-08-09 14:11:08.735
2087,2026-08-09 14:11:08.785
2088,2026-08-09 14:11:08.815
2089,2026-08-09 14:11:08.835
2090,2026-08-09 14:11:08.855
2091,2026-08-09 14:11:08.875
2092,2026-08-09 14:11:08.895
2093,2026-08-09 14:11:08.915
2094,2026-08-09 14:11:08.935
2095,2026-08-09 14:11:08.955
2096,2026-08-09 14:11:09.005
2097,2026-08-09 14:11:09.035
2098,2026-08-09 14:11:09.055
2099,2026-08-09 14:11:09.280
2100,2026-08-09 14:11:09.498
2101,2026-08-09 14:11:19.377
2102,2026-08-09 14:11:41.316
2103,2026-08-09 14:12:01.981
2104,2026-08-09 14:12:22.859
2105,2026-08-09 14:12:37.533
2106,2026-08-09 14:12:37.714
2107,2026-08-09 14:12:37.751
2108,2026-08-09 14:12:48.370
2109,2026-08-09 14:12:50.065
2110,2026-08-09 14:13:11.723
2111,2026-08-09 14:13:11.740
2112,2026-08-09 14:13:11.760
2113,2026-08-09 14:13:11.780
2114,2026-08-09 14:13:11.800
2115,2026-08-09 14:13:11.820
2116,2026-08-09 14:13:14.136
2117,2026-08-09 14:13:14.396
2118,2026-08-09 14:13:16.678
2119,2026-08-09 14:13:21.178
2120,2026-08-09 14:13:23.753
2121,2026-08-09 14:13:26.358
2122,2026-08-09 14:13:28.914
2123,2026-08-09 14:13:40.216
2124,2026-08-09 14:13:40.234
2125,2026-08-09 14:13:49.270
2126,2026-08-09 14:13:49.310
2127,2026-08-09 14:14:00.266
2128,2026-08-09 14:14:00.304
2129,2026-08-09 14:14:00.324
2130,2026-08-09 14:14:00.364
2131,2026-08-09 14:14:00.384
2132,2026-08-09 14:14:00.424
2133,2026-08-09 14:14:00.464
2134,2026-08-09 14:14:00.484
2135,2026-08-09 14:14:00.543
2136,2026-08-09 14:14:00.763
2137,2026-08-09 14:14:00.784
2138,2026-08-09 14:14:00.884
2139,2026-08-09 14:14:00.904
2140,2026-08-09 14:14:00.924
2141,2026-08-09 14:14:00.944
2142,2026-08-09 14:14:00.964
2143,2026-08-09 14:14:01.004
2144,2026-08-09 14:14:01.104
2145,2026-08-09 14:14:01.180
2146,2026-08-09 14:14:01.224
2147,2026-08-09 14:14:01.244
2148,2026-08-09 14:14:01.264
2149,2026-08-09 14:14:01.284
2150,2026-08-09 14:14:01.304
2151,2026-08-09 14:14:01.324
2152,2026-08-09 14:14:01.344
2153,2026-08-09 14:14:01.364
2154,2026-08-09 14:14:01.440
2155,2026-08-09 14:14:01.484
2156,2026-08-09 14:14:01.504
2157,2026-08-09 14:14:01.523
2158,2026-08-09 14:14:01.544
2159,2026-08-09 14:14:01.583
2160,2026-08-09 14:14:01.604
2161,2026-08-09 14:14:01.684
2162,2026-08-09 14:14:01.744
2163,2026-08-09 14:14:01.820
2164,2026-08-09 14:14:01.844
2165,2026-08-09 14:14:01.904
2166,2026-08-09 14:14:01.924
2167,2026-08-09 14:14:01.944
2168,2026-08-09 14:14:01.984
2169,2026-08-09 14:14:02.004
2170,2026-08-09 14:14:02.024
2171,2026-08-09 14:14:02.064
2172,2026-08-09 14:14:02.140
2173,2026-08-09 14:14:02.164
2174,2026-08-09 14:14:02.223
2175,2026-08-09 14:14:02.264
2176,2026-08-09 14:14:02.304
2177,2026-08-09 14:14:02.304
2178,2026-08-09 14:14:02.324
2179,2026-08-09 14:14:02.404
2180,2026-08-09 14:14:02.464
2181,2026-08-09 14:15:39.165
2182,2026-08-09 14:15:40.298
2183,2026-08-09 14:15:40.478
2184,2026-08-09 14:15:40.496
2185,2026-08-09 14:15:40.516
2186,2026-08-09 14:15:42.488
2187,2026-08-09 14:15:42.506
2188,2026-08-09 14:15:42.526
2189,2026-08-09 14:15:42.546
2190,2026-08-09 14:15:42.566
2191,2026-08-09 14:15:42.586
2192,2026-08-09 14:15:42.606
2193,2026-08-09 14:15:44.677
2194,2026-08-09 14:16:15.543
2195,2026-08-09 14:16:16.796
2196,2026-08-09 14:16:17.895
2197,2026-08-09 14:16:33.696
2198,2026-08-09 14:16:41.916
2199,2026-08-09 14:16:45.996
2200,2026-08-09 14:16:47.938
2201,2026-08-09 14:16:50.516
2202,2026-08-09 14:16:53.098
2203,2026-08-09 14:16:53.116
2204,2026-08-09 14:16:56.996
2205,2026-08-09 14:17:05.548
2206,2026-08-09 14:17:05.566
2207,2026-08-09 14:17:05.586
2208,2026-08-09 14:17:05.606
2209,2026-08-09 14:17:05.626
2210,2026-08-09 14:17:05.646
2211,2026-08-09 14:17:05.666
2212,2026-08-09 14:17:05.686
2213,2026-08-09 14:17:05.706
2214,2026-08-09 14:17:05.763
2215,2026-08-09 14:17:05.786
2216,2026-08-09 14:17:05.806
2217,2026-08-09 14:17:05.826
2218,2026-08-09 14:17:05.846
2219,2026-08-09 14:17:05.866
2220,2026-08-09 14:17:05.886
2221,2026-08-09 14:17:05.906
2222,2026-08-09 14:17:05.946
2223,2026-08-09 14:17:12.398
2224,2026-08-09 14:17:16.675
2225,2026-08-09 14:17:16.693
2226,2026-08-09 14:17:25.693
2227,2026-08-09 14:17:26.548
2228,2026-08-09 14:17:30.760
2229,2026-08-09 14:17:32.455
2230,2026-08-09 14:17:34.174
2231,2026-08-09 14:17:34.191
2232,2026-08-09 14:17:48.333
2233,2026-08-09 14:18:09.518
2234,2026-08-09 14:18:09.575
2235,2026-08-09 14:18:09.595
2236,2026-08-09 14:18:09.615
2237,2026-08-09 14:18:09.655
2238,2026-08-09 14:18:09.695
2239,2026-08-09 14:18:09.715
2240,2026-08-09 14:18:09.795
2241,2026-08-09 14:18:09.895
2242,2026-08-09 14:18:10.054
2243,2026-08-09 14:18:10.095
2244,2026-08-09 14:18:10.135
2245,2026-08-09 14:18:10.175
2246,2026-08-09 14:18:10.195
2247,2026-08-09 14:18:10.255
2248,2026-08-09 14:18:10.275
2249,2026-08-09 14:18:10.315
2250,2026-08-09 14:18:10.375
2251,2026-08-09 14:18:10.432
2252,2026-08-09 14:18:10.455
2253,2026-08-09 14:18:10.495
2254,2026-08-09 14:18:10.515
2255,2026-08-09 14:18:10.535
2256,2026-08-09 14:18:10.555
2257,2026-08-09 14:18:10.575
2258,2026-08-09 14:18:10.615
2259,2026-08-09 14:18:10.635
2260,2026-08-09 14:18:10.692
2261,2026-08-09 14:18:10.715
2262,2026-08-09 14:18:10.735
2263,2026-08-09 14:18:10.755
2264,2026-08-09 14:18:10.775
2265,2026-08-09 14:18:10.795
2266,2026-08-09 14:18:10.815
2267,2026-08-09 14:18:10.835
2268,2026-08-09 14:18:10.895
2269,2026-08-09 14:18:11.014
2270,2026-08-09 14:18:11.035
2271,2026-08-09 14:18:11.055
2272,2026-08-09 14:18:11.075
2273,2026-08-09 14:18:11.095
2274,2026-08-09 14:18:11.135
2275,2026-08-09 14:18:11.155
2276,2026-08-09 14:18:11.175
2277,2026-08-09 14:18:11.195
2278,2026-08-09 14:18:11.252
2279,2026-08-09 14:18:11.315
2280,2026-08-09 14:18:11.355
2281,2026-08-09 14:18:11.375
2282,2026-08-09 14:18:11.395
2283,2026-08-09 14:18:11.415
2284,2026-08-09 14:18:11.435
2285,2026-08-09 14:18:11.455
2286,2026-08-09 14:18:11.495
2287,2026-08-09 14:18:11.614
2288,2026-08-09 14:18:11.635
2289,2026-08-09 14:18:11.655
2290,2026-08-09 14:18:11.675
2291,2026-08-09 14:18:11.798
2292,2026-08-09 14:18:11.815
2293,2026-08-09 14:18:11.835
2294,2026-08-09 14:18:11.856
2295,2026-08-09 14:18:11.875
2296,2026-08-09 14:18:11.972
2297,2026-08-09 14:18:12.015
2298,2026-08-09 14:18:12.055
2299,2026-08-09 14:18:12.075
2300,2026-08-09 14:18:12.095
2301,2026-08-09 14:18:12.115
2302,2026-08-09 14:18:12.155
2303,2026-08-09 14:18:12.195
2304,2026-08-09 14:18:12.358
2305,2026-08-09 14:18:12.412
2306,2026-08-09 14:18:12.475
2307,2026-08-09 14:18:12.495
2308,2026-08-09 14:18:12.515
2309,2026-08-09 14:18:12.535
2310,2026-08-09 14:18:12.555
2311,2026-08-09 14:18:12.615
2312,2026-08-09 14:18:12.675
2313,2026-08-09 14:18:12.695
2314,2026-08-09 14:18:12.792
2315,2026-08-09 14:18:12.815
2316,2026-08-09 14:18:12.835
2317,2026-08-09 14:18:12.855
2318,2026-08-09 14:18:12.895
2319,2026-08-09 14:18:12.935
2320,2026-08-09 14:18:12.975
2321,2026-08-09 14:18:12.995
2322,2026-08-09 14:18:13.035
2323,2026-08-09 14:18:13.175
2324,2026-08-09 14:18:13.215
2325,2026-08-09 14:18:13.255
2326,2026-08-09 14:18:13.275
2327,2026-08-09 14:18:13.295
2328,2026-08-09 14:18:13.355
2329,2026-08-09 14:18:13.395
2330,2026-08-09 14:18:13.415
2331,2026-08-09 14:18:13.475
2332,2026-08-09 14:18:13.635
2333,2026-08-09 14:18:13.655
2334,2026-08-09 14:18:13.675
2335,2026-08-09 14:18:13.776
2336,2026-08-09 14:18:13.795
2337,2026-08-09 14:18:13.815
2338,2026-08-09 14:18:13.835
2339,2026-08-09 14:18:13.855
2340,2026-08-09 14:18:13.875
2341,2026-08-09 14:18:13.932
2342,2026-08-09 14:18:13.975
2343,2026-08-09 14:18:13.995
2344,2026-08-09 14:18:14.035
2345,2026-08-09 14:18:14.075
2346,2026-08-09 14:18:14.095
2347,2026-08-09 14:18:14.115
2348,2026-08-09 14:18:14.135
2349,2026-08-09 14:18:14.155
2350,2026-08-09 14:18:14.212
2351,2026-08-09 14:18:14.255
2352,2026-08-09 14:18:14.315
2353,2026-08-09 14:18:14.335
2354,2026-08-09 14:18:14.355
2355,2026-08-09 14:18:14.375
2356,2026-08-09 14:18:14.435
2357,2026-08-09 14:18:14.455
2358,2026-08-09 14:18:14.475
2359,2026-08-09 14:18:14.674
2360,2026-08-09 14:18:14.695
2361,2026-08-09 14:18:14.715
2362,2026-08-09 14:18:14.755
2363,2026-08-09 14:18:14.795
2364,2026-08-09 14:18:14.835
2365,2026-08-09 14:18:14.855
2366,2026-08-09 14:18:14.875
2367,2026-08-09 14:18:14.895
2368,2026-08-09 14:18:15.035
2369,2026-08-09 14:18:15.075
2370,2026-08-09 14:18:15.095
2371,2026-08-09 14:18:15.115
2372,2026-08-09 14:18:15.135
2373,2026-08-09 14:18:15.195
2374,2026-08-09 14:18:15.215
2375,2026-08-09 14:18:15.295
2376,2026-08-09 14:18:15.335
2377,2026-08-09 14:18:15.474
2378,2026-08-09 14:18:15.495
2379,2026-08-09 14:18:15.515
2380,2026-08-09 14:18:15.535
2381,2026-08-09 14:18:15.555
2382,2026-08-09 14:18:15.575
2383,2026-08-09 14:18:15.635
2384,2026-08-09 14:18:15.675
2385,2026-08-09 14:18:15.695
2386,2026-08-09 14:18:15.772
2387,2026-08-09 14:18:15.815
2388,2026-08-09 14:18:15.855
2389,2026-08-09 14:18:15.875
2390,2026-08-09 14:18:15.895
2391,2026-08-09 14:18:15.935
2392,2026-08-09 14:18:15.955
2393,2026-08-09 14:18:15.975
2394,2026-08-09 14:18:16.055
2395,2026-08-09 14:18:16.132
2396,2026-08-09 14:18:16.157
2397,2026-08-09 14:18:16.175
2398,2026-08-09 14:18:16.195
2399,2026-08-09 14:18:16.235
2400,2026-08-09 14:18:16.255
2401,2026-08-09 14:18:16.275
2402,2026-08-09 14:18:16.355
2403,2026-08-09 14:18:16.395
2404,2026-08-09 14:18:16.472
2405,2026-08-09 14:18:16.495
2406,2026-08-09 14:18:16.515
2407,2026-08-09 14:18:16.535
2408,2026-08-09 14:18:16.555
2409,2026-08-09 14:18:16.575
2410,2026-08-09 14:18:16.655
2411,2026-08-09 14:18:16.756
2412,2026-08-09 14:18:16.795
2413,2026-08-09 14:18:16.892
2414,2026-08-09 14:18:16.915
2415,2026-08-09 14:18:16.935
2416,2026-08-09 14:18:16.975
2417,2026-08-09 14:18:16.995
2418,2026-08-09 14:18:17.138
2419,2026-08-09 14:18:17.195
2420,2026-08-09 14:18:17.255
2421,2026-08-09 14:18:17.275
2422,2026-08-09 14:18:17.332
2423,2026-08-09 14:18:17.355
2424,2026-08-09 14:18:17.455
2425,2026-08-09 14:18:17.475
2426,2026-08-09 14:18:17.495
2427,2026-08-09 14:18:17.535
2428,2026-08-09 14:18:17.555
2429,2026-08-09 14:18:17.575
2430,2026-08-09 14:18:17.595
2431,2026-08-09 14:18:17.715
2432,2026-08-09 14:18:17.775
2433,2026-08-09 14:18:17.795
2434,2026-08-09 14:18:17.815
2435,2026-08-09 14:18:17.835
2436,2026-08-09 14:18:17.895
2437,2026-08-09 14:18:17.935
2438,2026-08-09 14:18:17.975
2439,2026-08-09 14:18:17.995
2440,2026-08-09 14:18:18.052
2441,2026-08-09 14:18:18.158
2442,2026-08-09 14:18:18.215
2443,2026-08-09 14:18:18.235
2444,2026-08-09 14:18:18.275
2445,2026-08-09 14:18:18.335
2446,2026-08-09 14:18:18.355
2447,2026-08-09 14:18:18.415
2448,2026-08-09 14:18:18.475
2449,2026-08-09 14:18:18.552
2450,2026-08-09 14:18:18.615
2451,2026-08-09 14:18:18.635
2452,2026-08-09 14:18:18.695
2453,2026-08-09 14:18:18.715
2454,2026-08-09 14:18:18.735
2455,2026-08-09 14:18:18.775
2456,2026-08-09 14:18:18.795
2457,2026-08-09 14:18:35.391
2458,2026-08-09 14:18:53.530
2459,2026-08-09 14:19:14.867
2460,2026-08-09 14:19:14.884
2461,2026-08-09 14:19:14.904
2462,2026-08-09 14:19:14.924
2463,2026-08-09 14:19:14.944
2464,2026-08-09 14:19:14.964
2465,2026-08-09 14:19:14.984
2466,2026-08-09 14:19:15.004
2467,2026-08-09 14:19:15.024
2468,2026-08-09 14:19:15.156
2469,2026-08-09 14:19:15.184
2470,2026-08-09 14:19:15.204
2471,2026-08-09 14:19:15.224
2472,2026-08-09 14:19:15.244
2473,2026-08-09 14:19:15.264
2474,2026-08-09 14:19:15.284
2475,2026-08-09 14:19:15.304
2476,2026-08-09 14:19:15.324
2477,2026-08-09 14:19:15.374
2478,2026-08-09 14:19:15.404
2479,2026-08-09 14:19:15.424
2480,2026-08-09 14:19:15.444
2481,2026-08-09 14:19:15.464
2482,2026-08-09 14:19:15.484
2483,2026-08-09 14:19:15.504
2484,2026-08-09 14:19:15.524
2485,2026-08-09 14:19:15.544
2486,2026-08-09 14:19:15.676
2487,2026-08-09 14:19:15.704
2488,2026-08-09 14:19:15.724
2489,2026-08-09 14:19:15.744
2490,2026-08-09 14:19:15.764
2491,2026-08-09 14:19:15.784
2492,2026-08-09 14:19:15.804
2493,2026-08-09 14:19:15.824
2494,2026-08-09 14:19:15.844
2495,2026-08-09 14:19:15.976
2496,2026-08-09 14:19:16.004
2497,2026-08-09 14:19:16.024
2498,2026-08-09 14:19:16.044
2499,2026-08-09 14:19:16.064
2500,2026-08-09 14:19:16.084
2501,2026-08-09 14:19:16.104
2502,2026-08-09 14:19:16.124
2503,2026-08-09 14:19:16.144
2504,2026-08-09 14:19:16.276
2505,2026-08-09 14:19:16.304
2506,2026-08-09 14:19:16.324
2507,2026-08-09 14:19:16.344
2508,2026-08-09 14:19:16.364
2509,2026-08-09 14:19:16.384
2510,2026-08-09 14:19:16.404
2511,2026-08-09 14:19:16.424
2512,2026-08-09 14:19:16.444
2513,2026-08-09 14:19:16.494
2514,2026-08-09 14:19:16.524
2515,2026-08-09 14:19:16.544
2516,2026-08-09 14:19:16.564
2517,2026-08-09 14:19:16.584
2518,2026-08-09 14:19:16.604
2519,2026-08-09 14:19:16.624
2520,2026-08-09 14:19:16.644
2521,2026-08-09 14:19:16.664
2522,2026-08-09 14:19:16.714
2523,2026-08-09 14:19:16.744
2524,2026-08-09 14:19:16.764
2525,2026-08-09 14:19:16.784
2526,2026-08-09 14:19:16.804
2527,2026-08-09 14:19:16.824
2528,2026-08-09 14:19:16.844
2529,2026-08-09 14:19:16.864
2530,2026-08-09 14:19:16.884
2531,2026-08-09 14:19:16.934
2532,2026-08-09 14:19:16.964
2533,2026-08-09 14:19:16.984
2534,2026-08-09 14:19:17.004
2535,2026-08-09 14:19:17.024
2536,2026-08-09 14:19:17.044
2537,2026-08-09 14:19:17.064
2538,2026-08-09 14:19:17.084
2539,2026-08-09 14:19:17.104
2540,2026-08-09 14:19:17.154
2541,2026-08-09 14:19:17.184
2542,2026-08-09 14:19:17.204
2543,2026-08-09 14:19:17.224
2544,2026-08-09 14:19:17.244
2545,2026-08-09 14:19:17.264
2546,2026-08-09 14:19:17.284
2547,2026-08-09 14:19:17.304
2548,2026-08-09 14:19:17.324
2549,2026-08-09 14:19:17.456
2550,2026-08-09 14:19:17.484
2551,2026-08-09 14:19:17.504
2552,2026-08-09 14:19:17.524
2553,2026-08-09 14:19:17.544
2554,2026-08-09 14:19:17.564
2555,2026-08-09 14:19:17.584
2556,2026-08-09 14:19:17.604
2557,2026-08-09 14:19:17.624
2558,2026-08-09 14:19:17.674
2559,2026-08-09 14:19:17.704
2560,2026-08-09 14:19:17.724
2561,2026-08-09 14:19:17.744
2562,2026-08-09 14:19:17.764
2563,2026-08-09 14:19:17.784
2564,2026-08-09 14:19:17.804
2565,2026-08-09 14:19:17.824
2566,2026-08-09 14:19:17.844
2567,2026-08-09 14:19:17.976
2568,2026-08-09 14:19:18.004
2569,2026-08-09 14:19:18.024
2570,2026-08-09 14:19:18.044
2571,2026-08-09 14:19:18.064
2572,2026-08-09 14:19:18.084
2573,2026-08-09 14:19:18.104
2574,2026-08-09 14:19:18.124
2575,2026-08-09 14:19:18.144
2576,2026-08-09 14:19:18.194
2577,2026-08-09 14:19:18.224
2578,2026-08-09 14:19:18.244
2579,2026-08-09 14:19:18.264
2580,2026-08-09 14:19:18.284
2581,2026-08-09 14:19:18.304
2582,2026-08-09 14:19:18.324
2583,2026-08-09 14:19:18.344
2584,2026-08-09 14:19:18.364
2585,2026-08-09 14:19:37.096
2586,2026-08-09 14:19:37.117
2587,2026-08-09 14:19:37.137
2588,2026-08-09 14:19:37.157
2589,2026-08-09 14:19:37.177
2590,2026-08-09 14:19:37.197
2591,2026-08-09 14:19:37.217
2592,2026-08-09 14:19:37.237
2593,2026-08-09 14:19:37.257
2594,2026-08-09 14:19:37.307
2595,2026-08-09 14:19:37.337
2596,2026-08-09 14:19:37.357
2597,2026-08-09 14:19:37.377
2598,2026-08-09 14:19:37.397
2599,2026-08-09 14:19:37.417
2600,2026-08-09 14:19:37.437
2601,2026-08-09 14:19:37.457
2602,2026-08-09 14:19:37.477
2603,2026-08-09 14:19:37.527
2604,2026-08-09 14:19:37.557
2605,2026-08-09 14:19:37.577
2606,2026-08-09 14:19:37.597
2607,2026-08-09 14:19:37.617
2608,2026-08-09 14:19:37.637
2609,2026-08-09 14:19:37.657
2610,2026-08-09 14:19:37.677
2611,2026-08-09 14:19:37.697
2612,2026-08-09 14:19:37.830
2613,2026-08-09 14:19:37.857
2614,2026-08-09 14:19:37.877
2615,2026-08-09 14:19:37.897
2616,2026-08-09 14:19:37.917
2617,2026-08-09 14:19:37.937
2618,2026-08-09 14:19:37.957
2619,2026-08-09 14:19:37.977
2620,2026-08-09 14:19:37.997
2621,2026-08-09 14:19:38.047
2622,2026-08-09 14:19:38.077
2623,2026-08-09 14:19:38.097
2624,2026-08-09 14:19:38.117
2625,2026-08-09 14:19:38.137
2626,2026-08-09 14:19:38.157
2627,2026-08-09 14:19:38.177
2628,2026-08-09 14:19:38.197
2629,2026-08-09 14:19:38.217
2630,2026-08-09 14:19:38.267
2631,2026-08-09 14:19:38.297
2632,2026-08-09 14:19:38.317
2633,2026-08-09 14:19:38.337
2634,2026-08-09 14:19:38.357
2635,2026-08-09 14:19:38.377
2636,2026-08-09 14:19:38.397
2637,2026-08-09 14:19:38.417
2638,2026-08-09 14:19:38.437
2639,2026-08-09 14:19:38.487
2640,2026-08-09 14:19:38.517
2641,2026-08-09 14:19:38.537
2642,2026-08-09 14:19:38.557
2643,2026-08-09 14:19:38.577
2644,2026-08-09 14:19:38.597
2645,2026-08-09 14:19:38.617
2646,2026-08-09 14:19:38.638
2647,2026-08-09 14:19:38.657
2648,2026-08-09 14:19:38.707
2649,2026-08-09 14:19:38.737
2650,2026-08-09 14:19:38.757
2651,2026-08-09 14:19:38.777
2652,2026-08-09 14:19:38.797
2653,2026-08-09 14:19:38.817
2654,2026-08-09 14:19:38.837
2655,2026-08-09 14:19:38.857
2656,2026-08-09 14:19:38.877
2657,2026-08-09 14:19:39.010
2658,2026-08-09 14:19:39.037
2659,2026-08-09 14:19:39.057
2660,2026-08-09 14:19:39.077
2661,2026-08-09 14:19:39.097
2662,2026-08-09 14:19:39.117
2663,2026-08-09 14:19:39.137
2664,2026-08-09 14:19:39.157
2665,2026-08-09 14:19:39.177
2666,2026-08-09 14:19:39.227
2667,2026-08-09 14:19:39.257
2668,2026-08-09 14:19:39.277
2669,2026-08-09 14:19:39.297
2670,2026-08-09 14:19:39.317
2671,2026-08-09 14:19:39.337
2672,2026-08-09 14:19:39.357
2673,2026-08-09 14:19:39.377
2674,2026-08-09 14:19:39.397
2675,2026-08-09 14:19:39.447
2676,2026-08-09 14:19:39.477
2677,2026-08-09 14:19:39.497
2678,2026-08-09 14:19:39.517
2679,2026-08-09 14:19:39.537
2680,2026-08-09 14:19:39.557
2681,2026-08-09 14:19:39.577
2682,2026-08-09 14:19:39.597
2683,2026-08-09 14:19:39.617
2684,2026-08-09 14:19:39.667
2685,2026-08-09 14:19:39.697
2686,2026-08-09 14:19:39.717
2687,2026-08-09 14:19:39.737
2688,2026-08-09 14:19:39.757
2689,2026-08-09 14:19:39.777
2690,2026-08-09 14:19:39.797
2691,2026-08-09 14:19:39.817
2692,2026-08-09 14:19:39.837
2693,2026-08-09 14:19:39.887
2694,2026-08-09 14:19:39.917
2695,2026-08-09 14:19:39.937
2696,2026-08-09 14:19:39.957
2697,2026-08-09 14:19:39.977
2698,2026-08-09 14:19:39.997
2699,2026-08-09 14:19:40.018
2700,2026-08-09 14:19:40.038
2701,2026-08-09 14:19:40.057
2702,2026-08-09 14:19:40.107
2703,2026-08-09 14:19:40.137
2704,2026-08-09 14:19:40.157
2705,2026-08-09 14:19:40.177
2706,2026-08-09 14:19:40.197
2707,2026-08-09 14:19:40.217
2708,2026-08-09 14:19:40.237
2709,2026-08-09 14:19:40.257
2710,2026-08-09 14:19:40.277
2711,2026-08-09 14:19:40.327
2712,2026-08-09 14:19:40.357
2713,2026-08-09 14:19:40.377
2714,2026-08-09 14:19:40.397
2715,2026-08-09 14:19:40.417
2716,2026-08-09 14:19:40.437
2717,2026-08-09 14:19:40.457
2718,2026-08-09 14:19:40.477
2719,2026-08-09 14:19:40.497
2720,2026-08-09 14:19:40.547
2721,2026-08-09 14:19:40.577
2722,2026-08-09 14:19:40.597
2723,2026-08-09 14:19:40.617
2724,2026-08-09 14:19:40.637
2725,2026-08-09 14:19:40.657
2726,2026-08-09 14:19:40.677
2727,2026-08-09 14:19:40.697
2728,2026-08-09 14:19:40.717
2729,2026-08-09 14:19:40.767
2730,2026-08-09 14:19:40.797
2731,2026-08-09 14:19:40.817
2732,2026-08-09 14:19:40.837
2733,2026-08-09 14:19:40.857
2734,2026-08-09 14:19:40.877
2735,2026-08-09 14:19:40.897
2736,2026-08-09 14:19:40.917
2737,2026-08-09 14:19:40.937
2738,2026-08-09 14:19:41.070
2739,2026-08-09 14:19:41.097
2740,2026-08-09 14:19:41.117
2741,2026-08-09 14:19:41.137
2742,2026-08-09 14:19:41.157
2743,2026-08-09 14:19:41.177
2744,2026-08-09 14:19:41.197
2745,2026-08-09 14:19:41.217
2746,2026-08-09 14:19:41.237
2747,2026-08-09 14:19:41.370
2748,2026-08-09 14:19:41.397
2749,2026-08-09 14:19:41.418
2750,2026-08-09 14:19:41.437
2751,2026-08-09 14:19:41.457
2752,2026-08-09 14:19:41.477
2753,2026-08-09 14:19:41.497
2754,2026-08-09 14:19:41.517
2755,2026-08-09 14:19:41.537
2756,2026-08-09 14:19:41.670
2757,2026-08-09 14:19:41.697
2758,2026-08-09 14:19:41.717
2759,2026-08-09 14:19:41.737
2760,2026-08-09 14:19:41.757
2761,2026-08-09 14:19:41.777
2762,2026-08-09 14:19:41.797
2763,2026-08-09 14:19:41.817
2764,2026-08-09 14:19:41.837
2765,2026-08-09 14:19:41.887
2766,2026-08-09 14:19:41.917
2767,2026-08-09 14:19:41.937
2768,2026-08-09 14:19:41.957
2769,2026-08-09 14:19:41.977
2770,2026-08-09 14:19:41.997
2771,2026-08-09 14:19:42.017
2772,2026-08-09 14:19:42.037
2773,2026-08-09 14:19:42.057
2774,2026-08-09 14:19:42.190
2775,2026-08-09 14:19:42.217
2776,2026-08-09 14:19:42.238
2777,2026-08-09 14:19:42.257
2778,2026-08-09 14:19:42.277
2779,2026-08-09 14:19:42.297
2780,2026-08-09 14:19:42.317
2781,2026-08-09 14:19:42.337
2782,2026-08-09 14:19:42.357
2783,2026-08-09 14:19:42.490
2784,2026-08-09 14:19:42.517
2785,2026-08-09 14:19:42.537
2786,2026-08-09 14:19:42.557
2787,2026-08-09 14:19:42.577
2788,2026-08-09 14:19:42.597
2789,2026-08-09 14:19:42.617
2790,2026-08-09 14:19:42.637
2791,2026-08-09 14:19:42.657
2792,2026-08-09 14:19:42.707
2793,2026-08-09 14:19:42.737
2794,2026-08-09 14:19:42.757
2795,2026-08-09 14:19:42.777
2796,2026-08-09 14:19:42.797
2797,2026-08-09 14:19:42.817
2798,2026-08-09 14:19:42.837
2799,2026-08-09 14:19:42.857
2800,2026-08-09 14:19:42.877
2801,2026-08-09 14:19:42.927
2802,2026-08-09 14:19:42.957
2803,2026-08-09 14:19:42.977
2804,2026-08-09 14:19:42.998
2805,2026-08-09 14:19:43.017
2806,2026-08-09 14:19:43.037
2807,2026-08-09 14:19:43.057
2808,2026-08-09 14:19:43.077
2809,2026-08-09 14:19:43.097
2810,2026-08-09 14:19:43.230
2811,2026-08-09 14:19:43.257
2812,2026-08-09 14:19:43.277
2813,2026-08-09 14:19:43.297
2814,2026-08-09 14:19:43.317
2815,2026-08-09 14:19:43.337
2816,2026-08-09 14:19:43.357
2817,2026-08-09 14:19:43.377
2818,2026-08-09 14:19:43.397
2819,2026-08-09 14:19:43.447
2820,2026-08-09 14:19:43.477
2821,2026-08-09 14:19:43.497
2822,2026-08-09 14:19:43.517
2823,2026-08-09 14:19:43.537
2824,2026-08-09 14:19:43.557
2825,2026-08-09 14:19:43.577
2826,2026-08-09 14:19:43.597
2827,2026-08-09 14:19:43.617
2828,2026-08-09 14:19:43.667
2829,2026-08-09 14:19:43.697
2830,2026-08-09 14:19:43.717
2831,2026-08-09 14:19:43.737
2832,2026-08-09 14:19:43.757
2833,2026-08-09 14:19:43.777
2834,2026-08-09 14:19:43.797
2835,2026-08-09 14:19:43.817
2836,2026-08-09 14:19:43.837
2837,2026-08-09 14:19:43.887
2838,2026-08-09 14:19:43.917
2839,2026-08-09 14:19:43.937
2840,2026-08-09 14:19:43.957
2841,2026-08-09 14:19:43.977
2842,2026-08-09 14:19:43.997
2843,2026-08-09 14:19:44.017
2844,2026-08-09 14:19:44.037
2845,2026-08-09 14:19:44.057
2846,2026-08-09 14:19:44.107
2847,2026-08-09 14:19:44.137
2848,2026-08-09 14:19:44.157
2849,2026-08-09 14:19:44.177
2850,2026-08-09 14:19:44.197
2851,2026-08-09 14:19:44.217
2852,2026-08-09 14:19:44.237
2853,2026-08-09 14:19:44.257
2854,2026-08-09 14:19:44.277
2855,2026-08-09 14:19:44.327
2856,2026-08-09 14:19:44.357
2857,2026-08-09 14:19:44.377
2858,2026-08-09 14:19:44.397
2859,2026-08-09 14:19:44.417
2860,2026-08-09 14:19:44.437
2861,2026-08-09 14:19:44.458
2862,2026-08-09 14:19:44.477
2863,2026-08-09 14:19:44.497
2864,2026-08-09 14:19:44.547
2865,2026-08-09 14:19:44.577
2866,2026-08-09 14:19:44.597
2867,2026-08-09 14:19:44.617
2868,2026-08-09 14:19:44.637
2869,2026-08-09 14:19:44.657
2870,2026-08-09 14:19:44.677
2871,2026-08-09 14:19:44.697
2872,2026-08-09 14:19:44.717
2873,2026-08-09 14:19:44.767
2874,2026-08-09 14:19:44.797
2875,2026-08-09 14:19:44.817
2876,2026-08-09 14:19:44.837
2877,2026-08-09 14:19:44.857
2878,2026-08-09 14:19:44.877
2879,2026-08-09 14:19:44.897
2880,2026-08-09 14:19:44.917
2881,2026-08-09 14:19:44.937
2882,2026-08-09 14:19:52.323
2883,2026-08-09 14:20:43.704
2884,2026-08-09 14:20:44.244
2885,2026-08-09 14:20:44.262
2886,2026-08-09 14:20:44.282
2887,2026-08-09 14:20:44.302
2888,2026-08-09 14:20:44.342
2889,2026-08-09 14:20:44.362
2890,2026-08-09 14:20:44.382
2891,2026-08-09 14:20:45.297
2892,2026-08-09 14:20:49.084
2893,2026-08-09 14:21:02.544
2894,2026-08-09 14:21:02.567
2895,2026-08-09 14:21:02.587
2896,2026-08-09 14:21:02.607
2897,2026-08-09 14:21:02.627
2898,2026-08-09 14:21:02.647
2899,2026-08-09 14:21:02.667
2900,2026-08-09 14:21:02.687
2901,2026-08-09 14:21:02.707
2902,2026-08-09 14:21:02.757
2903,2026-08-09 14:21:02.787
2904,2026-08-09 14:21:02.807
2905,2026-08-09 14:21:02.827
2906,2026-08-09 14:21:02.847
2907,2026-08-09 14:21:02.867
2908,2026-08-09 14:21:02.887
2909,2026-08-09 14:21:02.907
2910,2026-08-09 14:21:02.927
2911,2026-08-09 14:21:02.976
2912,2026-08-09 14:21:03.007
2913,2026-08-09 14:21:03.027
2914,2026-08-09 14:21:03.047
2915,2026-08-09 14:21:03.067
2916,2026-08-09 14:21:03.087
2917,2026-08-09 14:21:03.107
2918,2026-08-09 14:21:03.127
2919,2026-08-09 14:21:03.147
2920,2026-08-09 14:21:03.279
2921,2026-08-09 14:21:03.307
2922,2026-08-09 14:21:03.327
2923,2026-08-09 14:21:03.347
2924,2026-08-09 14:21:03.367
2925,2026-08-09 14:21:03.387
2926,2026-08-09 14:21:03.407
2927,2026-08-09 14:21:03.427
2928,2026-08-09 14:21:03.447
2929,2026-08-09 14:21:03.579
2930,2026-08-09 14:21:03.607
2931,2026-08-09 14:21:03.627
2932,2026-08-09 14:21:03.647
2933,2026-08-09 14:21:03.667
2934,2026-08-09 14:21:03.687
2935,2026-08-09 14:21:03.707
2936,2026-08-09 14:21:03.727
2937,2026-08-09 14:21:03.747
2938,2026-08-09 14:21:03.797
2939,2026-08-09 14:21:03.827
2940,2026-08-09 14:21:03.847
2941,2026-08-09 14:21:03.867
2942,2026-08-09 14:21:03.887
2943,2026-08-09 14:21:03.907
2944,2026-08-09 14:21:03.927
2945,2026-08-09 14:21:03.947
2946,2026-08-09 14:21:03.967
2947,2026-08-09 14:21:04.017
2948,2026-08-09 14:21:04.047
2949,2026-08-09 14:21:04.067
2950,2026-08-09 14:21:04.087
2951,2026-08-09 14:21:04.107
2952,2026-08-09 14:21:04.127
2953,2026-08-09 14:21:04.147
2954,2026-08-09 14:21:04.167
2955,2026-08-09 14:21:04.187
2956,2026-08-09 14:21:04.237
2957,2026-08-09 14:21:04.267
2958,2026-08-09 14:21:04.287
2959,2026-08-09 14:21:04.307
2960,2026-08-09 14:21:04.327
2961,2026-08-09 14:21:04.347
2962,2026-08-09 14:21:04.367
2963,2026-08-09 14:21:04.387
2964,2026-08-09 14:21:04.407
2965,2026-08-09 14:21:04.539
2966,2026-08-09 14:21:04.567
2967,2026-08-09 14:21:04.587
2968,2026-08-09 14:21:04.607
2969,2026-08-09 14:21:04.627
2970,2026-08-09 14:21:04.647
2971,2026-08-09 14:21:04.667
2972,2026-08-09 14:21:04.687
2973,2026-08-09 14:21:04.707
2974,2026-08-09 14:21:04.757
2975,2026-08-09 14:21:04.787
2976,2026-08-09 14:21:04.807
2977,2026-08-09 14:21:04.827
2978,2026-08-09 14:21:04.847
2979,2026-08-09 14:21:04.867
2980,2026-08-09 14:21:04.887
2981,2026-08-09 14:21:04.907
2982,2026-08-09 14:21:04.927
2983,2026-08-09 14:21:04.977
2984,2026-08-09 14:21:05.007
2985,2026-08-09 14:21:05.027
2986,2026-08-09 14:21:05.047
2987,2026-08-09 14:21:05.067
2988,2026-08-09 14:21:05.087
2989,2026-08-09 14:21:05.107
2990,2026-08-09 14:21:05.127
2991,2026-08-09 14:21:05.147
2992,2026-08-09 14:21:05.279
2993,2026-08-09 14:21:05.307
2994,2026-08-09 14:21:05.327
2995,2026-08-09 14:21:05.347
2996,2026-08-09 14:21:05.367
2997,2026-08-09 14:22:07.469
2998,2026-08-09 14:22:07.487
2999,2026-08-09 14:22:07.507
3000,2026-08-09 14:22:07.527
3001,2026-08-09 14:22:07.547
3002,2026-08-09 14:22:07.567
3003,2026-08-09 14:22:07.587
3004,2026-08-09 14:22:07.607
3005,2026-08-09 14:22:07.627
3006,2026-08-09 14:22:07.759
3007,2026-08-09 14:22:07.787
3008,2026-08-09 14:22:07.807
3009,2026-08-09 14:22:07.827
3010,2026-08-09 14:22:07.847
3011,2026-08-09 14:22:07.867
3012,2026-08-09 14:22:07.887
3013,2026-08-09 14:22:07.907
3014,2026-08-09 14:22:07.927
3015,2026-08-09 14:22:07.977
3016,2026-08-09 14:22:08.007
3017,2026-08-09 14:22:08.027
3018,2026-08-09 14:22:08.047
3019,2026-08-09 14:22:08.067
3020,2026-08-09 14:22:08.087
3021,2026-08-09 14:22:08.107
3022,2026-08-09 14:22:08.127
3023,2026-08-09 14:22:08.147
3024,2026-08-09 14:22:08.197
3025,2026-08-09 14:22:08.227
3026,2026-08-09 14:22:08.247
3027,2026-08-09 14:22:08.267
3028,2026-08-09 14:22:08.287
3029,2026-08-09 14:22:08.307
3030,2026-08-09 14:22:08.327
3031,2026-08-09 14:22:08.347
3032,2026-08-09 14:22:08.367
3033,2026-08-09 14:22:08.499
3034,2026-08-09 14:22:08.527
3035,2026-08-09 14:22:08.547
3036,2026-08-09 14:22:08.567
3037,2026-08-09 14:22:08.587
3038,2026-08-09 14:22:08.607
3039,2026-08-09 14:22:08.627
3040,2026-08-09 14:22:08.647
3041,2026-08-09 14:22:08.667
3042,2026-08-09 14:22:08.799
3043,2026-08-09 14:22:08.827
3044,2026-08-09 14:22:08.847
3045,2026-08-09 14:22:08.867
3046,2026-08-09 14:22:08.887
3047,2026-08-09 14:22:08.907
3048,2026-08-09 14:22:08.927
3049,2026-08-09 14:22:08.947
3050,2026-08-09 14:22:08.967
3051,2026-08-09 14:22:09.099
3052,2026-08-09 14:22:09.127
3053,2026-08-09 14:22:09.147
3054,2026-08-09 14:22:09.167
3055,2026-08-09 14:22:09.187
3056,2026-08-09 14:22:09.207
3057,2026-08-09 14:22:09.227
3058,2026-08-09 14:22:09.247
3059,2026-08-09 14:22:09.267
3060,2026-08-09 14:22:09.317
3061,2026-08-09 14:22:09.347
3062,2026-08-09 14:22:09.367
3063,2026-08-09 14:22:09.387
3064,2026-08-09 14:22:09.407
3065,2026-08-09 14:22:09.427
3066,2026-08-09 14:22:09.447
3067,2026-08-09 14:22:09.467
3068,2026-08-09 14:22:09.487
3069,2026-08-09 14:22:09.619
3070,2026-08-09 14:22:09.647
3071,2026-08-09 14:22:09.667
3072,2026-08-09 14:22:09.687
3073,2026-08-09 14:22:09.707
3074,2026-08-09 14:22:09.727
3075,2026-08-09 14:22:09.747
3076,2026-08-09 14:22:09.767
3077,2026-08-09 14:22:09.787
3078,2026-08-09 14:22:30.184
3079,2026-08-09 14:22:30.207
3080,2026-08-09 14:22:30.227
3081,2026-08-09 14:22:30.247
3082,2026-08-09 14:23:43.984
3083,2026-08-09 14:23:44.020
3084,2026-08-09 14:23:44.060
3085,2026-08-09 14:23:44.140
3086,2026-08-09 14:23:44.160
3087,2026-08-09 14:23:44.200
3088,2026-08-09 14:23:44.220
3089,2026-08-09 14:23:44.240
3090,2026-08-09 14:23:44.280
3091,2026-08-09 14:23:44.419
3092,2026-08-09 14:23:44.440
3093,2026-08-09 14:23:44.460
3094,2026-08-09 14:23:44.500
3095,2026-08-09 14:23:44.560
3096,2026-08-09 14:23:44.580
3097,2026-08-09 14:23:44.640
3098,2026-08-09 14:23:44.660
3099,2026-08-09 14:23:44.680
3100,2026-08-09 14:23:44.737
3101,2026-08-09 14:23:44.780
3102,2026-08-09 14:23:44.860
3103,2026-08-09 14:23:44.880
3104,2026-08-09 14:23:44.920
3105,2026-08-09 14:23:44.960
3106,2026-08-09 14:23:45.020
3107,2026-08-09 14:23:45.040
3108,2026-08-09 14:23:45.141
3109,2026-08-09 14:23:45.299
3110,2026-08-09 14:23:45.340
3111,2026-08-09 14:23:45.400
3112,2026-08-09 14:23:45.440
3113,2026-08-09 14:23:45.460
3114,2026-08-09 14:23:45.540
3115,2026-08-09 14:23:45.600
3116,2026-08-09 14:23:45.620
3117,2026-08-09 14:23:45.640
3118,2026-08-09 14:23:45.697
3119,2026-08-09 14:23:45.720
3120,2026-08-09 14:23:45.740
3121,2026-08-09 14:23:45.760
3122,2026-08-09 14:23:45.800
3123,2026-08-09 14:23:45.820
3124,2026-08-09 14:23:45.900
3125,2026-08-09 14:23:45.920
3126,2026-08-09 14:23:45.940
3127,2026-08-09 14:23:45.997
3128,2026-08-09 14:23:46.080
3129,2026-08-09 14:23:46.100
3130,2026-08-09 14:23:46.120
3131,2026-08-09 14:23:46.140
3132,2026-08-09 14:23:46.160
3133,2026-08-09 14:23:46.180
3134,2026-08-09 14:23:46.200
3135,2026-08-09 14:23:46.220
3136,2026-08-09 14:23:46.399
3137,2026-08-09 14:23:46.440
3138,2026-08-09 14:23:46.460
3139,2026-08-09 14:23:46.520
3140,2026-08-09 14:23:46.643
3141,2026-08-09 14:23:46.700
3142,2026-08-09 14:23:46.720
3143,2026-08-09 14:23:46.760
3144,2026-08-09 14:23:46.820
3145,2026-08-09 14:23:46.959
3146,2026-08-09 14:23:46.980
3147,2026-08-09 14:23:47.000
3148,2026-08-09 14:23:47.020
3149,2026-08-09 14:23:47.040
3150,2026-08-09 14:23:47.080
3151,2026-08-09 14:23:47.100
3152,2026-08-09 14:23:47.120
3153,2026-08-09 14:23:47.160
3154,2026-08-09 14:23:47.279
3155,2026-08-09 14:23:47.300
3156,2026-08-09 14:23:47.360
3157,2026-08-09 14:23:47.380
3158,2026-08-09 14:23:47.400
3159,2026-08-09 14:23:47.480
3160,2026-08-09 14:23:47.500
3161,2026-08-09 14:23:47.520
3162,2026-08-09 14:23:47.580
3163,2026-08-09 14:23:47.757
3164,2026-08-09 14:23:47.780
3165,2026-08-09 14:23:51.683
3166,2026-08-09 14:23:51.700
3167,2026-08-09 14:24:27.463
3168,2026-08-09 14:24:27.500
3169,2026-08-09 14:24:27.520
3170,2026-08-09 14:24:27.540
3171,2026-08-09 14:24:27.560
3172,2026-08-09 14:24:27.580
3173,2026-08-09 14:24:27.600
3174,2026-08-09 14:24:27.620
3175,2026-08-09 14:24:27.640
3176,2026-08-09 14:24:27.772
3177,2026-08-09 14:24:27.800
3178,2026-08-09 14:24:27.820
3179,2026-08-09 14:24:27.840
3180,2026-08-09 14:24:27.860
3181,2026-08-09 14:24:27.880
3182,2026-08-09 14:24:27.900
3183,2026-08-09 14:24:27.920
3184,2026-08-09 14:24:27.940
3185,2026-08-09 14:24:27.990
3186,2026-08-09 14:24:28.020
3187,2026-08-09 14:24:28.040
3188,2026-08-09 14:24:28.060
3189,2026-08-09 14:24:28.080
3190,2026-08-09 14:24:28.100
3191,2026-08-09 14:24:28.120
3192,2026-08-09 14:24:28.140
3193,2026-08-09 14:24:28.160
3194,2026-08-09 14:24:28.210
3195,2026-08-09 14:24:28.240
3196,2026-08-09 14:24:28.260
3197,2026-08-09 14:24:28.280
3198,2026-08-09 14:24:28.300
3199,2026-08-09 14:24:28.320
3200,2026-08-09 14:24:28.340
3201,2026-08-09 14:24:28.360
3202,2026-08-09 14:24:28.380
3203,2026-08-09 14:24:28.430
3204,2026-08-09 14:24:28.460
3205,2026-08-09 14:24:28.480
3206,2026-08-09 14:24:28.500
3207,2026-08-09 14:24:28.520
3208,2026-08-09 14:24:28.540
3209,2026-08-09 14:24:28.560
3210,2026-08-09 14:24:28.580
3211,2026-08-09 14:24:28.600
3212,2026-08-09 14:24:28.732
3213,2026-08-09 14:24:28.760
3214,2026-08-09 14:24:28.780
3215,2026-08-09 14:24:28.800
3216,2026-08-09 14:24:28.820
3217,2026-08-09 14:24:28.840
3218,2026-08-09 14:24:28.860
3219,2026-08-09 14:24:28.880
3220,2026-08-09 14:24:28.900
3221,2026-08-09 14:24:29.030
3222,2026-08-09 14:24:29.060
3223,2026-08-09 14:24:29.080
3224,2026-08-09 14:24:29.100
3225,2026-08-09 14:24:29.120
3226,2026-08-09 14:24:29.140
3227,2026-08-09 14:24:29.160
3228,2026-08-09 14:24:29.180
3229,2026-08-09 14:24:29.200
3230,2026-08-09 14:24:29.332
3231,2026-08-09 14:24:29.360
3232,2026-08-09 14:24:29.380
3233,2026-08-09 14:24:29.400
3234,2026-08-09 14:24:29.420
3235,2026-08-09 14:24:29.440
3236,2026-08-09 14:24:29.460
3237,2026-08-09 14:24:29.480
3238,2026-08-09 14:24:29.500
3239,2026-08-09 14:24:29.550
3240,2026-08-09 14:24:29.580
3241,2026-08-09 14:24:29.600
3242,2026-08-09 14:24:29.620
3243,2026-08-09 14:24:29.640
3244,2026-08-09 14:24:29.660
3245,2026-08-09 14:24:29.680
3246,2026-08-09 14:24:29.700
3247,2026-08-09 14:24:29.720
3248,2026-08-09 14:24:29.770
3249,2026-08-09 14:24:29.800
3250,2026-08-09 14:24:29.820
3251,2026-08-09 14:24:29.840
3252,2026-08-09 14:24:29.860
3253,2026-08-09 14:24:29.880
3254,2026-08-09 14:24:29.900
3255,2026-08-09 14:24:29.920
3256,2026-08-09 14:24:29.940
3257,2026-08-09 14:24:29.990
3258,2026-08-09 14:24:30.020
3259,2026-08-09 14:24:30.040
3260,2026-08-09 14:24:30.060
3261,2026-08-09 14:24:30.080
3262,2026-08-09 14:24:30.100
3263,2026-08-09 14:24:30.120
3264,2026-08-09 14:24:30.140
3265,2026-08-09 14:24:30.160
3266,2026-08-09 14:24:30.210
3267,2026-08-09 14:24:30.240
3268,2026-08-09 14:24:30.260
3269,2026-08-09 14:24:30.280
3270,2026-08-09 14:24:30.300
3271,2026-08-09 14:24:30.320
3272,2026-08-09 14:24:30.340
3273,2026-08-09 14:24:50.745
3274,2026-08-09 14:24:50.762
3275,2026-08-09 14:24:50.782
3276,2026-08-09 14:24:50.802
3277,2026-08-09 14:24:50.822
3278,2026-08-09 14:24:50.842
3279,2026-08-09 14:24:50.862
3280,2026-08-09 14:24:50.882
3281,2026-08-09 14:24:50.902
3282,2026-08-09 14:24:50.952
3283,2026-08-09 14:24:50.982
3284,2026-08-09 14:24:51.002
3285,2026-08-09 14:24:51.022
3286,2026-08-09 14:24:51.042
3287,2026-08-09 14:24:51.062
3288,2026-08-09 14:24:51.082
3289,2026-08-09 14:24:51.102
3290,2026-08-09 14:24:51.122
3291,2026-08-09 14:24:51.255
3292,2026-08-09 14:24:51.282
3293,2026-08-09 14:24:51.302
3294,2026-08-09 14:24:51.322
3295,2026-08-09 14:24:51.342
3296,2026-08-09 14:24:51.362
3297,2026-08-09 14:24:51.382
3298,2026-08-09 14:24:51.402
3299,2026-08-09 14:24:51.422
3300,2026-08-09 14:24:51.472
3301,2026-08-09 14:24:51.502
3302,2026-08-09 14:24:51.522
3303,2026-08-09 14:24:51.542
3304,2026-08-09 14:24:51.562
3305,2026-08-09 14:24:51.582
3306,2026-08-09 14:24:51.602
3307,2026-08-09 14:24:51.622
3308,2026-08-09 14:24:51.642
3309,2026-08-09 14:24:51.692
3310,2026-08-09 14:24:51.722
3311,2026-08-09 14:24:51.742
3312,2026-08-09 14:24:51.762
3313,2026-08-09 14:24:51.782
3314,2026-08-09 14:24:51.802
3315,2026-08-09 14:24:51.822
3316,2026-08-09 14:24:51.842
3317,2026-08-09 14:24:51.862
3318,2026-08-09 14:24:51.995
3319,2026-08-09 14:24:52.022
3320,2026-08-09 14:24:52.042
3321,2026-08-09 14:24:52.062
3322,2026-08-09 14:24:52.082
3323,2026-08-09 14:24:52.102
3324,2026-08-09 14:24:52.122
3325,2026-08-09 14:24:52.142
3326,2026-08-09 14:24:52.162
3327,2026-08-09 14:24:52.212
3328,2026-08-09 14:24:52.242
3329,2026-08-09 14:24:52.262
3330,2026-08-09 14:24:52.282
3331,2026-08-09 14:24:52.302
3332,2026-08-09 14:24:52.322
3333,2026-08-09 14:24:52.342
3334,2026-08-09 14:24:52.362
3335,2026-08-09 14:24:52.382
3336,2026-08-09 14:24:52.432
3337,2026-08-09 14:24:52.462
3338,2026-08-09 14:24:52.482
3339,2026-08-09 14:24:52.502
3340,2026-08-09 14:24:52.522
3341,2026-08-09 14:24:52.542
3342,2026-08-09 14:24:52.562
3343,2026-08-09 14:24:52.582
3344,2026-08-09 14:24:52.603
3345,2026-08-09 14:24:52.735
3346,2026-08-09 14:24:52.762
3347,2026-08-09 14:24:52.782
3348,2026-08-09 14:24:52.802
3349,2026-08-09 14:24:52.822
3350,2026-08-09 14:24:52.842
3351,2026-08-09 14:24:52.862
3352,2026-08-09 14:24:52.882
3353,2026-08-09 14:24:52.902
3354,2026-08-09 14:24:52.952
3355,2026-08-09 14:24:52.982
3356,2026-08-09 14:24:53.002
3357,2026-08-09 14:24:53.022
3358,2026-08-09 14:24:53.042
3359,2026-08-09 14:24:53.062
3360,2026-08-09 14:24:53.082
3361,2026-08-09 14:24:53.102
3362,2026-08-09 14:24:53.122
3363,2026-08-09 14:24:53.172
3364,2026-08-09 14:24:53.202
3365,2026-08-09 14:24:53.222
3366,2026-08-09 14:24:53.242
3367,2026-08-09 14:24:59.781
3368,2026-08-09 14:24:59.798
3369,2026-08-09 14:25:16.440
3370,2026-08-09 14:25:16.458
3371,2026-08-09 14:25:16.477
3372,2026-08-09 14:25:31.653
3373,2026-08-09 14:25:43.747
3374,2026-08-09 14:25:44.819
3375,2026-08-09 14:25:48.156
3376,2026-08-09 14:26:26.443
3377,2026-08-09 14:26:26.461
3378,2026-08-09 14:26:26.481
3379,2026-08-09 14:26:26.501
3380,2026-08-09 14:26:26.521
3381,2026-08-09 14:26:26.541
3382,2026-08-09 14:26:26.561
3383,2026-08-09 14:26:26.581
3384,2026-08-09 14:26:26.661
3385,2026-08-09 14:27:05.270
3386,2026-08-09 14:27:05.288
3387,2026-08-09 14:27:05.308
3388,2026-08-09 14:27:05.328
3389,2026-08-09 14:27:05.348
3390,2026-08-09 14:27:05.368
3391,2026-08-09 14:27:05.388
3392,2026-08-09 14:27:05.408
3393,2026-08-09 14:27:05.428
3394,2026-08-09 14:27:05.478
3395,2026-08-09 14:27:05.508
3396,2026-08-09 14:27:05.528
3397,2026-08-09 14:27:05.548
3398,2026-08-09 14:27:05.568
3399,2026-08-09 14:27:05.588
3400,2026-08-09 14:27:05.608
3401,2026-08-09 14:27:05.628
3402,2026-08-09 14:27:05.648
3403,2026-08-09 14:27:05.780
3404,2026-08-09 14:27:05.808
3405,2026-08-09 14:27:05.828
3406,2026-08-09 14:27:05.848
3407,2026-08-09 14:27:05.868
3408,2026-08-09 14:27:05.888
3409,2026-08-09 14:27:05.908
3410,2026-08-09 14:27:05.928
3411,2026-08-09 14:27:05.948
3412,2026-08-09 14:27:05.998
3413,2026-08-09 14:27:06.028
3414,2026-08-09 14:27:06.048
3415,2026-08-09 14:27:06.068
3416,2026-08-09 14:27:06.088
3417,2026-08-09 14:27:06.108
3418,2026-08-09 14:27:06.128
3419,2026-08-09 14:27:06.148
3420,2026-08-09 14:27:06.168
3421,2026-08-09 14:27:06.218
3422,2026-08-09 14:27:06.248
3423,2026-08-09 14:27:06.268
3424,2026-08-09 14:27:06.288
3425,2026-08-09 14:27:06.308
3426,2026-08-09 14:27:06.328
3427,2026-08-09 14:27:06.348
3428,2026-08-09 14:27:06.368
3429,2026-08-09 14:27:06.388
3430,2026-08-09 14:27:06.520
3431,2026-08-09 14:27:06.548
3432,2026-08-09 14:27:06.568
3433,2026-08-09 14:27:06.588
3434,2026-08-09 14:27:06.608
3435,2026-08-09 14:27:06.628
3436,2026-08-09 14:27:06.648
3437,2026-08-09 14:27:06.668
3438,2026-08-09 14:27:06.688
3439,2026-08-09 14:27:06.738
3440,2026-08-09 14:27:06.768
3441,2026-08-09 14:27:06.788
3442,2026-08-09 14:27:06.808
3443,2026-08-09 14:27:06.828
3444,2026-08-09 14:27:06.848
3445,2026-08-09 14:27:06.868
3446,2026-08-09 14:27:06.888
3447,2026-08-09 14:27:06.908
3448,2026-08-09 14:27:06.958
3449,2026-08-09 14:27:06.988
3450,2026-08-09 14:27:07.008
3451,2026-08-09 14:27:07.028
3452,2026-08-09 14:27:07.048
3453,2026-08-09 14:27:07.068
3454,2026-08-09 14:27:07.088
3455,2026-08-09 14:27:07.108
3456,2026-08-09 14:27:07.128
3457,2026-08-09 14:27:07.178
3458,2026-08-09 14:27:07.208
3459,2026-08-09 14:27:07.228
3460,2026-08-09 14:27:07.248
3461,2026-08-09 14:27:07.268
3462,2026-08-09 14:27:07.288
3463,2026-08-09 14:27:07.308
3464,2026-08-09 14:27:07.342
3465,2026-08-09 14:27:08.386
3466,2026-08-09 14:27:08.404
3467,2026-08-09 14:27:08.424
3468,2026-08-09 14:27:13.758
3469,2026-08-09 14:27:29.497
3470,2026-08-09 14:27:51.000
3471,2026-08-09 14:27:51.026
3472,2026-08-09 14:27:51.046
3473,2026-08-09 14:27:51.066
3474,2026-08-09 14:27:51.086
3475,2026-08-09 14:27:51.106
3476,2026-08-09 14:27:51.126
3477,2026-08-09 14:27:51.146
3478,2026-08-09 14:27:51.166
3479,2026-08-09 14:27:51.216
3480,2026-08-09 14:27:51.246
3481,2026-08-09 14:27:51.266
3482,2026-08-09 14:27:51.286
3483,2026-08-09 14:27:51.306
3484,2026-08-09 14:27:51.326
3485,2026-08-09 14:27:51.346
3486,2026-08-09 14:27:51.366
3487,2026-08-09 14:27:51.386
3488,2026-08-09 14:27:51.436
3489,2026-08-09 14:27:51.466
3490,2026-08-09 14:27:51.486
3491,2026-08-09 14:27:51.506
3492,2026-08-09 14:27:51.526
3493,2026-08-09 14:27:51.546
3494,2026-08-09 14:27:51.566
3495,2026-08-09 14:27:51.586
3496,2026-08-09 14:27:51.606
3497,2026-08-09 14:27:51.656
3498,2026-08-09 14:27:51.686
3499,2026-08-09 14:27:51.706
3500,2026-08-09 14:27:51.726
3501,2026-08-09 14:27:51.746
3502,2026-08-09 14:27:51.766
3503,2026-08-09 14:27:51.786
3504,2026-08-09 14:27:51.806
3505,2026-08-09 14:27:51.826
3506,2026-08-09 14:27:51.959
3507,2026-08-09 14:27:51.986
3508,2026-08-09 14:27:52.006
3509,2026-08-09 14:27:52.026
3510,2026-08-09 14:27:52.046
3511,2026-08-09 14:27:52.066
3512,2026-08-09 14:27:52.086
3513,2026-08-09 14:27:52.106
3514,2026-08-09 14:27:52.126
3515,2026-08-09 14:27:52.259
3516,2026-08-09 14:27:52.286
3517,2026-08-09 14:27:52.306
3518,2026-08-09 14:27:52.326
3519,2026-08-09 14:27:52.346
3520,2026-08-09 14:27:52.366
3521,2026-08-09 14:27:52.386
3522,2026-08-09 14:27:52.406
3523,2026-08-09 14:27:52.426
3524,2026-08-09 14:27:52.559
3525,2026-08-09 14:27:52.586
3526,2026-08-09 14:27:52.606
3527,2026-08-09 14:27:52.626
3528,2026-08-09 14:27:52.646
3529,2026-08-09 14:27:52.666
3530,2026-08-09 14:27:52.686
3531,2026-08-09 14:27:52.706
3532,2026-08-09 14:27:52.726
3533,2026-08-09 14:27:52.776
3534,2026-08-09 14:27:52.806
3535,2026-08-09 14:27:52.826
3536,2026-08-09 14:27:52.846
3537,2026-08-09 14:27:52.866
3538,2026-08-09 14:27:52.886
3539,2026-08-09 14:27:52.906
3540,2026-08-09 14:27:52.926
3541,2026-08-09 14:27:52.946
3542,2026-08-09 14:27:52.996
3543,2026-08-09 14:27:53.026
3544,2026-08-09 14:27:53.046
3545,2026-08-09 14:27:53.066
3546,2026-08-09 14:27:53.086
3547,2026-08-09 14:27:53.106
3548,2026-08-09 14:27:53.126
3549,2026-08-09 14:27:53.146
3550,2026-08-09 14:27:53.166
3551,2026-08-09 14:27:53.299
3552,2026-08-09 14:27:53.326
3553,2026-08-09 14:27:53.346
3554,2026-08-09 14:27:53.366
3555,2026-08-09 14:27:53.386
3556,2026-08-09 14:27:53.406
3557,2026-08-09 14:27:53.426
3558,2026-08-09 14:27:53.446
3559,2026-08-09 14:27:53.466
3560,2026-08-09 14:27:53.599
3561,2026-08-09 14:27:53.626
3562,2026-08-09 14:27:53.646
3563,2026-08-09 14:27:53.666
3564,2026-08-09 14:27:53.686
3565,2026-08-09 14:27:53.706
3566,2026-08-09 14:27:53.726
3567,2026-08-09 14:27:53.746
3568,2026-08-09 14:27:53.766
3569,2026-08-09 14:27:53.816
3570,2026-08-09 14:27:53.846
3571,2026-08-09 14:27:53.866
3572,2026-08-09 14:27:53.886
3573,2026-08-09 14:27:53.906
3574,2026-08-09 14:27:53.926
3575,2026-08-09 14:27:53.946
3576,2026-08-09 14:27:53.966
3577,2026-08-09 14:27:53.986
3578,2026-08-09 14:27:54.119
3579,2026-08-09 14:27:54.146
3580,2026-08-09 14:27:54.166
3581,2026-08-09 14:27:54.186
3582,2026-08-09 14:27:54.206
3583,2026-08-09 14:27:54.226
3584,2026-08-09 14:27:54.246
3585,2026-08-09 14:27:54.266
3586,2026-08-09 14:27:54.286
3587,2026-08-09 14:27:54.439
3588,2026-08-09 14:27:54.669
3589,2026-08-09 14:28:37.008
3590,2026-08-09 14:28:37.025
3591,2026-08-09 14:28:37.045
3592,2026-08-09 14:28:37.065
3593,2026-08-09 14:28:37.085
3594,2026-08-09 14:28:37.105
3595,2026-08-09 14:28:37.125
3596,2026-08-09 14:28:37.145
3597,2026-08-09 14:28:37.165
3598,2026-08-09 14:28:37.215
3599,2026-08-09 14:28:37.245
3600,2026-08-09 14:28:37.265
3601,2026-08-09 14:28:37.285
3602,2026-08-09 14:28:37.305
3603,2026-08-09 14:28:37.325
3604,2026-08-09 14:28:37.345
3605,2026-08-09 14:28:37.365
3606,2026-08-09 14:28:37.385
3607,2026-08-09 14:28:37.435
3608,2026-08-09 14:28:37.465
3609,2026-08-09 14:28:37.485
3610,2026-08-09 14:28:56.064
3611,2026-08-09 14:28:56.085
3612,2026-08-09 14:28:56.105
3613,2026-08-09 14:28:56.125
3614,2026-08-09 14:28:56.145
3615,2026-08-09 14:28:56.165
3616,2026-08-09 14:28:56.185
3617,2026-08-09 14:28:56.205
3618,2026-08-09 14:28:56.225
3619,2026-08-09 14:28:56.275
3620,2026-08-09 14:28:56.305
3621,2026-08-09 14:28:56.325
3622,2026-08-09 14:28:56.345
3623,2026-08-09 14:28:56.365
3624,2026-08-09 14:28:56.385
3625,2026-08-09 14:28:56.405
3626,2026-08-09 14:28:56.425
3627,2026-08-09 14:28:56.445
3628,2026-08-09 14:28:56.495
3629,2026-08-09 14:28:56.525
3630,2026-08-09 14:28:56.545
3631,2026-08-09 14:28:56.565
3632,2026-08-09 14:28:56.585
3633,2026-08-09 14:28:56.605
3634,2026-08-09 14:28:56.625
3635,2026-08-09 14:28:56.645
3636,2026-08-09 14:28:56.665
3637,2026-08-09 14:28:56.715
3638,2026-08-09 14:28:56.745
3639,2026-08-09 14:28:56.765
3640,2026-08-09 14:28:56.785
3641,2026-08-09 14:28:56.805
3642,2026-08-09 14:28:56.826
3643,2026-08-09 14:28:56.845
3644,2026-08-09 14:28:56.865
3645,2026-08-09 14:28:56.885
3646,2026-08-09 14:28:56.935
3647,2026-08-09 14:28:56.965
3648,2026-08-09 14:28:56.985
3649,2026-08-09 14:28:57.005
3650,2026-08-09 14:28:57.025
3651,2026-08-09 14:28:57.045
3652,2026-08-09 14:28:57.065
3653,2026-08-09 14:28:57.085
3654,2026-08-09 14:28:57.105
3655,2026-08-09 14:28:57.155
3656,2026-08-09 14:28:57.185
3657,2026-08-09 14:28:57.205
3658,2026-08-09 14:28:57.225
3659,2026-08-09 14:28:57.245
3660,2026-08-09 14:28:57.265
3661,2026-08-09 14:28:57.285
3662,2026-08-09 14:28:57.305
3663,2026-08-09 14:28:57.325
3664,2026-08-09 14:28:57.375
3665,2026-08-09 14:28:57.405
3666,2026-08-09 14:28:57.425
3667,2026-08-09 14:28:57.445
3668,2026-08-09 14:28:57.465
3669,2026-08-09 14:28:57.485
3670,2026-08-09 14:28:57.505
3671,2026-08-09 14:28:57.525
3672,2026-08-09 14:28:57.545
3673,2026-08-09 14:28:57.678
3674,2026-08-09 14:28:57.705
3675,2026-08-09 14:28:57.725
3676,2026-08-09 14:28:57.745
3677,2026-08-09 14:28:57.765
3678,2026-08-09 14:28:57.785
3679,2026-08-09 14:28:57.805
3680,2026-08-09 14:28:57.825
3681,2026-08-09 14:28:57.845
3682,2026-08-09 14:28:57.978
3683,2026-08-09 14:28:58.005
3684,2026-08-09 14:28:58.025
3685,2026-08-09 14:28:58.045
3686,2026-08-09 14:28:58.065
3687,2026-08-09 14:28:58.085
3688,2026-08-09 14:28:58.105
3689,2026-08-09 14:28:58.125
3690,2026-08-09 14:28:58.145
3691,2026-08-09 14:28:58.278
3692,2026-08-09 14:28:58.305
3693,2026-08-09 14:28:58.326
3694,2026-08-09 14:28:58.345
3695,2026-08-09 14:28:58.365
3696,2026-08-09 14:28:58.385
3697,2026-08-09 14:28:58.405
3698,2026-08-09 14:28:58.659
3699,2026-08-09 14:28:58.664
3700,2026-08-09 14:28:58.900
3701,2026-08-09 14:29:22.627
3702,2026-08-09 14:29:25.218
3703,2026-08-09 14:29:29.407
3704,2026-08-09 14:29:29.425
3705,2026-08-09 14:29:29.465
3706,2026-08-09 14:29:29.485
3707,2026-08-09 14:29:59.136
3708,2026-08-09 14:30:02.800
3709,2026-08-09 14:31:16.216
3710,2026-08-09 14:31:38.495
3711,2026-08-09 14:31:38.512
3712,2026-08-09 14:31:38.532
3713,2026-08-09 14:31:38.552
3714,2026-08-09 14:31:38.572
3715,2026-08-09 14:31:38.592
3716,2026-08-09 14:31:38.612
3717,2026-08-09 14:31:38.632
3718,2026-08-09 14:31:38.652
3719,2026-08-09 14:31:38.729
3720,2026-08-09 14:31:38.752
3721,2026-08-09 14:31:38.772
3722,2026-08-09 14:31:38.792
3723,2026-08-09 14:31:38.812
3724,2026-08-09 14:31:38.832
3725,2026-08-09 14:31:38.852
3726,2026-08-09 14:31:38.872
3727,2026-08-09 14:31:38.912
3728,2026-08-09 14:31:39.051
3729,2026-08-09 14:31:39.072
3730,2026-08-09 14:31:39.092
3731,2026-08-09 14:31:39.112
3732,2026-08-09 14:31:39.132
3733,2026-08-09 14:31:39.152
3734,2026-08-09 14:31:39.172
3735,2026-08-09 14:31:39.192
3736,2026-08-09 14:31:39.212
3737,2026-08-09 14:31:39.269
3738,2026-08-09 14:31:39.292
3739,2026-08-09 14:31:39.312
3740,2026-08-09 14:31:39.332
3741,2026-08-09 14:31:39.352
3742,2026-08-09 14:31:39.372
3743,2026-08-09 14:31:39.392
3744,2026-08-09 14:31:39.412
3745,2026-08-09 14:31:39.432
3746,2026-08-09 14:31:39.489
3747,2026-08-09 14:31:39.512
3748,2026-08-09 14:31:39.532
3749,2026-08-09 14:31:39.552
3750,2026-08-09 14:31:39.572
3751,2026-08-09 14:31:39.592
3752,2026-08-09 14:31:39.612
3753,2026-08-09 14:31:39.632
3754,2026-08-09 14:31:39.652
3755,2026-08-09 14:31:39.709
3756,2026-08-09 14:31:39.732
3757,2026-08-09 14:31:39.752
3758,2026-08-09 14:31:39.772
3759,2026-08-09 14:31:39.792
3760,2026-08-09 14:31:39.812
3761,2026-08-09 14:31:39.832
3762,2026-08-09 14:31:39.852
3763,2026-08-09 14:31:39.872
3764,2026-08-09 14:31:39.929
3765,2026-08-09 14:31:39.952
3766,2026-08-09 14:31:39.992
3767,2026-08-09 14:31:40.032
3768,2026-08-09 14:31:40.052
3769,2026-08-09 14:31:40.072
3770,2026-08-09 14:31:40.092
3771,2026-08-09 14:31:40.112
3772,2026-08-09 14:31:40.132
3773,2026-08-09 14:31:40.787
3774,2026-08-09 14:31:40.967
3775,2026-08-09 14:31:41.004
3776,2026-08-09 14:31:59.776
3777,2026-08-09 14:31:59.799
3778,2026-08-09 14:31:59.819
3779,2026-08-09 14:31:59.839
3780,2026-08-09 14:31:59.859
3781,2026-08-09 14:31:59.879
3782,2026-08-09 14:31:59.899
3783,2026-08-09 14:31:59.919
3784,2026-08-09 14:31:59.939
3785,2026-08-09 14:31:59.989
3786,2026-08-09 14:32:00.019
3787,2026-08-09 14:32:00.039
3788,2026-08-09 14:32:00.059
3789,2026-08-09 14:32:00.079
3790,2026-08-09 14:32:00.099
3791,2026-08-09 14:32:00.119
3792,2026-08-09 14:32:00.139
3793,2026-08-09 14:32:00.159
3794,2026-08-09 14:32:00.291
3795,2026-08-09 14:32:00.319
3796,2026-08-09 14:32:00.339
3797,2026-08-09 14:32:00.359
3798,2026-08-09 14:32:00.379
3799,2026-08-09 14:32:00.399
3800,2026-08-09 14:32:00.419
3801,2026-08-09 14:32:00.439
3802,2026-08-09 14:32:00.459
3803,2026-08-09 14:32:00.591
3804,2026-08-09 14:32:00.619
3805,2026-08-09 14:32:00.639
3806,2026-08-09 14:32:00.659
3807,2026-08-09 14:32:00.681
3808,2026-08-09 14:32:00.699
3809,2026-08-09 14:32:00.719
3810,2026-08-09 14:32:00.739
3811,2026-08-09 14:32:00.759
3812,2026-08-09 14:32:00.809
3813,2026-08-09 14:32:00.839
3814,2026-08-09 14:32:00.859
3815,2026-08-09 14:32:00.879
3816,2026-08-09 14:32:00.899
3817,2026-08-09 14:32:00.919
3818,2026-08-09 14:32:00.939
3819,2026-08-09 14:32:00.959
3820,2026-08-09 14:32:00.979
3821,2026-08-09 14:32:01.111
3822,2026-08-09 14:32:01.139
3823,2026-08-09 14:32:01.159
3824,2026-08-09 14:32:01.179
3825,2026-08-09 14:32:01.199
3826,2026-08-09 14:32:01.219
3827,2026-08-09 14:32:01.239
3828,2026-08-09 14:32:01.259
3829,2026-08-09 14:32:01.279
3830,2026-08-09 14:32:01.329
3831,2026-08-09 14:32:01.359
3832,2026-08-09 14:32:01.379
3833,2026-08-09 14:32:01.399
3834,2026-08-09 14:32:01.419
3835,2026-08-09 14:32:01.439
3836,2026-08-09 14:32:01.459
3837,2026-08-09 14:32:01.479
3838,2026-08-09 14:32:01.499
3839,2026-08-09 14:32:01.549
3840,2026-08-09 14:32:01.579
3841,2026-08-09 14:32:01.599
3842,2026-08-09 14:32:01.619
3843,2026-08-09 14:32:01.639
3844,2026-08-09 14:32:01.659
3845,2026-08-09 14:32:01.679
3846,2026-08-09 14:32:01.699
3847,2026-08-09 14:32:01.719
3848,2026-08-09 14:32:01.851
3849,2026-08-09 14:32:01.879
3850,2026-08-09 14:32:01.899
3851,2026-08-09 14:32:01.919
3852,2026-08-09 14:32:01.939
3853,2026-08-09 14:32:01.959
3854,2026-08-09 14:32:01.979
3855,2026-08-09 14:32:01.999
3856,2026-08-09 14:32:02.019
3857,2026-08-09 14:32:02.151
3858,2026-08-09 14:32:02.179
3859,2026-08-09 14:32:02.199
3860,2026-08-09 14:32:02.219
3861,2026-08-09 14:32:02.239
3862,2026-08-09 14:32:02.259
3863,2026-08-09 14:32:02.279
3864,2026-08-09 14:32:02.299
3865,2026-08-09 14:32:02.319
3866,2026-08-09 14:32:02.369
3867,2026-08-09 14:32:02.399
3868,2026-08-09 14:32:02.419
3869,2026-08-09 14:32:58.927
3870,2026-08-09 14:33:35.264
3871,2026-08-09 14:33:35.283
3872,2026-08-09 14:33:35.303
3873,2026-08-09 14:33:35.323
3874,2026-08-09 14:33:35.343
3875,2026-08-09 14:33:35.363
3876,2026-08-09 14:33:35.383
3877,2026-08-09 14:33:35.403
3878,2026-08-09 14:33:35.423
3879,2026-08-09 14:33:35.473
3880,2026-08-09 14:33:35.503
3881,2026-08-09 14:33:35.523
3882,2026-08-09 14:33:35.543
3883,2026-08-09 14:33:35.563
3884,2026-08-09 14:33:35.583
3885,2026-08-09 14:33:35.604
3886,2026-08-09 14:33:35.623
3887,2026-08-09 14:33:35.643
3888,2026-08-09 14:33:35.693
3889,2026-08-09 14:33:35.723
3890,2026-08-09 14:33:39.032
3891,2026-08-09 14:33:39.272
3892,2026-08-09 14:33:42.326
3893,2026-08-09 14:33:43.622
3894,2026-08-09 14:33:44.935
3895,2026-08-09 14:33:45.771
3896,2026-08-09 14:33:45.789
3897,2026-08-09 14:33:47.384
3898,2026-08-09 14:34:22.206
3899,2026-08-09 14:34:22.223
3900,2026-08-09 14:34:22.243
3901,2026-08-09 14:34:22.263
3902,2026-08-09 14:34:22.283
3903,2026-08-09 14:34:22.303
3904,2026-08-09 14:34:22.323
3905,2026-08-09 14:34:22.343
3906,2026-08-09 14:34:22.363
3907,2026-08-09 14:34:22.503
3908,2026-08-09 14:34:22.523
3909,2026-08-09 14:34:22.544
3910,2026-08-09 14:34:22.563
3911,2026-08-09 14:34:22.583
3912,2026-08-09 14:34:22.604
3913,2026-08-09 14:34:22.623
3914,2026-08-09 14:34:22.643
3915,2026-08-09 14:34:22.663
3916,2026-08-09 14:34:22.720
3917,2026-08-09 14:34:22.743
3918,2026-08-09 14:34:22.763
3919,2026-08-09 14:34:22.783
3920,2026-08-09 14:34:22.803
3921,2026-08-09 14:34:22.823
3922,2026-08-09 14:34:22.844
3923,2026-08-09 14:34:22.863
3924,2026-08-09 14:34:22.883
3925,2026-08-09 14:34:22.940
3926,2026-08-09 14:34:22.963
3927,2026-08-09 14:34:22.983
3928,2026-08-09 14:34:23.003
3929,2026-08-09 14:34:23.024
3930,2026-08-09 14:34:23.044
3931,2026-08-09 14:34:23.064
3932,2026-08-09 14:34:23.083
3933,2026-08-09 14:34:23.103
3934,2026-08-09 14:34:23.160
3935,2026-08-09 14:34:23.183
3936,2026-08-09 14:34:23.203
3937,2026-08-09 14:34:23.224
3938,2026-08-09 14:34:23.243
3939,2026-08-09 14:34:23.263
3940,2026-08-09 14:34:23.284
3941,2026-08-09 14:34:23.303
3942,2026-08-09 14:34:23.323
3943,2026-08-09 14:34:23.380
3944,2026-08-09 14:34:23.403
3945,2026-08-09 14:34:23.423
3946,2026-08-09 14:34:23.443
3947,2026-08-09 14:34:23.463
3948,2026-08-09 14:34:23.483
3949,2026-08-09 14:34:23.503
3950,2026-08-09 14:34:23.523
3951,2026-08-09 14:34:23.544
3952,2026-08-09 14:34:23.600
3953,2026-08-09 14:34:23.624
3954,2026-08-09 14:34:23.643
3955,2026-08-09 14:34:23.663
3956,2026-08-09 14:34:23.684
3957,2026-08-09 14:34:23.703
3958,2026-08-09 14:34:23.723
3959,2026-08-09 14:34:23.743
3960,2026-08-09 14:34:23.763
3961,2026-08-09 14:34:43.294
3962,2026-08-09 14:34:43.311
3963,2026-08-09 14:34:43.553
3964,2026-08-09 14:34:47.060
3965,2026-08-09 14:34:48.776
3966,2026-08-09 14:34:49.891
3967,2026-08-09 14:34:50.131
3968,2026-08-09 14:34:52.469
3969,2026-08-09 14:34:58.706
3970,2026-08-09 14:35:07.095
3971,2026-08-09 14:35:07.113
3972,2026-08-09 14:35:07.133
3973,2026-08-09 14:35:07.153
3974,2026-08-09 14:35:07.173
3975,2026-08-09 14:35:07.193
3976,2026-08-09 14:35:07.213
3977,2026-08-09 14:35:07.233
3978,2026-08-09 14:35:07.253
3979,2026-08-09 14:35:07.303
3980,2026-08-09 14:35:07.333
3981,2026-08-09 14:35:07.353
3982,2026-08-09 14:35:07.373
3983,2026-08-09 14:35:07.393
3984,2026-08-09 14:35:07.413
3985,2026-08-09 14:35:07.433
3986,2026-08-09 14:35:07.453
3987,2026-08-09 14:35:07.473
3988,2026-08-09 14:35:07.523
3989,2026-08-09 14:35:07.553
3990,2026-08-09 14:35:07.573
3991,2026-08-09 14:35:07.593
3992,2026-08-09 14:35:07.613
3993,2026-08-09 14:35:07.633
3994,2026-08-09 14:35:07.653
3995,2026-08-09 14:35:07.673
3996,2026-08-09 14:35:07.693
3997,2026-08-09 14:35:07.743
3998,2026-08-09 14:35:07.773
3999,2026-08-09 14:35:07.793
4000,2026-08-09 14:35:07.813
4001,2026-08-09 14:35:07.833
4002,2026-08-09 14:35:07.853
4003,2026-08-09 14:35:07.873
4004,2026-08-09 14:35:07.893
4005,2026-08-09 14:35:07.913
4006,2026-08-09 14:35:08.043
4007,2026-08-09 14:35:08.073
4008,2026-08-09 14:35:08.093
4009,2026-08-09 14:35:08.113
4010,2026-08-09 14:35:08.133
4011,2026-08-09 14:35:08.153
4012,2026-08-09 14:35:08.173
4013,2026-08-09 14:35:08.193
4014,2026-08-09 14:35:08.213
4015,2026-08-09 14:35:08.263
4016,2026-08-09 14:35:08.293
4017,2026-08-09 14:35:08.313
4018,2026-08-09 14:35:08.333
4019,2026-08-09 14:35:08.353
4020,2026-08-09 14:35:08.373
4021,2026-08-09 14:35:08.393
4022,2026-08-09 14:35:08.413
4023,2026-08-09 14:35:08.433
4024,2026-08-09 14:35:08.483
4025,2026-08-09 14:35:08.513
4026,2026-08-09 14:35:08.533
4027,2026-08-09 14:35:08.553
4028,2026-08-09 14:35:08.573
4029,2026-08-09 14:35:08.593
4030,2026-08-09 14:35:08.613
4031,2026-08-09 14:35:08.633
4032,2026-08-09 14:35:08.653
4033,2026-08-09 14:35:08.703
4034,2026-08-09 14:35:08.733
4035,2026-08-09 14:35:08.753
4036,2026-08-09 14:35:08.773
4037,2026-08-09 14:35:08.793
4038,2026-08-09 14:35:08.813
4039,2026-08-09 14:35:08.833
4040,2026-08-09 14:35:08.853
4041,2026-08-09 14:35:08.873
4042,2026-08-09 14:35:08.923
4043,2026-08-09 14:35:08.953
4044,2026-08-09 14:35:08.973
4045,2026-08-09 14:35:08.993
4046,2026-08-09 14:35:09.013
4047,2026-08-09 14:35:09.033
4048,2026-08-09 14:35:09.053
4049,2026-08-09 14:35:09.073
4050,2026-08-09 14:35:09.093
4051,2026-08-09 14:35:09.143
4052,2026-08-09 14:35:09.173
4053,2026-08-09 14:35:09.193
4054,2026-08-09 14:35:09.213
4055,2026-08-09 14:35:09.233
4056,2026-08-09 14:35:09.253
4057,2026-08-09 14:35:09.273
4058,2026-08-09 14:35:09.293
4059,2026-08-09 14:35:09.313
4060,2026-08-09 14:35:09.363
4061,2026-08-09 14:35:09.393
4062,2026-08-09 14:35:09.413
4063,2026-08-09 14:35:09.433
4064,2026-08-09 14:35:09.453
4065,2026-08-09 14:35:09.473
4066,2026-08-09 14:35:09.493
4067,2026-08-09 14:35:09.513
4068,2026-08-09 14:35:09.533
4069,2026-08-09 14:35:09.665
4070,2026-08-09 14:35:09.693
4071,2026-08-09 14:35:09.713
4072,2026-08-09 14:35:09.733
4073,2026-08-09 14:35:09.753
4074,2026-08-09 14:35:09.773
4075,2026-08-09 14:35:09.793
4076,2026-08-09 14:35:09.813
4077,2026-08-09 14:35:09.833
4078,2026-08-09 14:35:09.883
4079,2026-08-09 14:35:09.913
4080,2026-08-09 14:35:09.933
4081,2026-08-09 14:35:09.953
4082,2026-08-09 14:35:09.973
4083,2026-08-09 14:35:09.993
4084,2026-08-09 14:35:10.013
4085,2026-08-09 14:35:10.033
4086,2026-08-09 14:35:10.053
4087,2026-08-09 14:35:10.103
4088,2026-08-09 14:35:10.133
4089,2026-08-09 14:35:10.153
4090,2026-08-09 14:35:10.173
4091,2026-08-09 14:35:10.193
4092,2026-08-09 14:35:10.213
4093,2026-08-09 14:35:10.233
4094,2026-08-09 14:35:10.253
4095,2026-08-09 14:35:10.273
4096,2026-08-09 14:35:10.405
4097,2026-08-09 14:35:10.433
4098,2026-08-09 14:35:10.453
4099,2026-08-09 14:35:10.473
4100,2026-08-09 14:35:10.493
4101,2026-08-09 14:35:10.513
4102,2026-08-09 14:35:10.533
4103,2026-08-09 14:35:10.553
4104,2026-08-09 14:35:10.573
4105,2026-08-09 14:35:10.623
4106,2026-08-09 14:35:10.653
4107,2026-08-09 14:35:10.673
4108,2026-08-09 14:35:10.693
4109,2026-08-09 14:35:10.713
4110,2026-08-09 14:35:10.733
4111,2026-08-09 14:35:10.753
4112,2026-08-09 14:35:10.773
4113,2026-08-09 14:35:10.793
4114,2026-08-09 14:35:10.843
4115,2026-08-09 14:35:10.873
4116,2026-08-09 14:35:10.893
4117,2026-08-09 14:35:10.913
4118,2026-08-09 14:35:10.933
4119,2026-08-09 14:35:10.953
4120,2026-08-09 14:35:10.973
4121,2026-08-09 14:35:10.993
4122,2026-08-09 14:35:11.013
4123,2026-08-09 14:35:11.063
4124,2026-08-09 14:35:11.093
4125,2026-08-09 14:35:11.113
4126,2026-08-09 14:35:11.133
4127,2026-08-09 14:35:11.153
4128,2026-08-09 14:35:11.173
4129,2026-08-09 14:35:11.193
4130,2026-08-09 14:35:11.213
4131,2026-08-09 14:35:11.233
4132,2026-08-09 14:35:11.366
4133,2026-08-09 14:35:11.393
4134,2026-08-09 14:35:11.413
4135,2026-08-09 14:35:11.433
4136,2026-08-09 14:35:11.453
4137,2026-08-09 14:35:11.473
4138,2026-08-09 14:35:11.493
4139,2026-08-09 14:35:11.513
4140,2026-08-09 14:35:11.533
4141,2026-08-09 14:35:11.583
4142,2026-08-09 14:35:11.613
4143,2026-08-09 14:35:11.633
4144,2026-08-09 14:35:11.653
4145,2026-08-09 14:35:11.673
4146,2026-08-09 14:35:11.693
4147,2026-08-09 14:35:11.713
4148,2026-08-09 14:35:11.733
4149,2026-08-09 14:35:11.753
4150,2026-08-09 14:35:11.803
4151,2026-08-09 14:35:11.833
4152,2026-08-09 14:35:11.853
4153,2026-08-09 14:35:11.873
4154,2026-08-09 14:35:11.893
4155,2026-08-09 14:35:11.913
4156,2026-08-09 14:35:11.933
4157,2026-08-09 14:35:11.953
4158,2026-08-09 14:35:11.973
4159,2026-08-09 14:35:12.105
4160,2026-08-09 14:35:12.133
4161,2026-08-09 14:35:12.153
4162,2026-08-09 14:35:12.173
4163,2026-08-09 14:35:12.193
4164,2026-08-09 14:35:12.213
4165,2026-08-09 14:35:12.233
4166,2026-08-09 14:35:12.253
4167,2026-08-09 14:35:12.273
4168,2026-08-09 14:35:12.405
4169,2026-08-09 14:35:12.433
4170,2026-08-09 14:35:12.453
4171,2026-08-09 14:35:12.473
4172,2026-08-09 14:35:12.493
4173,2026-08-09 14:35:12.513
4174,2026-08-09 14:35:12.533
4175,2026-08-09 14:35:12.553
4176,2026-08-09 14:35:12.573
4177,2026-08-09 14:35:12.623
4178,2026-08-09 14:35:12.653
4179,2026-08-09 14:35:12.673
4180,2026-08-09 14:35:12.693
4181,2026-08-09 14:35:12.713
4182,2026-08-09 14:35:12.733
4183,2026-08-09 14:35:12.753
4184,2026-08-09 14:35:12.773
4185,2026-08-09 14:35:12.793
4186,2026-08-09 14:35:12.925
4187,2026-08-09 14:35:12.953
4188,2026-08-09 14:35:12.973
4189,2026-08-09 14:35:12.993
4190,2026-08-09 14:35:13.013
4191,2026-08-09 14:35:13.033
4192,2026-08-09 14:35:13.053
4193,2026-08-09 14:35:13.073
4194,2026-08-09 14:35:13.093
4195,2026-08-09 14:35:13.143
4196,2026-08-09 14:35:13.173
4197,2026-08-09 14:35:13.193
4198,2026-08-09 14:35:13.213
4199,2026-08-09 14:35:13.233
4200,2026-08-09 14:35:13.253
4201,2026-08-09 14:35:13.273
4202,2026-08-09 14:35:13.293
4203,2026-08-09 14:35:13.313
4204,2026-08-09 14:35:13.363
4205,2026-08-09 14:35:13.393
4206,2026-08-09 14:35:13.413
4207,2026-08-09 14:35:13.433
4208,2026-08-09 14:35:13.453
4209,2026-08-09 14:35:13.473
4210,2026-08-09 14:35:13.493
4211,2026-08-09 14:35:13.513
4212,2026-08-09 14:35:13.533
4213,2026-08-09 14:35:13.583
4214,2026-08-09 14:35:13.613
4215,2026-08-09 14:35:13.633
4216,2026-08-09 14:35:13.653
4217,2026-08-09 14:35:13.673
4218,2026-08-09 14:35:13.693
4219,2026-08-09 14:35:13.713
4220,2026-08-09 14:35:13.733
4221,2026-08-09 14:35:13.753
4222,2026-08-09 14:35:13.886
4223,2026-08-09 14:35:13.913
4224,2026-08-09 14:35:13.933
4225,2026-08-09 14:35:13.953
4226,2026-08-09 14:35:13.973
4227,2026-08-09 14:35:13.993
4228,2026-08-09 14:35:14.013
4229,2026-08-09 14:35:14.033
4230,2026-08-09 14:35:14.053
4231,2026-08-09 14:35:14.186
4232,2026-08-09 14:35:14.213
4233,2026-08-09 14:35:14.233
4234,2026-08-09 14:35:14.253
4235,2026-08-09 14:35:14.273
4236,2026-08-09 14:35:14.293
4237,2026-08-09 14:35:14.313
4238,2026-08-09 14:35:14.333
4239,2026-08-09 14:35:14.353
4240,2026-08-09 14:35:14.403
4241,2026-08-09 14:35:14.433
4242,2026-08-09 14:35:14.453
4243,2026-08-09 14:35:14.473
4244,2026-08-09 14:35:14.493
4245,2026-08-09 14:35:14.513
4246,2026-08-09 14:35:14.533
4247,2026-08-09 14:35:14.553
4248,2026-08-09 14:35:14.573
4249,2026-08-09 14:35:14.623
4250,2026-08-09 14:35:14.653
4251,2026-08-09 14:35:14.673
4252,2026-08-09 14:35:14.693
4253,2026-08-09 14:35:14.713
4254,2026-08-09 14:35:14.733
4255,2026-08-09 14:35:14.753
4256,2026-08-09 14:35:14.773
4257,2026-08-09 14:35:14.793
4258,2026-08-09 14:35:14.843
4259,2026-08-09 14:35:14.873
4260,2026-08-09 14:35:14.893
4261,2026-08-09 14:35:14.913
4262,2026-08-09 14:35:14.933
4263,2026-08-09 14:35:14.953
4264,2026-08-09 14:35:14.973
4265,2026-08-09 14:35:14.993
4266,2026-08-09 14:35:15.013
4267,2026-08-09 14:35:15.063
4268,2026-08-09 14:35:15.093
4269,2026-08-09 14:35:15.113
4270,2026-08-09 14:35:15.133
4271,2026-08-09 14:35:15.153
4272,2026-08-09 14:35:15.173
4273,2026-08-09 14:35:15.196
4274,2026-08-09 14:35:15.213
4275,2026-08-09 14:35:15.233
4276,2026-08-09 14:35:15.283
4277,2026-08-09 14:35:15.313
4278,2026-08-09 14:35:15.333
4279,2026-08-09 14:35:15.353
4280,2026-08-09 14:35:15.373
4281,2026-08-09 14:35:15.393
4282,2026-08-09 14:35:15.413
4283,2026-08-09 14:35:16.012
4284,2026-08-09 14:35:16.030
4285,2026-08-09 14:35:17.125
4286,2026-08-09 14:35:19.314
4287,2026-08-09 14:35:36.440
4288,2026-08-09 14:35:36.680
4289,2026-08-09 14:35:37.734
4290,2026-08-09 14:35:37.754
4291,2026-08-09 14:35:37.774
4292,2026-08-09 14:35:37.834
4293,2026-08-09 14:35:37.874
4294,2026-08-09 14:35:37.914
4295,2026-08-09 14:35:38.806
4296,2026-08-09 14:35:53.448
4297,2026-08-09 14:35:56.033
4298,2026-08-09 14:35:59.650
4299,2026-08-09 14:36:09.353
4300,2026-08-09 14:36:25.892
4301,2026-08-09 14:36:25.910
4302,2026-08-09 14:36:25.930
4303,2026-08-09 14:36:25.950
4304,2026-08-09 14:36:25.970
4305,2026-08-09 14:36:32.542
4306,2026-08-09 14:37:06.723
4307,2026-08-09 14:37:06.741
4308,2026-08-09 14:37:06.820
4309,2026-08-09 14:37:07.043
4310,2026-08-09 14:37:07.101
4311,2026-08-09 14:37:07.141
4312,2026-08-09 14:37:07.201
4313,2026-08-09 14:37:07.423
4314,2026-08-09 14:37:07.441
4315,2026-08-09 14:37:07.620
4316,2026-08-09 14:37:07.701
4317,2026-08-09 14:37:07.883
4318,2026-08-09 14:37:08.063
4319,2026-08-09 14:37:08.081
4320,2026-08-09 14:37:08.303
4321,2026-08-09 14:37:08.361
4322,2026-08-09 14:37:08.464
4323,2026-08-09 14:37:08.521
4324,2026-08-09 14:37:08.725
4325,2026-08-09 14:37:08.943
4326,2026-08-09 14:37:09.123
4327,2026-08-09 14:37:09.141
4328,2026-08-09 14:37:09.283
4329,2026-08-09 14:37:09.321
4330,2026-08-09 14:37:09.401
4331,2026-08-09 14:37:09.461
4332,2026-08-09 14:37:09.520
4333,2026-08-09 14:37:09.660
4334,2026-08-09 14:37:09.681
4335,2026-08-09 14:37:09.781
4336,2026-08-09 14:37:09.861
4337,2026-08-09 14:37:09.921
4338,2026-08-09 14:37:10.043
4339,2026-08-09 14:37:10.061
4340,2026-08-09 14:37:21.663
4341,2026-08-09 14:37:37.547
4342,2026-08-09 14:37:45.784
4343,2026-08-09 14:37:46.024
4344,2026-08-09 14:37:54.341
4345,2026-08-09 14:37:54.358
4346,2026-08-09 14:37:54.375
4347,2026-08-09 14:37:54.383
4348,2026-08-09 14:37:54.398
4349,2026-08-09 14:37:54.418
4350,2026-08-09 14:37:54.438
4351,2026-08-09 14:37:54.458
4352,2026-08-09 14:37:54.478
4353,2026-08-09 14:37:54.528
4354,2026-08-09 14:37:54.558
4355,2026-08-09 14:37:54.578
4356,2026-08-09 14:37:54.598
4357,2026-08-09 14:37:54.618
4358,2026-08-09 14:37:54.638
4359,2026-08-09 14:37:54.658
4360,2026-08-09 14:37:54.678
4361,2026-08-09 14:37:54.698
4362,2026-08-09 14:37:54.748
4363,2026-08-09 14:37:54.778
4364,2026-08-09 14:37:54.798
4365,2026-08-09 14:37:54.818
4366,2026-08-09 14:37:54.838
4367,2026-08-09 14:37:58.877
4368,2026-08-09 14:37:58.894
4369,2026-08-09 14:38:15.773
4370,2026-08-09 14:38:15.831
4371,2026-08-09 14:38:15.891
4372,2026-08-09 14:38:15.911
4373,2026-08-09 14:38:15.951
4374,2026-08-09 14:38:15.971
4375,2026-08-09 14:38:15.991
4376,2026-08-09 14:38:16.031
4377,2026-08-09 14:38:16.091
4378,2026-08-09 14:38:16.230
4379,2026-08-09 14:38:16.271
4380,2026-08-09 14:38:16.311
4381,2026-08-09 14:38:16.371
4382,2026-08-09 14:38:16.391
4383,2026-08-09 14:38:16.411
4384,2026-08-09 14:38:16.451
4385,2026-08-09 14:38:16.491
4386,2026-08-09 14:38:16.531
4387,2026-08-09 14:38:18.575
4388,2026-08-09 14:38:18.593
4389,2026-08-09 14:38:40.154
4390,2026-08-09 14:38:40.171
4391,2026-08-09 14:38:40.191
4392,2026-08-09 14:38:40.211
4393,2026-08-09 14:38:40.973
4394,2026-08-09 14:38:40.990
4395,2026-08-09 14:39:01.491
4396,2026-08-09 14:39:01.509
4397,2026-08-09 14:39:01.529
4398,2026-08-09 14:39:01.549
4399,2026-08-09 14:39:01.569
4400,2026-08-09 14:39:01.589
4401,2026-08-09 14:39:01.609
4402,2026-08-09 14:39:01.629
4403,2026-08-09 14:39:01.649
4404,2026-08-09 14:39:01.698
4405,2026-08-09 14:39:01.729
4406,2026-08-09 14:39:01.749
4407,2026-08-09 14:39:01.769
4408,2026-08-09 14:39:01.789
4409,2026-08-09 14:39:01.809
4410,2026-08-09 14:39:01.828
4411,2026-08-09 14:39:01.849
4412,2026-08-09 14:39:01.869
4413,2026-08-09 14:39:02.001
4414,2026-08-09 14:39:02.029
4415,2026-08-09 14:39:02.049
4416,2026-08-09 14:39:02.069
4417,2026-08-09 14:39:02.089
4418,2026-08-09 14:39:02.109
4419,2026-08-09 14:39:02.129
4420,2026-08-09 14:39:02.149
4421,2026-08-09 14:39:02.169
4422,2026-08-09 14:39:02.219
4423,2026-08-09 14:39:02.249
4424,2026-08-09 14:39:02.269
4425,2026-08-09 14:39:02.289
4426,2026-08-09 14:39:02.309
4427,2026-08-09 14:39:02.329
4428,2026-08-09 14:39:02.349
4429,2026-08-09 14:39:02.369
4430,2026-08-09 14:39:02.391
4431,2026-08-09 14:39:02.521
4432,2026-08-09 14:39:02.549
4433,2026-08-09 14:39:02.569
4434,2026-08-09 14:39:02.589
4435,2026-08-09 14:39:02.609
4436,2026-08-09 14:39:02.629
4437,2026-08-09 14:39:02.649
4438,2026-08-09 14:39:02.669
4439,2026-08-09 14:39:02.689
4440,2026-08-09 14:39:02.738
4441,2026-08-09 14:39:02.769
4442,2026-08-09 14:39:02.789
4443,2026-08-09 14:39:02.809
4444,2026-08-09 14:39:02.829
4445,2026-08-09 14:39:02.849
4446,2026-08-09 14:39:02.869
4447,2026-08-09 14:39:02.889
4448,2026-08-09 14:39:02.909
4449,2026-08-09 14:39:03.041
4450,2026-08-09 14:39:03.069
4451,2026-08-09 14:39:03.089
4452,2026-08-09 14:39:03.109
4453,2026-08-09 14:39:03.129
4454,2026-08-09 14:39:03.149
4455,2026-08-09 14:39:03.169
4456,2026-08-09 14:39:03.189
4457,2026-08-09 14:39:03.209
4458,2026-08-09 14:39:03.258
4459,2026-08-09 14:39:03.289
4460,2026-08-09 14:39:03.309
4461,2026-08-09 14:39:03.329
4462,2026-08-09 14:39:03.349
4463,2026-08-09 14:39:03.369
4464,2026-08-09 14:39:03.389
4465,2026-08-09 14:39:03.409
4466,2026-08-09 14:39:03.429
4467,2026-08-09 14:39:03.561
4468,2026-08-09 14:39:03.589
4469,2026-08-09 14:39:03.609
4470,2026-08-09 14:39:03.629
4471,2026-08-09 14:39:03.649
4472,2026-08-09 14:39:03.669
4473,2026-08-09 14:39:03.689
4474,2026-08-09 14:39:03.709
4475,2026-08-09 14:39:03.729
4476,2026-08-09 14:39:03.861
4477,2026-08-09 14:39:03.889
4478,2026-08-09 14:39:03.909
4479,2026-08-09 14:39:03.929
4480,2026-08-09 14:39:03.949
4481,2026-08-09 14:39:03.969
4482,2026-08-09 14:39:03.989
4483,2026-08-09 14:39:04.009
4484,2026-08-09 14:39:04.029
4485,2026-08-09 14:39:04.161
4486,2026-08-09 14:39:04.189
4487,2026-08-09 14:39:04.209
4488,2026-08-09 14:39:04.229
4489,2026-08-09 14:39:04.249
4490,2026-08-09 14:39:04.269
4491,2026-08-09 14:39:04.289
4492,2026-08-09 14:39:04.309
4493,2026-08-09 14:39:04.329
4494,2026-08-09 14:39:04.458
4495,2026-08-09 14:39:04.489
4496,2026-08-09 14:39:04.509
4497,2026-08-09 14:39:04.529
4498,2026-08-09 14:39:04.549
4499,2026-08-09 14:39:04.569
4500,2026-08-09 14:39:04.589
4501,2026-08-09 14:39:04.609
4502,2026-08-09 14:39:04.629
4503,2026-08-09 14:39:04.679
4504,2026-08-09 14:39:04.709
4505,2026-08-09 14:39:04.729
4506,2026-08-09 14:39:04.749
4507,2026-08-09 14:39:04.769
4508,2026-08-09 14:39:04.789
4509,2026-08-09 14:39:04.809
4510,2026-08-09 14:39:04.829
4511,2026-08-09 14:39:04.849
4512,2026-08-09 14:39:04.981
4513,2026-08-09 14:39:05.009
4514,2026-08-09 14:39:05.029
4515,2026-08-09 14:39:05.049
4516,2026-08-09 14:39:05.069
4517,2026-08-09 14:39:05.089
4518,2026-08-09 14:39:05.109
4519,2026-08-09 14:39:05.129
4520,2026-08-09 14:39:05.149
4521,2026-08-09 14:39:05.199
4522,2026-08-09 14:39:05.229
4523,2026-08-09 14:39:05.249
4524,2026-08-09 14:39:05.269
4525,2026-08-09 14:39:05.289
4526,2026-08-09 14:39:05.309
4527,2026-08-09 14:39:05.329
4528,2026-08-09 14:39:05.349
4529,2026-08-09 14:39:05.369
4530,2026-08-09 14:39:05.419
4531,2026-08-09 14:39:05.449
4532,2026-08-09 14:39:05.469
4533,2026-08-09 14:39:05.489
4534,2026-08-09 14:39:05.509
4535,2026-08-09 14:39:05.529
4536,2026-08-09 14:39:05.549
4537,2026-08-09 14:39:05.569
4538,2026-08-09 14:39:05.589
4539,2026-08-09 14:39:05.721
4540,2026-08-09 14:39:05.749
4541,2026-08-09 14:39:05.769
4542,2026-08-09 14:39:05.789
4543,2026-08-09 14:39:05.809
4544,2026-08-09 14:39:05.829
4545,2026-08-09 14:39:05.849
4546,2026-08-09 14:39:05.869
4547,2026-08-09 14:39:05.889
4548,2026-08-09 14:39:06.021
4549,2026-08-09 14:39:06.049
4550,2026-08-09 14:39:06.069
4551,2026-08-09 14:39:06.089
4552,2026-08-09 14:39:06.109
4553,2026-08-09 14:39:06.129
4554,2026-08-09 14:39:06.149
4555,2026-08-09 14:39:06.169
4556,2026-08-09 14:39:06.189
4557,2026-08-09 14:39:06.239
4558,2026-08-09 14:39:06.269
4559,2026-08-09 14:39:06.289
4560,2026-08-09 14:39:06.309
4561,2026-08-09 14:39:06.329
4562,2026-08-09 14:39:06.349
4563,2026-08-09 14:39:06.369
4564,2026-08-09 14:39:06.389
4565,2026-08-09 14:39:06.409
4566,2026-08-09 14:39:06.459
4567,2026-08-09 14:39:06.489
4568,2026-08-09 14:39:06.509
4569,2026-08-09 14:39:06.529
4570,2026-08-09 14:39:06.549
4571,2026-08-09 14:39:06.569
4572,2026-08-09 14:39:06.589
4573,2026-08-09 14:39:06.609
4574,2026-08-09 14:39:06.629
4575,2026-08-09 14:39:06.679
4576,2026-08-09 14:39:06.709
4577,2026-08-09 14:39:06.729
4578,2026-08-09 14:39:06.749
4579,2026-08-09 14:39:06.769
4580,2026-08-09 14:39:06.789
4581,2026-08-09 14:39:06.809
4582,2026-08-09 14:39:06.829
4583,2026-08-09 14:39:06.849
4584,2026-08-09 14:39:06.899
4585,2026-08-09 14:39:06.929
4586,2026-08-09 14:39:06.949
4587,2026-08-09 14:39:06.969
4588,2026-08-09 14:39:06.989
4589,2026-08-09 14:39:07.009
4590,2026-08-09 14:39:07.029
4591,2026-08-09 14:39:07.049
4592,2026-08-09 14:39:07.069
4593,2026-08-09 14:39:07.201
4594,2026-08-09 14:39:07.229
4595,2026-08-09 14:39:07.249
4596,2026-08-09 14:39:07.269
4597,2026-08-09 14:39:07.289
4598,2026-08-09 14:39:07.309
4599,2026-08-09 14:39:07.329
4600,2026-08-09 14:39:07.349
4601,2026-08-09 14:39:07.369
4602,2026-08-09 14:39:07.418
4603,2026-08-09 14:39:07.449
4604,2026-08-09 14:39:07.469
4605,2026-08-09 14:39:07.489
4606,2026-08-09 14:39:07.509
4607,2026-08-09 14:39:07.529
4608,2026-08-09 14:39:07.549
4609,2026-08-09 14:39:07.569
4610,2026-08-09 14:39:07.589
4611,2026-08-09 14:39:07.639
4612,2026-08-09 14:39:07.669
4613,2026-08-09 14:39:07.689
4614,2026-08-09 14:39:07.709
4615,2026-08-09 14:39:07.729
4616,2026-08-09 14:39:07.749
4617,2026-08-09 14:39:07.769
4618,2026-08-09 14:39:07.789
4619,2026-08-09 14:39:07.809
4620,2026-08-09 14:39:07.859
4621,2026-08-09 14:39:07.889
4622,2026-08-09 14:39:07.909
4623,2026-08-09 14:39:07.929
4624,2026-08-09 14:39:07.949
4625,2026-08-09 14:39:07.969
4626,2026-08-09 14:39:07.989
4627,2026-08-09 14:39:08.009
4628,2026-08-09 14:39:08.029
4629,2026-08-09 14:39:08.079
4630,2026-08-09 14:39:08.109
4631,2026-08-09 14:39:08.129
4632,2026-08-09 14:39:08.149
4633,2026-08-09 14:39:14.228
4634,2026-08-09 14:39:14.246
4635,2026-08-09 14:39:23.178
4636,2026-08-09 14:39:23.196
4637,2026-08-09 14:39:23.216
4638,2026-08-09 14:39:23.236
4639,2026-08-09 14:39:23.256
4640,2026-08-09 14:39:23.276
4641,2026-08-09 14:39:23.296
4642,2026-08-09 14:39:23.316
4643,2026-08-09 14:39:23.336
4644,2026-08-09 14:39:23.475
4645,2026-08-09 14:39:23.496
4646,2026-08-09 14:39:23.516
4647,2026-08-09 14:39:23.536
4648,2026-08-09 14:39:23.556
4649,2026-08-09 14:39:23.576
4650,2026-08-09 14:39:23.596
4651,2026-08-09 14:39:23.616
4652,2026-08-09 14:39:23.656
4653,2026-08-09 14:39:23.795
4654,2026-08-09 14:39:23.816
4655,2026-08-09 14:39:23.836
4656,2026-08-09 14:39:23.856
4657,2026-08-09 14:39:23.876
4658,2026-08-09 14:39:23.896
4659,2026-08-09 14:39:23.916
4660,2026-08-09 14:39:23.936
4661,2026-08-09 14:39:23.956
4662,2026-08-09 14:39:24.095
4663,2026-08-09 14:39:24.116
4664,2026-08-09 14:39:24.136
4665,2026-08-09 14:39:24.156
4666,2026-08-09 14:39:24.176
4667,2026-08-09 14:39:24.196
4668,2026-08-09 14:39:24.216
4669,2026-08-09 14:39:24.236
4670,2026-08-09 14:39:24.256
4671,2026-08-09 14:39:24.395
4672,2026-08-09 14:39:24.416
4673,2026-08-09 14:39:24.436
4674,2026-08-09 14:39:24.476
4675,2026-08-09 14:39:24.496
4676,2026-08-09 14:39:24.516
4677,2026-08-09 14:39:24.536
4678,2026-08-09 14:39:24.556
4679,2026-08-09 14:39:24.576
4680,2026-08-09 14:39:24.633
4681,2026-08-09 14:39:24.656
4682,2026-08-09 14:39:24.676
4683,2026-08-09 14:39:24.696
4684,2026-08-09 14:39:24.716
4685,2026-08-09 14:39:24.736
4686,2026-08-09 14:39:24.756
4687,2026-08-09 14:39:24.776
4688,2026-08-09 14:39:24.796
4689,2026-08-09 14:39:24.935
4690,2026-08-09 14:39:24.956
4691,2026-08-09 14:39:24.976
4692,2026-08-09 14:39:24.996
4693,2026-08-09 14:39:25.016
4694,2026-08-09 14:39:25.036
4695,2026-08-09 14:39:25.056
4696,2026-08-09 14:39:25.076
4697,2026-08-09 14:39:25.096
4698,2026-08-09 14:39:25.153
4699,2026-08-09 14:39:25.176
4700,2026-08-09 14:39:25.196
4701,2026-08-09 14:39:25.216
4702,2026-08-09 14:39:25.236
4703,2026-08-09 14:39:25.256
4704,2026-08-09 14:39:25.276
4705,2026-08-09 14:39:25.296
4706,2026-08-09 14:39:25.336
4707,2026-08-09 14:39:25.393
4708,2026-08-09 14:39:25.416
4709,2026-08-09 14:39:25.436
4710,2026-08-09 14:39:25.476
4711,2026-08-09 14:39:25.496
4712,2026-08-09 14:39:25.516
4713,2026-08-09 14:39:25.536
4714,2026-08-09 14:39:25.556
4715,2026-08-09 14:39:25.576
4716,2026-08-09 14:39:25.733
4717,2026-08-09 14:39:25.756
4718,2026-08-09 14:39:25.776
4719,2026-08-09 14:39:25.796
4720,2026-08-09 14:39:25.816
4721,2026-08-09 14:39:25.836
4722,2026-08-09 14:39:25.856
4723,2026-08-09 14:39:25.876
4724,2026-08-09 14:39:25.896
4725,2026-08-09 14:39:26.035
4726,2026-08-09 14:39:26.056
4727,2026-08-09 14:39:26.076
4728,2026-08-09 14:39:26.096
4729,2026-08-09 14:39:26.116
4730,2026-08-09 14:39:26.136
4731,2026-08-09 14:39:26.176
4732,2026-08-09 14:39:26.196
4733,2026-08-09 14:39:26.216
4734,2026-08-09 14:39:26.355
4735,2026-08-09 14:39:26.376
4736,2026-08-09 14:39:26.396
4737,2026-08-09 14:39:26.416
4738,2026-08-09 14:39:26.476
4739,2026-08-09 14:39:26.496
4740,2026-08-09 14:39:26.576
4741,2026-08-09 14:39:26.596
4742,2026-08-09 14:39:26.616
4743,2026-08-09 14:39:26.673
4744,2026-08-09 14:39:26.696
4745,2026-08-09 14:39:26.716
4746,2026-08-09 14:39:26.736
4747,2026-08-09 14:39:26.776
4748,2026-08-09 14:39:26.796
4749,2026-08-09 14:39:26.816
4750,2026-08-09 14:39:26.836
4751,2026-08-09 14:39:26.856
4752,2026-08-09 14:39:26.913
4753,2026-08-09 14:39:26.936
4754,2026-08-09 14:39:26.956
4755,2026-08-09 14:39:26.976
4756,2026-08-09 14:39:26.996
4757,2026-08-09 14:39:27.016
4758,2026-08-09 14:39:27.036
4759,2026-08-09 14:39:27.076
4760,2026-08-09 14:39:27.096
4761,2026-08-09 14:39:27.153
4762,2026-08-09 14:39:27.176
4763,2026-08-09 14:39:27.196
4764,2026-08-09 14:39:27.216
4765,2026-08-09 14:39:27.236
4766,2026-08-09 14:39:27.256
4767,2026-08-09 14:39:27.276
4768,2026-08-09 14:39:27.296
4769,2026-08-09 14:39:27.316
4770,2026-08-09 14:39:27.495
4771,2026-08-09 14:39:27.516
4772,2026-08-09 14:39:27.536
4773,2026-08-09 14:39:27.556
4774,2026-08-09 14:39:27.576
4775,2026-08-09 14:39:27.596
4776,2026-08-09 14:39:27.616
4777,2026-08-09 14:39:27.636
4778,2026-08-09 14:39:27.656
4779,2026-08-09 14:39:27.795
4780,2026-08-09 14:39:27.816
4781,2026-08-09 14:39:27.836
4782,2026-08-09 14:39:27.856
4783,2026-08-09 14:39:27.876
4784,2026-08-09 14:39:27.896
4785,2026-08-09 14:39:27.936
4786,2026-08-09 14:39:27.976
4787,2026-08-09 14:39:27.996
4788,2026-08-09 14:39:28.073
4789,2026-08-09 14:39:28.096
4790,2026-08-09 14:39:28.116
4791,2026-08-09 14:39:28.136
4792,2026-08-09 14:39:28.196
4793,2026-08-09 14:39:28.216
4794,2026-08-09 14:39:28.236
4795,2026-08-09 14:39:28.256
4796,2026-08-09 14:39:28.276
4797,2026-08-09 14:39:28.415
4798,2026-08-09 14:39:28.436
4799,2026-08-09 14:39:28.456
4800,2026-08-09 14:39:28.476
4801,2026-08-09 14:39:28.516
4802,2026-08-09 14:39:28.536
4803,2026-08-09 14:39:28.556
4804,2026-08-09 14:39:28.576
4805,2026-08-09 14:39:28.596
4806,2026-08-09 14:39:28.653
4807,2026-08-09 14:39:28.696
4808,2026-08-09 14:39:28.716
4809,2026-08-09 14:39:28.736
4810,2026-08-09 14:39:28.756
4811,2026-08-09 14:39:28.776
4812,2026-08-09 14:39:28.796
4813,2026-08-09 14:39:28.816
4814,2026-08-09 14:39:28.836
4815,2026-08-09 14:39:28.893
4816,2026-08-09 14:39:28.936
4817,2026-08-09 14:39:28.956
4818,2026-08-09 14:39:28.976
4819,2026-08-09 14:39:28.996
4820,2026-08-09 14:39:29.016
4821,2026-08-09 14:39:29.056
4822,2026-08-09 14:39:29.076
4823,2026-08-09 14:39:29.096
4824,2026-08-09 14:39:29.236
4825,2026-08-09 14:39:29.256
4826,2026-08-09 14:39:29.276
4827,2026-08-09 14:39:29.296
4828,2026-08-09 14:39:29.316
4829,2026-08-09 14:39:29.336
4830,2026-08-09 14:39:29.356
4831,2026-08-09 14:39:29.376
4832,2026-08-09 14:39:29.416
4833,2026-08-09 14:39:29.575
4834,2026-08-09 14:39:29.596
4835,2026-08-09 14:39:29.616
4836,2026-08-09 14:39:29.636
4837,2026-08-09 14:39:29.656
4838,2026-08-09 14:39:29.676
4839,2026-08-09 14:39:29.696
4840,2026-08-09 14:39:29.736
4841,2026-08-09 14:39:29.756
4842,2026-08-09 14:39:29.833
4843,2026-08-09 14:39:29.856
4844,2026-08-09 14:39:29.876
4845,2026-08-09 14:39:29.916
4846,2026-08-09 14:39:29.936
4847,2026-08-09 14:39:29.956
4848,2026-08-09 14:39:29.976
4849,2026-08-09 14:39:29.996
4850,2026-08-09 14:39:30.016
4851,2026-08-09 14:39:30.073
4852,2026-08-09 14:39:30.116
4853,2026-08-09 14:39:30.136
4854,2026-08-09 14:39:30.156
4855,2026-08-09 14:39:30.196
4856,2026-08-09 14:39:30.216
4857,2026-08-09 14:39:30.236
4858,2026-08-09 14:39:30.256
4859,2026-08-09 14:39:30.276
4860,2026-08-09 14:39:30.415
4861,2026-08-09 14:39:30.436
4862,2026-08-09 14:39:30.456
4863,2026-08-09 14:39:30.476
4864,2026-08-09 14:39:30.496
4865,2026-08-09 14:39:30.516
4866,2026-08-09 14:39:30.536
4867,2026-08-09 14:39:30.556
4868,2026-08-09 14:39:30.576
4869,2026-08-09 14:39:30.633
4870,2026-08-09 14:39:30.656
4871,2026-08-09 14:39:30.676
4872,2026-08-09 14:39:30.696
4873,2026-08-09 14:39:30.717
4874,2026-08-09 14:39:30.756
4875,2026-08-09 14:39:30.776
4876,2026-08-09 14:39:30.796
4877,2026-08-09 14:39:30.816
4878,2026-08-09 14:39:30.995
4879,2026-08-09 14:39:31.016
4880,2026-08-09 14:39:31.036
4881,2026-08-09 14:39:31.056
4882,2026-08-09 14:39:31.076
4883,2026-08-09 14:39:31.096
4884,2026-08-09 14:39:31.116
4885,2026-08-09 14:39:31.136
4886,2026-08-09 14:39:31.176
4887,2026-08-09 14:39:31.233
4888,2026-08-09 14:39:31.256
4889,2026-08-09 14:39:31.276
4890,2026-08-09 14:39:31.296
4891,2026-08-09 14:39:31.316
4892,2026-08-09 14:39:31.336
4893,2026-08-09 14:39:31.356
4894,2026-08-09 14:39:31.376
4895,2026-08-09 14:39:31.396
4896,2026-08-09 14:39:31.453
1,2026-08-09 14:39:31.476
2,2026-08-09 14:39:31.496
3,2026-08-09 14:39:31.516
4,2026-08-09 14:39:31.536
5,2026-08-09 14:39:31.576
6,2026-08-09 14:39:31.596
7,2026-08-09 14:39:31.636
8,2026-08-09 14:39:31.656
9,2026-08-09 14:39:31.733
10,2026-08-09 14:39:31.756
11,2026-08-09 14:39:31.776
12,2026-08-09 14:39:31.796
13,2026-08-09 14:39:31.816
14,2026-08-09 14:39:31.836
15,2026-08-09 14:39:31.856
16,2026-08-09 14:39:31.876
17,2026-08-09 14:39:31.896
18,2026-08-09 14:39:31.973
19,2026-08-09 14:39:31.996
20,2026-08-09 14:39:32.016
21,2026-08-09 14:39:32.036
22,2026-08-09 14:39:32.056
23,2026-08-09 14:39:32.076
24,2026-08-09 14:39:32.096
25,2026-08-09 14:39:32.116
26,2026-08-09 14:39:32.136
27,2026-08-09 14:39:32.193
28,2026-08-09 14:39:32.216
29,2026-08-09 14:39:32.236
30,2026-08-09 14:39:32.276
31,2026-08-09 14:39:32.296
32,2026-08-09 14:39:32.316
33,2026-08-09 14:39:32.336
34,2026-08-09 14:39:32.356
35,2026-08-09 14:39:32.376
36,2026-08-09 14:39:32.516
37,2026-08-09 14:39:32.536
38,2026-08-09 14:39:32.556
39,2026-08-09 14:39:32.576
40,2026-08-09 14:39:32.596
41,2026-08-09 14:39:32.616
42,2026-08-09 14:39:32.636
43,2026-08-09 14:39:32.656
44,2026-08-09 14:39:32.696
45,2026-08-09 14:39:32.753
46,2026-08-09 14:39:32.796
47,2026-08-09 14:39:32.816
48,2026-08-09 14:39:32.836
49,2026-08-09 14:39:32.856
50,2026-08-09 14:39:32.876
51,2026-08-09 14:39:32.896
52,2026-08-09 14:39:32.916
53,2026-08-09 14:39:32.936
54,2026-08-09 14:39:49.632
55,2026-08-09 14:39:50.291
56,2026-08-09 14:39:51.583
57,2026-08-09 14:39:55.185
58,2026-08-09 14:40:00.436
59,2026-08-09 14:40:00.616
60,2026-08-09 14:40:01.728
61,2026-08-09 14:40:01.748
62,2026-08-09 14:40:01.929
63,2026-08-09 14:40:01.948
64,2026-08-09 14:40:01.968
65,2026-08-09 14:40:01.988
66,2026-08-09 14:40:02.008
67,2026-08-09 14:40:02.789
68,2026-08-09 14:40:02.807
69,2026-08-09 14:40:04.241
70,2026-08-09 14:40:05.918
71,2026-08-09 14:40:05.935
72,2026-08-09 14:40:05.955
73,2026-08-09 14:40:06.078
74,2026-08-09 14:40:06.095
75,2026-08-09 14:40:08.311
76,2026-08-09 14:40:08.551
77,2026-08-09 14:40:19.728
78,2026-08-09 14:40:19.745
79,2026-08-09 14:40:19.785
80,2026-08-09 14:40:19.805
81,2026-08-09 14:40:19.845
82,2026-08-09 14:40:19.905
83,2026-08-09 14:40:19.945
84,2026-08-09 14:40:20.005
85,2026-08-09 14:40:20.085
86,2026-08-09 14:40:20.264
87,2026-08-09 14:40:20.285
88,2026-08-09 14:40:20.305
89,2026-08-09 14:40:20.325
90,2026-08-09 14:40:20.385
91,2026-08-09 14:40:20.507
92,2026-08-09 14:40:20.750
93,2026-08-09 14:40:22.708
94,2026-08-09 14:40:32.423
95,2026-08-09 14:40:33.501
96,2026-08-09 14:41:04.176
97,2026-08-09 14:41:15.150
98,2026-08-09 14:41:15.167
99,2026-08-09 14:41:18.443
100,2026-08-09 14:41:18.644
101,2026-08-09 14:41:18.861
102,2026-08-09 14:41:19.858
103,2026-08-09 14:41:24.178
104,2026-08-09 14:41:35.083
105,2026-08-09 14:41:44.820
106,2026-08-09 14:41:48.286
107,2026-08-09 14:41:59.725
108,2026-08-09 14:41:59.906
109,2026-08-09 14:42:00.818
110,2026-08-09 14:42:02.435
111,2026-08-09 14:42:05.224
112,2026-08-09 14:42:07.517
113,2026-08-09 14:42:11.588
114,2026-08-09 14:42:25.984
115,2026-08-09 14:42:26.002
116,2026-08-09 14:42:26.022
117,2026-08-09 14:42:26.042
118,2026-08-09 14:42:26.062
119,2026-08-09 14:42:26.915
120,2026-08-09 14:42:28.473
121,2026-08-09 14:42:29.125
122,2026-08-09 14:42:29.142
123,2026-08-09 14:42:29.162
124,2026-08-09 14:42:29.182
125,2026-08-09 14:42:29.202
126,2026-08-09 14:42:30.263
127,2026-08-09 14:42:30.483
128,2026-08-09 14:42:34.413
129,2026-08-09 14:42:34.633
130,2026-08-09 14:42:43.291
131,2026-08-09 14:42:44.244
132,2026-08-09 14:42:45.801
133,2026-08-09 14:42:46.041
134,2026-08-09 14:42:55.447
135,2026-08-09 14:43:04.822
136,2026-08-09 14:43:04.839
137,2026-08-09 14:43:04.859
138,2026-08-09 14:43:04.879
139,2026-08-09 14:43:04.899
140,2026-08-09 14:43:04.919
141,2026-08-09 14:43:04.939
142,2026-08-09 14:43:04.960
143,2026-08-09 14:43:04.979
144,2026-08-09 14:43:05.029
145,2026-08-09 14:43:05.059
146,2026-08-09 14:43:05.079
147,2026-08-09 14:43:05.099
148,2026-08-09 14:43:05.119
149,2026-08-09 14:43:05.139
150,2026-08-09 14:43:05.159
151,2026-08-09 14:43:05.179
152,2026-08-09 14:43:05.199
153,2026-08-09 14:43:05.249
154,2026-08-09 14:43:05.280
155,2026-08-09 14:43:05.299
156,2026-08-09 14:43:05.319
157,2026-08-09 14:43:05.339
158,2026-08-09 14:43:05.359
159,2026-08-09 14:43:05.380
160,2026-08-09 14:43:05.399
161,2026-08-09 14:43:05.419
162,2026-08-09 14:43:08.056
163,2026-08-09 14:43:35.843
164,2026-08-09 14:43:35.860
165,2026-08-09 14:43:42.790
166,2026-08-09 14:43:52.395
167,2026-08-09 14:43:52.412
168,2026-08-09 14:43:52.432
169,2026-08-09 14:43:52.452
170,2026-08-09 14:43:52.472
171,2026-08-09 14:43:52.512
172,2026-08-09 14:43:52.532
173,2026-08-09 14:43:52.572
174,2026-08-09 14:43:52.592
175,2026-08-09 14:43:52.669
176,2026-08-09 14:43:52.692
177,2026-08-09 14:43:52.712
178,2026-08-09 14:43:52.732
179,2026-08-09 14:43:52.752
180,2026-08-09 14:43:52.792
181,2026-08-09 14:43:52.812
182,2026-08-09 14:43:52.833
183,2026-08-09 14:43:52.852
184,2026-08-09 14:43:52.991
185,2026-08-09 14:43:53.012
186,2026-08-09 14:43:53.032
187,2026-08-09 14:43:53.052
188,2026-08-09 14:43:53.072
189,2026-08-09 14:43:53.092
190,2026-08-09 14:43:53.112
191,2026-08-09 14:43:53.132
192,2026-08-09 14:43:53.152
193,2026-08-09 14:43:53.209
194,2026-08-09 14:43:53.232
195,2026-08-09 14:43:53.252
196,2026-08-09 14:43:53.272
197,2026-08-09 14:43:53.292
198,2026-08-09 14:43:53.332
199,2026-08-09 14:43:53.352
200,2026-08-09 14:43:53.372
201,2026-08-09 14:43:53.392
202,2026-08-09 14:43:53.449
203,2026-08-09 14:43:53.472
204,2026-08-09 14:43:53.512
205,2026-08-09 14:43:53.532
206,2026-08-09 14:43:53.552
207,2026-08-09 14:43:53.572
208,2026-08-09 14:43:53.592
209,2026-08-09 14:43:53.612
210,2026-08-09 14:43:53.632
211,2026-08-09 14:43:53.689
212,2026-08-09 14:43:53.712
213,2026-08-09 14:43:53.732
214,2026-08-09 14:43:53.752
215,2026-08-09 14:43:53.772
216,2026-08-09 14:43:53.792
217,2026-08-09 14:43:53.832
218,2026-08-09 14:43:53.872
219,2026-08-09 14:43:53.892
220,2026-08-09 14:43:53.969
221,2026-08-09 14:43:53.992
222,2026-08-09 14:43:54.012
223,2026-08-09 14:43:54.032
224,2026-08-09 14:43:54.052
225,2026-08-09 14:43:54.072
226,2026-08-09 14:43:54.092
227,2026-08-09 14:43:54.112
228,2026-08-09 14:43:54.132
229,2026-08-09 14:43:54.189
230,2026-08-09 14:43:54.212
231,2026-08-09 14:43:54.232
232,2026-08-09 14:43:54.252
233,2026-08-09 14:43:54.272
234,2026-08-09 14:43:54.292
235,2026-08-09 14:43:54.352
236,2026-08-09 14:43:54.372
237,2026-08-09 14:43:54.392
238,2026-08-09 14:43:54.532
239,2026-08-09 14:43:54.552
240,2026-08-09 14:43:54.572
241,2026-08-09 14:43:54.592
242,2026-08-09 14:43:54.612
243,2026-08-09 14:43:54.632
244,2026-08-09 14:43:54.652
245,2026-08-09 14:43:54.672
246,2026-08-09 14:43:54.692
247,2026-08-09 14:43:54.749
248,2026-08-09 14:43:54.772
249,2026-08-09 14:43:54.792
250,2026-08-09 14:43:54.812
251,2026-08-09 14:43:54.852
252,2026-08-09 14:43:54.872
253,2026-08-09 14:43:54.892
254,2026-08-09 14:43:54.912
255,2026-08-09 14:43:54.952
256,2026-08-09 14:43:55.029
257,2026-08-09 14:43:55.052
258,2026-08-09 14:43:55.072
259,2026-08-09 14:43:55.092
260,2026-08-09 14:43:55.112
261,2026-08-09 14:43:55.132
262,2026-08-09 14:43:55.152
263,2026-08-09 14:43:55.172
264,2026-08-09 14:43:55.192
265,2026-08-09 14:43:55.249
266,2026-08-09 14:43:55.272
267,2026-08-09 14:43:55.292
268,2026-08-09 14:43:55.312
269,2026-08-09 14:43:55.332
270,2026-08-09 14:43:55.352
271,2026-08-09 14:43:55.372
272,2026-08-09 14:43:55.392
273,2026-08-09 14:43:55.412
274,2026-08-09 14:43:55.469
275,2026-08-09 14:43:55.492
276,2026-08-09 14:43:55.512
277,2026-08-09 14:43:55.532
278,2026-08-09 14:43:55.552
279,2026-08-09 14:43:55.572
280,2026-08-09 14:43:55.592
281,2026-08-09 14:43:55.612
282,2026-08-09 14:43:55.632
283,2026-08-09 14:43:55.792
284,2026-08-09 14:43:55.832
285,2026-08-09 14:43:55.852
286,2026-08-09 14:43:55.892
287,2026-08-09 14:43:55.912
288,2026-08-09 14:43:55.932
289,2026-08-09 14:43:55.952
290,2026-08-09 14:43:55.972
291,2026-08-09 14:43:55.992
292,2026-08-09 14:43:56.049
293,2026-08-09 14:43:56.072
294,2026-08-09 14:43:56.092
295,2026-08-09 14:43:56.112
296,2026-08-09 14:43:56.132
297,2026-08-09 14:43:56.152
298,2026-08-09 14:43:56.172
299,2026-08-09 14:43:56.192
300,2026-08-09 14:43:56.212
301,2026-08-09 14:43:56.269
302,2026-08-09 14:43:56.292
303,2026-08-09 14:43:56.312
304,2026-08-09 14:43:56.332
305,2026-08-09 14:43:56.352
306,2026-08-09 14:43:56.372
307,2026-08-09 14:43:56.392
308,2026-08-09 14:43:56.412
309,2026-08-09 14:43:56.432
310,2026-08-09 14:43:56.489
311,2026-08-09 14:43:56.512
312,2026-08-09 14:43:56.532
313,2026-08-09 14:43:56.552
314,2026-08-09 14:43:56.572
315,2026-08-09 14:43:56.592
316,2026-08-09 14:43:56.612
317,2026-08-09 14:43:56.632
318,2026-08-09 14:43:56.652
319,2026-08-09 14:43:56.709
320,2026-08-09 14:43:56.732
321,2026-08-09 14:43:56.752
322,2026-08-09 14:43:56.772
323,2026-08-09 14:43:56.792
324,2026-08-09 14:43:56.812
325,2026-08-09 14:43:56.832
326,2026-08-09 14:43:56.852
327,2026-08-09 14:43:56.872
328,2026-08-09 14:43:56.949
329,2026-08-09 14:43:56.972
330,2026-08-09 14:43:57.012
331,2026-08-09 14:43:57.032
332,2026-08-09 14:43:57.052
333,2026-08-09 14:43:57.072
334,2026-08-09 14:43:57.092
335,2026-08-09 14:43:57.112
336,2026-08-09 14:43:57.132
337,2026-08-09 14:43:57.209
338,2026-08-09 14:43:57.232
339,2026-08-09 14:43:57.272
340,2026-08-09 14:43:57.292
341,2026-08-09 14:43:57.332
342,2026-08-09 14:43:57.352
343,2026-08-09 14:43:57.392
344,2026-08-09 14:43:57.412
345,2026-08-09 14:43:57.432
346,2026-08-09 14:43:57.489
347,2026-08-09 14:43:57.512
348,2026-08-09 14:43:57.532
349,2026-08-09 14:43:57.552
350,2026-08-09 14:43:57.572
351,2026-08-09 14:43:57.592
352,2026-08-09 14:43:57.612
353,2026-08-09 14:43:57.632
354,2026-08-09 14:43:57.652
355,2026-08-09 14:43:57.709
356,2026-08-09 14:43:57.732
357,2026-08-09 14:43:57.752
358,2026-08-09 14:43:57.772
359,2026-08-09 14:43:57.792
360,2026-08-09 14:43:57.812
361,2026-08-09 14:43:57.833
362,2026-08-09 14:43:57.852
363,2026-08-09 14:43:57.872
364,2026-08-09 14:43:57.929
365,2026-08-09 14:43:57.952
366,2026-08-09 14:43:57.972
367,2026-08-09 14:43:57.992
368,2026-08-09 14:43:58.032
369,2026-08-09 14:43:58.052
370,2026-08-09 14:43:58.072
371,2026-08-09 14:43:58.092
372,2026-08-09 14:43:58.112
373,2026-08-09 14:43:58.169
374,2026-08-09 14:43:58.192
375,2026-08-09 14:43:58.212
376,2026-08-09 14:43:58.232
377,2026-08-09 14:43:58.252
378,2026-08-09 14:43:58.272
379,2026-08-09 14:43:58.292
380,2026-08-09 14:43:58.312
381,2026-08-09 14:43:58.332
382,2026-08-09 14:43:58.472
383,2026-08-09 14:43:58.492
384,2026-08-09 14:43:58.512
385,2026-08-09 14:43:58.532
386,2026-08-09 14:43:58.552
387,2026-08-09 14:43:58.572
388,2026-08-09 14:43:58.592
389,2026-08-09 14:43:58.612
390,2026-08-09 14:43:58.632
391,2026-08-09 14:43:58.772
392,2026-08-09 14:43:58.792
393,2026-08-09 14:43:58.813
394,2026-08-09 14:43:58.832
395,2026-08-09 14:43:58.852
396,2026-08-09 14:43:58.872
397,2026-08-09 14:43:58.892
398,2026-08-09 14:43:58.932
399,2026-08-09 14:43:58.952
400,2026-08-09 14:43:59.092
401,2026-08-09 14:43:59.112
402,2026-08-09 14:43:59.132
403,2026-08-09 14:43:59.152
404,2026-08-09 14:43:59.172
405,2026-08-09 14:43:59.192
406,2026-08-09 14:43:59.212
407,2026-08-09 14:43:59.232
408,2026-08-09 14:43:59.252
409,2026-08-09 14:43:59.389
410,2026-08-09 14:43:59.412
411,2026-08-09 14:43:59.432
412,2026-08-09 14:43:59.452
413,2026-08-09 14:43:59.472
414,2026-08-09 14:43:59.492
415,2026-08-09 14:43:59.512
416,2026-08-09 14:43:59.572
417,2026-08-09 14:43:59.592
418,2026-08-09 14:43:59.732
419,2026-08-09 14:43:59.752
420,2026-08-09 14:43:59.772
421,2026-08-09 14:43:59.792
422,2026-08-09 14:43:59.832
423,2026-08-09 14:43:59.852
424,2026-08-09 14:43:59.872
425,2026-08-09 14:43:59.892
426,2026-08-09 14:43:59.912
427,2026-08-09 14:43:59.969
428,2026-08-09 14:43:59.992
429,2026-08-09 14:44:00.012
430,2026-08-09 14:44:00.032
431,2026-08-09 14:44:00.052
432,2026-08-09 14:44:00.092
433,2026-08-09 14:44:00.132
434,2026-08-09 14:44:05.342
435,2026-08-09 14:44:07.340
436,2026-08-09 14:44:18.612
437,2026-08-09 14:44:24.647
438,2026-08-09 14:44:26.780
439,2026-08-09 14:44:39.479
440,2026-08-09 14:44:39.721
441,2026-08-09 14:44:40.553
442,2026-08-09 14:44:43.900
443,2026-08-09 14:44:43.938
444,2026-08-09 14:44:43.958
445,2026-08-09 14:44:45.033
446,2026-08-09 14:44:45.051
447,2026-08-09 14:44:45.071
448,2026-08-09 14:44:48.278
449,2026-08-09 14:44:49.395
450,2026-08-09 14:44:51.601
451,2026-08-09 14:45:00.284
452,2026-08-09 14:45:00.302
453,2026-08-09 14:45:00.322
454,2026-08-09 14:45:00.342
455,2026-08-09 14:45:00.362
456,2026-08-09 14:45:00.382
457,2026-08-09 14:45:00.402
458,2026-08-09 14:45:00.422
459,2026-08-09 14:45:00.442
460,2026-08-09 14:45:00.499
461,2026-08-09 14:45:00.522
462,2026-08-09 14:45:00.542
463,2026-08-09 14:45:00.562
464,2026-08-09 14:45:00.582
465,2026-08-09 14:45:00.602
466,2026-08-09 14:45:00.622
467,2026-08-09 14:45:00.642
468,2026-08-09 14:45:00.662
469,2026-08-09 14:45:00.801
470,2026-08-09 14:45:00.822
471,2026-08-09 14:45:00.842
472,2026-08-09 14:45:00.862
473,2026-08-09 14:45:00.882
474,2026-08-09 14:45:00.902
475,2026-08-09 14:45:00.922
476,2026-08-09 14:45:00.942
477,2026-08-09 14:45:00.962
478,2026-08-09 14:45:00.983
479,2026-08-09 14:45:01.002
480,2026-08-09 14:45:01.012
481,2026-08-09 14:45:01.022
482,2026-08-09 14:45:02.968
483,2026-08-09 14:45:24.445
484,2026-08-09 14:45:24.463
485,2026-08-09 14:45:27.937
486,2026-08-09 14:45:30.232
487,2026-08-09 14:45:40.306
488,2026-08-09 14:45:50.870
489,2026-08-09 14:45:58.682
490,2026-08-09 14:46:00.418
491,2026-08-09 14:46:00.436
492,2026-08-09 14:46:00.456
493,2026-08-09 14:46:00.496
494,2026-08-09 14:46:02.454
495,2026-08-09 14:46:04.456
496,2026-08-09 14:46:05.531
497,2026-08-09 14:46:07.730
498,2026-08-09 14:46:07.950
499,2026-08-09 14:46:09.908
500,2026-08-09 14:46:18.067
501,2026-08-09 14:46:18.085
502,2026-08-09 14:46:18.105
503,2026-08-09 14:46:18.125
504,2026-08-09 14:46:18.145
505,2026-08-09 14:46:18.165
506,2026-08-09 14:46:18.185
507,2026-08-09 14:46:18.205
508,2026-08-09 14:46:18.225
509,2026-08-09 14:46:18.357
510,2026-08-09 14:46:18.385
511,2026-08-09 14:46:18.405
512,2026-08-09 14:46:18.425
513,2026-08-09 14:46:18.445
514,2026-08-09 14:46:18.465
515,2026-08-09 14:46:18.485
516,2026-08-09 14:46:18.505
517,2026-08-09 14:46:18.525
518,2026-08-09 14:46:18.657
519,2026-08-09 14:46:18.685
520,2026-08-09 14:46:18.705
521,2026-08-09 14:46:18.725
522,2026-08-09 14:46:18.745
523,2026-08-09 14:46:18.765
524,2026-08-09 14:46:18.785
525,2026-08-09 14:46:18.805
526,2026-08-09 14:46:18.825
527,2026-08-09 14:46:18.957
528,2026-08-09 14:46:18.985
529,2026-08-09 14:46:19.005
530,2026-08-09 14:46:19.025
531,2026-08-09 14:46:19.045
532,2026-08-09 14:46:19.065
533,2026-08-09 14:46:19.085
534,2026-08-09 14:46:19.105
535,2026-08-09 14:46:19.125
536,2026-08-09 14:46:19.175
537,2026-08-09 14:46:19.205
538,2026-08-09 14:46:19.225
539,2026-08-09 14:46:19.245
540,2026-08-09 14:46:19.265
541,2026-08-09 14:46:19.285
542,2026-08-09 14:46:19.305
543,2026-08-09 14:46:19.305
544,2026-08-09 14:46:19.325
545,2026-08-09 14:46:19.374
546,2026-08-09 14:46:19.405
547,2026-08-09 14:46:19.425
548,2026-08-09 14:46:19.445
549,2026-08-09 14:46:19.465
550,2026-08-09 14:46:19.485
551,2026-08-09 14:46:19.505
552,2026-08-09 14:46:19.525
553,2026-08-09 14:46:40.210
554,2026-08-09 14:46:40.227
555,2026-08-09 14:46:40.247
556,2026-08-09 14:46:40.307
557,2026-08-09 14:46:40.327
558,2026-08-09 14:46:40.348
559,2026-08-09 14:46:40.367
560,2026-08-09 14:46:40.387
561,2026-08-09 14:46:40.407
562,2026-08-09 14:46:40.464
563,2026-08-09 14:46:40.487
564,2026-08-09 14:46:40.527
565,2026-08-09 14:46:40.547
566,2026-08-09 14:46:40.567
567,2026-08-09 14:46:40.587
568,2026-08-09 14:46:40.607
569,2026-08-09 14:46:40.627
570,2026-08-09 14:46:40.647
571,2026-08-09 14:46:40.704
572,2026-08-09 14:46:40.727
573,2026-08-09 14:46:40.747
574,2026-08-09 14:46:40.767
575,2026-08-09 14:46:40.807
576,2026-08-09 14:46:40.847
577,2026-08-09 14:46:40.867
578,2026-08-09 14:46:40.887
579,2026-08-09 14:46:40.927
580,2026-08-09 14:46:40.984
581,2026-08-09 14:46:41.007
582,2026-08-09 14:46:41.047
583,2026-08-09 14:46:41.067
584,2026-08-09 14:46:41.087
585,2026-08-09 14:46:41.107
586,2026-08-09 14:46:41.127
587,2026-08-09 14:46:41.147
588,2026-08-09 14:46:41.187
589,2026-08-09 14:46:41.244
590,2026-08-09 14:46:41.267
591,2026-08-09 14:46:41.287
592,2026-08-09 14:46:41.307
593,2026-08-09 14:46:41.572
594,2026-08-09 14:46:41.790
595,2026-08-09 14:46:42.012
596,2026-08-09 14:46:42.029
597,2026-08-09 14:46:42.250
598,2026-08-09 14:46:42.267
599,2026-08-09 14:46:42.492
600,2026-08-09 14:46:49.687
601,2026-08-09 14:46:50.766
602,2026-08-09 14:46:50.824
603,2026-08-09 14:47:00.545
604,2026-08-09 14:47:01.280
605,2026-08-09 14:47:07.657
606,2026-08-09 14:47:07.695
607,2026-08-09 14:47:14.293
608,2026-08-09 14:47:27.157
609,2026-08-09 14:47:28.377
610,2026-08-09 14:47:30.591
611,2026-08-09 14:47:33.524
612,2026-08-09 14:47:35.217
613,2026-08-09 14:47:44.536
614,2026-08-09 14:47:44.554
615,2026-08-09 14:47:44.574
616,2026-08-09 14:47:45.469
617,2026-08-09 14:47:49.761
618,2026-08-09 14:48:08.810
619,2026-08-09 14:48:11.485
620,2026-08-09 14:48:13.467
621,2026-08-09 14:48:16.956
622,2026-08-09 14:48:20.950
623,2026-08-09 14:48:32.609
624,2026-08-09 14:48:32.627
625,2026-08-09 14:48:32.647
626,2026-08-09 14:48:32.667
627,2026-08-09 14:48:32.707
628,2026-08-09 14:48:32.747
629,2026-08-09 14:48:32.767
630,2026-08-09 14:48:32.787
631,2026-08-09 14:48:32.807
632,2026-08-09 14:48:32.904
633,2026-08-09 14:48:32.927
634,2026-08-09 14:48:32.967
635,2026-08-09 14:48:33.027
636,2026-08-09 14:48:33.067
637,2026-08-09 14:48:33.087
638,2026-08-09 14:48:33.127
639,2026-08-09 14:48:33.147
640,2026-08-09 14:48:33.167
641,2026-08-09 14:48:33.244
642,2026-08-09 14:48:33.307
643,2026-08-09 14:48:33.347
644,2026-08-09 14:48:33.367
645,2026-08-09 14:48:33.387
646,2026-08-09 14:48:33.407
647,2026-08-09 14:48:33.427
648,2026-08-09 14:48:33.447
649,2026-08-09 14:48:33.467
650,2026-08-09 14:48:33.524
651,2026-08-09 14:48:33.629
652,2026-08-09 14:48:33.750
653,2026-08-09 14:48:33.787
654,2026-08-09 14:48:33.807
655,2026-08-09 14:48:33.847
656,2026-08-09 14:48:33.867
657,2026-08-09 14:48:33.887
658,2026-08-09 14:48:33.907
659,2026-08-09 14:48:33.964
660,2026-08-09 14:48:34.070
661,2026-08-09 14:48:34.107
662,2026-08-09 14:48:34.147
663,2026-08-09 14:48:34.187
664,2026-08-09 14:48:34.207
665,2026-08-09 14:48:34.227
666,2026-08-09 14:48:34.247
667,2026-08-09 14:48:34.267
668,2026-08-09 14:48:34.426
669,2026-08-09 14:48:34.447
670,2026-08-09 14:48:34.487
671,2026-08-09 14:48:34.507
672,2026-08-09 14:48:34.547
673,2026-08-09 14:48:34.567
674,2026-08-09 14:48:34.587
675,2026-08-09 14:48:34.607
676,2026-08-09 14:48:34.627
677,2026-08-09 14:48:36.398
678,2026-08-09 14:48:36.416
679,2026-08-09 14:48:36.516
680,2026-08-09 14:48:36.536
681,2026-08-09 14:48:36.576
682,2026-08-09 14:48:36.798
683,2026-08-09 14:48:37.936
684,2026-08-09 14:48:38.155
685,2026-08-09 14:48:45.389
686,2026-08-09 14:48:53.931
687,2026-08-09 14:48:53.948
688,2026-08-09 14:48:53.968
689,2026-08-09 14:48:53.988
690,2026-08-09 14:48:54.008
691,2026-08-09 14:48:54.028
692,2026-08-09 14:48:59.234
693,2026-08-09 14:49:00.649
694,2026-08-09 14:49:06.021
695,2026-08-09 14:49:09.882
696,2026-08-09 14:49:12.770
697,2026-08-09 14:49:14.881
698,2026-08-09 14:49:17.511
699,2026-08-09 14:49:19.466
700,2026-08-09 14:49:21.411
701,2026-08-09 14:49:21.428
702,2026-08-09 14:49:30.659
703,2026-08-09 14:49:30.676
704,2026-08-09 14:49:30.696
705,2026-08-09 14:49:30.717
706,2026-08-09 14:49:30.736
707,2026-08-09 14:49:30.757
708,2026-08-09 14:49:30.777
709,2026-08-09 14:49:30.797
710,2026-08-09 14:49:30.817
711,2026-08-09 14:49:30.866
712,2026-08-09 14:49:30.896
713,2026-08-09 14:49:30.916
714,2026-08-09 14:49:30.936
715,2026-08-09 14:49:30.956
716,2026-08-09 14:49:30.976
717,2026-08-09 14:49:30.996
718,2026-08-09 14:49:31.016
719,2026-08-09 14:49:31.036
720,2026-08-09 14:49:31.086
721,2026-08-09 14:49:31.116
722,2026-08-09 14:49:31.136
723,2026-08-09 14:49:31.157
724,2026-08-09 14:49:31.177
725,2026-08-09 14:49:31.196
726,2026-08-09 14:49:31.216
727,2026-08-09 14:49:31.236
728,2026-08-09 14:49:31.256
729,2026-08-09 14:49:31.306
730,2026-08-09 14:49:31.336
731,2026-08-09 14:49:31.357
732,2026-08-09 14:49:31.376
733,2026-08-09 14:49:31.396
734,2026-08-09 14:49:31.417
735,2026-08-09 14:49:31.437
736,2026-08-09 14:49:31.457
737,2026-08-09 14:49:31.477
738,2026-08-09 14:49:31.609
739,2026-08-09 14:49:31.637
740,2026-08-09 14:49:31.657
741,2026-08-09 14:49:31.677
742,2026-08-09 14:49:31.697
743,2026-08-09 14:49:31.717
744,2026-08-09 14:49:31.737
745,2026-08-09 14:49:31.757
746,2026-08-09 14:49:31.776
747,2026-08-09 14:49:31.909
748,2026-08-09 14:49:31.937
749,2026-08-09 14:49:31.957
750,2026-08-09 14:49:31.977
751,2026-08-09 14:49:31.996
752,2026-08-09 14:49:32.017
753,2026-08-09 14:49:32.037
754,2026-08-09 14:49:32.057
755,2026-08-09 14:49:32.077
756,2026-08-09 14:49:32.209
757,2026-08-09 14:49:32.237
758,2026-08-09 14:49:32.257
759,2026-08-09 14:49:32.276
760,2026-08-09 14:49:32.297
761,2026-08-09 14:49:32.316
762,2026-08-09 14:49:32.336
763,2026-08-09 14:49:32.356
764,2026-08-09 14:49:32.377
765,2026-08-09 14:49:32.509
766,2026-08-09 14:49:32.537
767,2026-08-09 14:49:32.556
768,2026-08-09 14:49:32.577
769,2026-08-09 14:49:32.596
770,2026-08-09 14:49:32.616
771,2026-08-09 14:49:32.636
772,2026-08-09 14:49:32.657
773,2026-08-09 14:49:32.677
774,2026-08-09 14:49:32.726
775,2026-08-09 14:49:32.756
776,2026-08-09 14:49:32.777
777,2026-08-09 14:49:32.797
778,2026-08-09 14:49:32.817
779,2026-08-09 14:49:32.837
780,2026-08-09 14:49:32.857
781,2026-08-09 14:49:32.877
782,2026-08-09 14:49:32.896
783,2026-08-09 14:49:33.029
784,2026-08-09 14:49:33.056
785,2026-08-09 14:49:33.076
786,2026-08-09 14:49:33.097
787,2026-08-09 14:49:33.117
788,2026-08-09 14:49:33.137
789,2026-08-09 14:49:33.157
790,2026-08-09 14:49:33.177
791,2026-08-09 14:49:33.196
792,2026-08-09 14:49:33.246
793,2026-08-09 14:49:33.276
794,2026-08-09 14:49:33.297
795,2026-08-09 14:49:33.317
796,2026-08-09 14:49:33.337
797,2026-08-09 14:49:33.357
798,2026-08-09 14:49:33.376
799,2026-08-09 14:49:33.396
800,2026-08-09 14:49:33.416
801,2026-08-09 14:49:33.466
802,2026-08-09 14:49:33.497
803,2026-08-09 14:49:33.517
804,2026-08-09 14:49:33.537
805,2026-08-09 14:49:33.557
806,2026-08-09 14:49:33.576
807,2026-08-09 14:49:33.596
808,2026-08-09 14:49:33.617
809,2026-08-09 14:49:33.637
810,2026-08-09 14:49:33.686
811,2026-08-09 14:49:33.716
812,2026-08-09 14:49:33.736
813,2026-08-09 14:49:33.757
814,2026-08-09 14:49:33.776
815,2026-08-09 14:49:33.797
816,2026-08-09 14:49:33.817
817,2026-08-09 14:49:33.837
818,2026-08-09 14:49:33.857
819,2026-08-09 14:49:33.906
820,2026-08-09 14:49:33.936
821,2026-08-09 14:49:33.957
822,2026-08-09 14:49:33.976
823,2026-08-09 14:49:33.996
824,2026-08-09 14:49:34.016
825,2026-08-09 14:49:34.036
826,2026-08-09 14:49:34.057
827,2026-08-09 14:49:34.077
828,2026-08-09 14:49:34.126
829,2026-08-09 14:49:34.157
830,2026-08-09 14:49:34.177
831,2026-08-09 14:49:34.197
832,2026-08-09 14:49:34.217
833,2026-08-09 14:49:34.237
834,2026-08-09 14:49:34.256
835,2026-08-09 14:49:34.276
836,2026-08-09 14:49:34.296
837,2026-08-09 14:49:34.429
838,2026-08-09 14:49:34.456
839,2026-08-09 14:49:34.477
840,2026-08-09 14:49:34.497
841,2026-08-09 14:49:34.517
842,2026-08-09 14:49:34.537
843,2026-08-09 14:49:34.557
844,2026-08-09 14:49:34.577
845,2026-08-09 14:49:34.596
846,2026-08-09 14:49:34.729
847,2026-08-09 14:49:34.757
848,2026-08-09 14:49:34.777
849,2026-08-09 14:49:34.797
850,2026-08-09 14:49:34.817
851,2026-08-09 14:49:34.837
852,2026-08-09 14:49:34.857
853,2026-08-09 14:49:34.877
854,2026-08-09 14:49:34.897
855,2026-08-09 14:49:34.946
856,2026-08-09 14:49:34.976
857,2026-08-09 14:49:34.996
858,2026-08-09 14:49:35.017
859,2026-08-09 14:49:35.036
860,2026-08-09 14:49:35.056
861,2026-08-09 14:49:35.076
862,2026-08-09 14:49:35.097
863,2026-08-09 14:49:35.117
864,2026-08-09 14:49:35.166
865,2026-08-09 14:49:35.197
866,2026-08-09 14:49:35.217
867,2026-08-09 14:49:35.237
868,2026-08-09 14:49:35.257
869,2026-08-09 14:49:35.277
870,2026-08-09 14:49:35.296
871,2026-08-09 14:49:35.316
872,2026-08-09 14:49:35.336
873,2026-08-09 14:49:35.386
874,2026-08-09 14:49:35.416
875,2026-08-09 14:49:35.437
876,2026-08-09 14:49:35.457
877,2026-08-09 14:49:35.476
878,2026-08-09 14:49:35.497
879,2026-08-09 14:49:35.517
880,2026-08-09 14:49:35.537
881,2026-08-09 14:49:35.557
882,2026-08-09 14:49:35.606
883,2026-08-09 14:49:35.636
884,2026-08-09 14:49:35.656
885,2026-08-09 14:49:35.677
886,2026-08-09 14:49:35.696
887,2026-08-09 14:49:35.716
888,2026-08-09 14:49:35.736
889,2026-08-09 14:49:35.757
890,2026-08-09 14:49:35.777
891,2026-08-09 14:49:35.826
892,2026-08-09 14:49:35.857
893,2026-08-09 14:49:35.877
894,2026-08-09 14:49:35.897
895,2026-08-09 14:49:35.917
896,2026-08-09 14:49:35.937
897,2026-08-09 14:49:35.956
898,2026-08-09 14:49:35.977
899,2026-08-09 14:49:35.997
900,2026-08-09 14:49:36.046
901,2026-08-09 14:49:36.076
902,2026-08-09 14:49:36.096
903,2026-08-09 14:49:36.116
904,2026-08-09 14:49:36.136
905,2026-08-09 14:49:36.157
906,2026-08-09 14:49:36.177
907,2026-08-09 14:49:36.197
908,2026-08-09 14:49:36.217
909,2026-08-09 14:49:36.266
910,2026-08-09 14:49:36.296
911,2026-08-09 14:49:36.317
912,2026-08-09 14:49:36.336
913,2026-08-09 14:49:36.357
914,2026-08-09 14:49:36.377
915,2026-08-09 14:49:36.397
916,2026-08-09 14:49:36.417
917,2026-08-09 14:49:36.437
918,2026-08-09 14:49:36.486
919,2026-08-09 14:49:36.517
920,2026-08-09 14:49:36.537
921,2026-08-09 14:49:36.557
922,2026-08-09 14:49:36.577
923,2026-08-09 14:49:36.597
924,2026-08-09 14:49:36.617
925,2026-08-09 14:49:36.637
926,2026-08-09 14:49:36.657
927,2026-08-09 14:49:36.789
928,2026-08-09 14:49:36.816
929,2026-08-09 14:49:36.837
930,2026-08-09 14:49:36.857
931,2026-08-09 14:49:36.877
932,2026-08-09 14:49:36.897
933,2026-08-09 14:49:36.916
934,2026-08-09 14:49:36.937
935,2026-08-09 14:49:36.957
936,2026-08-09 14:49:37.089
937,2026-08-09 14:49:37.117
938,2026-08-09 14:49:37.137
939,2026-08-09 14:49:37.157
940,2026-08-09 14:49:37.177
941,2026-08-09 14:49:37.197
942,2026-08-09 14:49:37.217
943,2026-08-09 14:49:37.237
944,2026-08-09 14:49:37.257
945,2026-08-09 14:49:37.389
946,2026-08-09 14:49:37.416
947,2026-08-09 14:49:37.436
948,2026-08-09 14:49:37.457
949,2026-08-09 14:49:37.477
950,2026-08-09 14:49:37.497
951,2026-08-09 14:49:37.517
952,2026-08-09 14:49:37.537
953,2026-08-09 14:49:37.557
954,2026-08-09 14:49:37.689
955,2026-08-09 14:49:37.716
956,2026-08-09 14:49:37.736
957,2026-08-09 14:49:37.757
958,2026-08-09 14:49:37.777
959,2026-08-09 14:49:37.797
960,2026-08-09 14:49:37.817
961,2026-08-09 14:49:37.837
962,2026-08-09 14:49:37.857
963,2026-08-09 14:49:37.906
964,2026-08-09 14:49:37.937
965,2026-08-09 14:49:37.957
966,2026-08-09 14:49:37.977
967,2026-08-09 14:49:37.997
968,2026-08-09 14:49:38.017
969,2026-08-09 14:49:38.037
970,2026-08-09 14:49:38.057
971,2026-08-09 14:49:38.077
972,2026-08-09 14:49:38.126
973,2026-08-09 14:49:38.157
974,2026-08-09 14:49:38.177
975,2026-08-09 14:49:38.197
976,2026-08-09 14:49:38.217
977,2026-08-09 14:49:38.237
978,2026-08-09 14:49:38.257
979,2026-08-09 14:49:38.277
980,2026-08-09 14:49:38.297
981,2026-08-09 14:49:38.346
982,2026-08-09 14:49:38.376
983,2026-08-09 14:49:38.397
984,2026-08-09 14:49:38.417
985,2026-08-09 14:49:38.436
986,2026-08-09 14:49:38.457
987,2026-08-09 14:49:38.477
988,2026-08-09 14:49:38.496
989,2026-08-09 14:49:38.517
990,2026-08-09 14:49:38.566
991,2026-08-09 14:49:38.597
992,2026-08-09 14:49:38.617
993,2026-08-09 14:49:38.637
994,2026-08-09 14:49:38.657
995,2026-08-09 14:49:38.676
996,2026-08-09 14:49:38.697
997,2026-08-09 14:49:38.716
998,2026-08-09 14:49:38.737
999,2026-08-09 14:49:38.786
1000,2026-08-09 14:49:38.816
1001,2026-08-09 14:49:38.837
1002,2026-08-09 14:49:38.857
1003,2026-08-09 14:49:38.877
1004,2026-08-09 14:49:38.897
1005,2026-08-09 14:49:38.917
1006,2026-08-09 14:49:38.937
1007,2026-08-09 14:49:38.957
1008,2026-08-09 14:49:39.006
1009,2026-08-09 14:49:39.037
1010,2026-08-09 14:49:39.056
1011,2026-08-09 14:49:39.076
1012,2026-08-09 14:49:39.096
1013,2026-08-09 14:49:39.116
1014,2026-08-09 14:49:39.137
1015,2026-08-09 14:49:39.157
1016,2026-08-09 14:49:39.177
1017,2026-08-09 14:49:39.226
1018,2026-08-09 14:49:39.257
1019,2026-08-09 14:49:39.277
1020,2026-08-09 14:49:39.297
1021,2026-08-09 14:49:39.317
1022,2026-08-09 14:49:39.337
1023,2026-08-09 14:49:39.356
1024,2026-08-09 14:49:39.377
1025,2026-08-09 14:49:39.397
1026,2026-08-09 14:49:51.232
1027,2026-08-09 14:49:51.257
1028,2026-08-09 14:49:51.277
1029,2026-08-09 14:49:51.297
1030,2026-08-09 14:49:51.317
1031,2026-08-09 14:49:51.337
1032,2026-08-09 14:49:51.357
1033,2026-08-09 14:49:51.377
1034,2026-08-09 14:49:51.397
1035,2026-08-09 14:49:51.447
1036,2026-08-09 14:49:51.477
1037,2026-08-09 14:49:51.497
1038,2026-08-09 14:49:51.517
1039,2026-08-09 14:49:51.537
1040,2026-08-09 14:49:51.557
1041,2026-08-09 14:49:51.577
1042,2026-08-09 14:49:51.597
1043,2026-08-09 14:49:51.617
1044,2026-08-09 14:49:51.667
1045,2026-08-09 14:49:51.697
1046,2026-08-09 14:49:51.717
1047,2026-08-09 14:49:51.737
1048,2026-08-09 14:49:51.757
1049,2026-08-09 14:49:51.777
1050,2026-08-09 14:49:51.797
1051,2026-08-09 14:49:51.817
1052,2026-08-09 14:49:51.837
1053,2026-08-09 14:49:51.969
1054,2026-08-09 14:49:51.997
1055,2026-08-09 14:49:52.017
1056,2026-08-09 14:49:52.037
1057,2026-08-09 14:49:52.057
1058,2026-08-09 14:49:52.077
1059,2026-08-09 14:49:52.097
1060,2026-08-09 14:49:52.117
1061,2026-08-09 14:49:52.137
1062,2026-08-09 14:49:52.269
1063,2026-08-09 14:49:52.297
1064,2026-08-09 14:49:52.317
1065,2026-08-09 14:49:52.337
1066,2026-08-09 14:49:52.357
1067,2026-08-09 14:49:52.377
1068,2026-08-09 14:49:52.397
1069,2026-08-09 14:49:52.417
1070,2026-08-09 14:49:52.437
1071,2026-08-09 14:49:52.569
1072,2026-08-09 14:49:52.597
1073,2026-08-09 14:49:52.617
1074,2026-08-09 14:49:52.637
1075,2026-08-09 14:49:52.657
1076,2026-08-09 14:49:52.677
1077,2026-08-09 14:49:52.697
1078,2026-08-09 14:49:52.717
1079,2026-08-09 14:49:52.737
1080,2026-08-09 14:49:52.786
1081,2026-08-09 14:49:52.817
1082,2026-08-09 14:49:52.837
1083,2026-08-09 14:49:52.857
1084,2026-08-09 14:49:52.877
1085,2026-08-09 14:49:52.897
1086,2026-08-09 14:49:52.917
1087,2026-08-09 14:49:52.937
1088,2026-08-09 14:49:52.957
1089,2026-08-09 14:49:53.089
1090,2026-08-09 14:49:53.117
1091,2026-08-09 14:49:53.137
1092,2026-08-09 14:49:53.157
1093,2026-08-09 14:49:53.177
1094,2026-08-09 14:49:53.197
1095,2026-08-09 14:49:53.217
1096,2026-08-09 14:49:53.237
1097,2026-08-09 14:49:53.257
1098,2026-08-09 14:49:53.307
1099,2026-08-09 14:49:53.337
1100,2026-08-09 14:49:53.357
1101,2026-08-09 14:49:53.377
1102,2026-08-09 14:49:53.397
1103,2026-08-09 14:49:53.417
1104,2026-08-09 14:49:53.437
1105,2026-08-09 14:49:53.457
1106,2026-08-09 14:49:53.477
1107,2026-08-09 14:49:53.527
1108,2026-08-09 14:49:53.557
1109,2026-08-09 14:49:53.577
1110,2026-08-09 14:49:53.597
1111,2026-08-09 14:49:53.617
1112,2026-08-09 14:49:53.637
1113,2026-08-09 14:49:53.657
1114,2026-08-09 14:49:53.677
1115,2026-08-09 14:49:53.697
1116,2026-08-09 14:49:53.829
1117,2026-08-09 14:49:53.857
1118,2026-08-09 14:49:53.877
1119,2026-08-09 14:49:53.897
1120,2026-08-09 14:49:53.917
1121,2026-08-09 14:49:53.937
1122,2026-08-09 14:49:53.957
1123,2026-08-09 14:49:53.977
1124,2026-08-09 14:49:53.997
1125,2026-08-09 14:49:54.978
1126,2026-08-09 14:49:55.218
1127,2026-08-09 14:49:57.011
1128,2026-08-09 14:50:00.890
1129,2026-08-09 14:50:01.110
1130,2026-08-09 14:50:01.350
1131,2026-08-09 14:50:01.571
1132,2026-08-09 14:50:11.715
1133,2026-08-09 14:50:14.085
1134,2026-08-09 14:50:15.178
1135,2026-08-09 14:50:15.196
1136,2026-08-09 14:50:15.216
1137,2026-08-09 14:50:15.236
1138,2026-08-09 14:50:16.115
1139,2026-08-09 14:50:17.227
1140,2026-08-09 14:50:17.245
1141,2026-08-09 14:50:17.265
1142,2026-08-09 14:50:18.604
1143,2026-08-09 14:50:26.019
1144,2026-08-09 14:50:35.601
1145,2026-08-09 14:50:35.619
1146,2026-08-09 14:50:35.639
1147,2026-08-09 14:50:35.659
1148,2026-08-09 14:50:35.679
1149,2026-08-09 14:50:35.699
1150,2026-08-09 14:50:35.719
1151,2026-08-09 14:50:35.739
1152,2026-08-09 14:50:35.759
1153,2026-08-09 14:50:35.891
1154,2026-08-09 14:50:35.919
1155,2026-08-09 14:50:35.939
1156,2026-08-09 14:50:35.959
1157,2026-08-09 14:50:35.979
1158,2026-08-09 14:50:35.999
1159,2026-08-09 14:50:36.019
1160,2026-08-09 14:50:36.039
1161,2026-08-09 14:50:36.059
1162,2026-08-09 14:50:36.109
1163,2026-08-09 14:50:36.139
1164,2026-08-09 14:50:36.159
1165,2026-08-09 14:50:36.179
1166,2026-08-09 14:50:36.199
1167,2026-08-09 14:50:36.219
1168,2026-08-09 14:50:36.239
1169,2026-08-09 14:50:36.259
1170,2026-08-09 14:50:36.279
1171,2026-08-09 14:50:36.329
1172,2026-08-09 14:50:36.359
1173,2026-08-09 14:50:36.379
1174,2026-08-09 14:50:36.399
1175,2026-08-09 14:50:36.419
1176,2026-08-09 14:50:36.439
1177,2026-08-09 14:50:36.459
1178,2026-08-09 14:50:36.479
1179,2026-08-09 14:50:36.499
1180,2026-08-09 14:50:36.549
1181,2026-08-09 14:50:36.579
1182,2026-08-09 14:50:36.599
1183,2026-08-09 14:50:36.619
1184,2026-08-09 14:50:36.639
1185,2026-08-09 14:50:36.659
1186,2026-08-09 14:50:36.679
1187,2026-08-09 14:50:36.699
1188,2026-08-09 14:50:36.719
1189,2026-08-09 14:50:36.769
1190,2026-08-09 14:50:36.799
1191,2026-08-09 14:50:36.819
1192,2026-08-09 14:50:36.839
1193,2026-08-09 14:50:36.859
1194,2026-08-09 14:50:36.879
1195,2026-08-09 14:50:36.899
1196,2026-08-09 14:50:36.919
1197,2026-08-09 14:50:36.939
1198,2026-08-09 14:50:37.071
1199,2026-08-09 14:50:37.099
1200,2026-08-09 14:50:37.119
1201,2026-08-09 14:50:37.139
1202,2026-08-09 14:50:37.159
1203,2026-08-09 14:50:37.179
1204,2026-08-09 14:50:37.199
1205,2026-08-09 14:50:37.219
1206,2026-08-09 14:50:37.239
1207,2026-08-09 14:50:37.289
1208,2026-08-09 14:50:37.319
1209,2026-08-09 14:50:37.339
1210,2026-08-09 14:50:37.359
1211,2026-08-09 14:50:37.379
1212,2026-08-09 14:50:37.399
1213,2026-08-09 14:50:37.419
1214,2026-08-09 14:50:37.439
1215,2026-08-09 14:50:37.459
1216,2026-08-09 14:50:37.591
1217,2026-08-09 14:50:37.619
1218,2026-08-09 14:50:37.639
1219,2026-08-09 14:50:37.659
1220,2026-08-09 14:50:37.679
1221,2026-08-09 14:50:37.699
1222,2026-08-09 14:50:37.719
1223,2026-08-09 14:50:37.739
1224,2026-08-09 14:50:37.759
1225,2026-08-09 14:50:37.809
1226,2026-08-09 14:50:37.839
1227,2026-08-09 14:50:37.859
1228,2026-08-09 14:50:37.879
1229,2026-08-09 14:50:37.899
1230,2026-08-09 14:50:37.919
1231,2026-08-09 14:50:37.939
1232,2026-08-09 14:50:37.959
1233,2026-08-09 14:50:37.979
1234,2026-08-09 14:50:38.029
1235,2026-08-09 14:50:38.059
1236,2026-08-09 14:50:38.079
1237,2026-08-09 14:50:38.099
1238,2026-08-09 14:50:38.119
1239,2026-08-09 14:50:38.139
1240,2026-08-09 14:50:38.159
1241,2026-08-09 14:50:38.179
1242,2026-08-09 14:50:38.199
1243,2026-08-09 14:50:38.249
1244,2026-08-09 14:50:38.279
1245,2026-08-09 14:50:38.299
1246,2026-08-09 14:50:38.319
1247,2026-08-09 14:50:38.339
1248,2026-08-09 14:50:38.359
1249,2026-08-09 14:50:38.379
1250,2026-08-09 14:50:38.399
1251,2026-08-09 14:50:38.419
1252,2026-08-09 14:50:38.469
1253,2026-08-09 14:50:38.499
1254,2026-08-09 14:50:38.519
1255,2026-08-09 14:50:38.539
1256,2026-08-09 14:50:38.559
1257,2026-08-09 14:50:38.579
1258,2026-08-09 14:50:38.599
1259,2026-08-09 14:50:38.619
1260,2026-08-09 14:50:38.639
1261,2026-08-09 14:50:38.771
1262,2026-08-09 14:50:38.799
1263,2026-08-09 14:50:38.819
1264,2026-08-09 14:50:38.839
1265,2026-08-09 14:50:38.859
1266,2026-08-09 14:50:38.879
1267,2026-08-09 14:50:38.899
1268,2026-08-09 14:50:38.919
1269,2026-08-09 14:50:38.939
1270,2026-08-09 14:50:38.989
1271,2026-08-09 14:50:39.019
1272,2026-08-09 14:50:39.039
1273,2026-08-09 14:50:39.059
1274,2026-08-09 14:50:39.079
1275,2026-08-09 14:50:39.099
1276,2026-08-09 14:50:39.119
1277,2026-08-09 14:50:39.139
1278,2026-08-09 14:50:39.159
1279,2026-08-09 14:50:39.209
1280,2026-08-09 14:50:39.239
1281,2026-08-09 14:50:39.259
1282,2026-08-09 14:50:39.279
1283,2026-08-09 14:50:39.299
1284,2026-08-09 14:50:39.319
1285,2026-08-09 14:50:39.339
1286,2026-08-09 14:50:39.359
1287,2026-08-09 14:50:39.379
1288,2026-08-09 14:50:39.429
1289,2026-08-09 14:50:39.459
1290,2026-08-09 14:50:39.479
1291,2026-08-09 14:50:39.499
1292,2026-08-09 14:50:39.519
1293,2026-08-09 14:50:39.539
1294,2026-08-09 14:50:39.559
1295,2026-08-09 14:50:39.579
1296,2026-08-09 14:50:39.599
1297,2026-08-09 14:50:39.649
1298,2026-08-09 14:50:39.679
1299,2026-08-09 14:50:39.699
1300,2026-08-09 14:50:39.719
1301,2026-08-09 14:50:39.739
1302,2026-08-09 14:50:39.759
1303,2026-08-09 14:50:39.779
1304,2026-08-09 14:50:39.799
1305,2026-08-09 14:50:39.819
1306,2026-08-09 14:50:39.951
1307,2026-08-09 14:50:39.979
1308,2026-08-09 14:50:39.999
1309,2026-08-09 14:50:40.019
1310,2026-08-09 14:50:40.039
1311,2026-08-09 14:50:40.059
1312,2026-08-09 14:50:40.079
1313,2026-08-09 14:50:40.099
1314,2026-08-09 14:50:40.119
1315,2026-08-09 14:50:40.249
1316,2026-08-09 14:50:40.279
1317,2026-08-09 14:50:40.299
1318,2026-08-09 14:50:40.319
1319,2026-08-09 14:50:40.339
1320,2026-08-09 14:50:40.359
1321,2026-08-09 14:50:40.379
1322,2026-08-09 14:50:40.399
1323,2026-08-09 14:50:40.419
1324,2026-08-09 14:50:40.469
1325,2026-08-09 14:50:40.499
1326,2026-08-09 14:50:40.519
1327,2026-08-09 14:50:40.539
1328,2026-08-09 14:50:40.559
1329,2026-08-09 14:50:40.579
1330,2026-08-09 14:50:40.599
1331,2026-08-09 14:50:40.619
1332,2026-08-09 14:50:40.639
1333,2026-08-09 14:50:40.689
1334,2026-08-09 14:50:40.719
1335,2026-08-09 14:50:40.739
1336,2026-08-09 14:50:40.759
1337,2026-08-09 14:50:40.779
1338,2026-08-09 14:50:40.799
1339,2026-08-09 14:50:40.819
1340,2026-08-09 14:50:40.839
1341,2026-08-09 14:50:40.859
1342,2026-08-09 14:50:40.909
1343,2026-08-09 14:50:40.939
1344,2026-08-09 14:50:40.959
1345,2026-08-09 14:50:40.979
1346,2026-08-09 14:50:40.999
1347,2026-08-09 14:50:41.019
1348,2026-08-09 14:50:41.039
1349,2026-08-09 14:50:41.059
1350,2026-08-09 14:50:41.079
1351,2026-08-09 14:50:41.129
1352,2026-08-09 14:50:41.159
1353,2026-08-09 14:50:41.179
1354,2026-08-09 14:50:41.199
1355,2026-08-09 14:50:41.219
1356,2026-08-09 14:50:41.239
1357,2026-08-09 14:50:41.259
1358,2026-08-09 14:50:41.279
1359,2026-08-09 14:50:41.299
1360,2026-08-09 14:50:41.349
1361,2026-08-09 14:50:41.379
1362,2026-08-09 14:50:41.399
1363,2026-08-09 14:50:41.419
1364,2026-08-09 14:50:41.439
1365,2026-08-09 14:50:41.459
1366,2026-08-09 14:50:41.479
1367,2026-08-09 14:50:41.499
1368,2026-08-09 14:50:41.519
1369,2026-08-09 14:50:41.569
1370,2026-08-09 14:50:41.599
1371,2026-08-09 14:50:41.619
1372,2026-08-09 14:50:41.639
1373,2026-08-09 14:50:41.659
1374,2026-08-09 14:50:41.679
1375,2026-08-09 14:50:45.270
1376,2026-08-09 14:50:46.508
1377,2026-08-09 14:50:46.585
1378,2026-08-09 14:50:47.466
1379,2026-08-09 14:50:57.222
1380,2026-08-09 14:50:57.240
1381,2026-08-09 14:50:57.260
1382,2026-08-09 14:50:57.280
1383,2026-08-09 14:50:57.300
1384,2026-08-09 14:50:57.320
1385,2026-08-09 14:50:57.340
1386,2026-08-09 14:50:57.360
1387,2026-08-09 14:50:57.380
1388,2026-08-09 14:50:57.430
1389,2026-08-09 14:50:57.460
1390,2026-08-09 14:50:57.480
1391,2026-08-09 14:50:57.500
1392,2026-08-09 14:50:57.520
1393,2026-08-09 14:50:57.540
1394,2026-08-09 14:50:57.560
1395,2026-08-09 14:50:57.580
1396,2026-08-09 14:50:57.600
1397,2026-08-09 14:50:57.732
1398,2026-08-09 14:50:57.760
1399,2026-08-09 14:50:57.780
1400,2026-08-09 14:50:57.800
1401,2026-08-09 14:50:57.820
1402,2026-08-09 14:50:57.840
1403,2026-08-09 14:50:57.860
1404,2026-08-09 14:50:57.880
1405,2026-08-09 14:50:57.900
1406,2026-08-09 14:50:57.950
1407,2026-08-09 14:50:57.980
1408,2026-08-09 14:50:58.000
1409,2026-08-09 14:50:58.020
1410,2026-08-09 14:50:58.040
1411,2026-08-09 14:50:58.060
1412,2026-08-09 14:50:58.080
1413,2026-08-09 14:50:58.100
1414,2026-08-09 14:50:58.120
1415,2026-08-09 14:50:58.170
1416,2026-08-09 14:50:58.200
1417,2026-08-09 14:50:58.220
1418,2026-08-09 14:50:58.240
1419,2026-08-09 14:50:58.260
1420,2026-08-09 14:50:58.280
1421,2026-08-09 14:50:58.300
1422,2026-08-09 14:50:58.320
1423,2026-08-09 14:50:58.340
1424,2026-08-09 14:50:58.390
1425,2026-08-09 14:50:58.420
1426,2026-08-09 14:50:58.440
1427,2026-08-09 14:50:58.460
1428,2026-08-09 14:50:58.480
1429,2026-08-09 14:50:58.500
1430,2026-08-09 14:50:58.520
1431,2026-08-09 14:50:58.540
1432,2026-08-09 14:50:58.560
1433,2026-08-09 14:50:58.610
1434,2026-08-09 14:50:58.640
1435,2026-08-09 14:50:58.660
1436,2026-08-09 14:50:58.680
1437,2026-08-09 14:50:58.700
1438,2026-08-09 14:50:58.720
1439,2026-08-09 14:50:58.740
1440,2026-08-09 14:50:58.760
1441,2026-08-09 14:50:58.780
1442,2026-08-09 14:50:58.912
1443,2026-08-09 14:50:58.940
1444,2026-08-09 14:50:58.960
1445,2026-08-09 14:50:58.980
1446,2026-08-09 14:50:59.020
1447,2026-08-09 14:51:11.112
1448,2026-08-09 14:51:13.494
1449,2026-08-09 14:51:15.452
1450,2026-08-09 14:51:19.329
1451,2026-08-09 14:51:19.349
1452,2026-08-09 14:51:28.814
1453,2026-08-09 14:51:28.831
1454,2026-08-09 14:51:28.851
1455,2026-08-09 14:51:28.871
1456,2026-08-09 14:51:29.493
1457,2026-08-09 14:51:29.510
1458,2026-08-09 14:51:29.693
1459,2026-08-09 14:51:29.710
1460,2026-08-09 14:51:30.565
1461,2026-08-09 14:51:31.686
1462,2026-08-09 14:51:33.881
1463,2026-08-09 14:51:34.061
1464,2026-08-09 14:51:34.079
1465,2026-08-09 14:51:34.099
1466,2026-08-09 14:51:37.171
1467,2026-08-09 14:51:38.488
1468,2026-08-09 14:51:39.367
1469,2026-08-09 14:52:32.257
1470,2026-08-09 14:52:32.334
1471,2026-08-09 14:52:32.394
1472,2026-08-09 14:52:32.434
1473,2026-08-09 14:52:32.494
1474,2026-08-09 14:52:32.534
1475,2026-08-09 14:52:32.574
1476,2026-08-09 14:52:32.594
1477,2026-08-09 14:52:32.634
1478,2026-08-09 14:52:32.711
1479,2026-08-09 14:52:32.734
1480,2026-08-09 14:52:32.754
1481,2026-08-09 14:52:32.794
1482,2026-08-09 14:52:32.834
1483,2026-08-09 14:52:32.874
1484,2026-08-09 14:52:32.934
1485,2026-08-09 14:52:32.954
1486,2026-08-09 14:52:33.014
1487,2026-08-09 14:52:33.071
1488,2026-08-09 14:52:33.134
1489,2026-08-09 14:52:33.174
1490,2026-08-09 14:52:33.277
1491,2026-08-09 14:52:33.294
1492,2026-08-09 14:52:33.314
1493,2026-08-09 14:52:33.415
1494,2026-08-09 14:52:33.434
1495,2026-08-09 14:52:33.454
1496,2026-08-09 14:52:33.511
1497,2026-08-09 14:52:33.534
1498,2026-08-09 14:52:33.554
1499,2026-08-09 14:52:33.594
1500,2026-08-09 14:52:33.614
1501,2026-08-09 14:52:33.634
1502,2026-08-09 14:52:33.654
1503,2026-08-09 14:52:33.674
1504,2026-08-09 14:52:33.694
1505,2026-08-09 14:52:33.834
1506,2026-08-09 14:52:33.914
1507,2026-08-09 14:52:33.934
1508,2026-08-09 14:52:33.954
1509,2026-08-09 14:52:33.974
1510,2026-08-09 14:52:34.034
1511,2026-08-09 14:52:34.074
1512,2026-08-09 14:52:34.114
1513,2026-08-09 14:52:34.134
1514,2026-08-09 14:52:34.211
1515,2026-08-09 14:52:34.294
1516,2026-08-09 14:52:34.314
1517,2026-08-09 14:52:34.334
1518,2026-08-09 14:52:34.394
1519,2026-08-09 14:52:34.414
1520,2026-08-09 14:52:34.434
1521,2026-08-09 14:52:34.494
1522,2026-08-09 14:52:34.514
1523,2026-08-09 14:52:34.654
1524,2026-08-09 14:52:34.674
1525,2026-08-09 14:52:34.694
1526,2026-08-09 14:52:34.734
1527,2026-08-09 14:52:34.774
1528,2026-08-09 14:52:34.794
1529,2026-08-09 14:52:34.854
1530,2026-08-09 14:52:34.874
1531,2026-08-09 14:52:34.914
1532,2026-08-09 14:52:35.131
1533,2026-08-09 14:52:35.154
1534,2026-08-09 14:52:35.174
1535,2026-08-09 14:52:35.194
1536,2026-08-09 14:52:35.214
1537,2026-08-09 14:52:35.294
1538,2026-08-09 14:52:35.314
1539,2026-08-09 14:52:35.334
1540,2026-08-09 14:52:35.374
1541,2026-08-09 14:52:36.016
1542,2026-08-09 14:52:36.196
1543,2026-08-09 14:52:36.213
1544,2026-08-09 14:52:36.234
1545,2026-08-09 14:53:04.393
1546,2026-08-09 14:53:05.708
1547,2026-08-09 14:53:06.766
1548,2026-08-09 14:53:08.461
1549,2026-08-09 14:53:08.642
1550,2026-08-09 14:53:10.860
1551,2026-08-09 14:53:10.878
1552,2026-08-09 14:53:10.938
1553,2026-08-09 14:53:10.958
1554,2026-08-09 14:53:11.795
1555,2026-08-09 14:53:12.035
1556,2026-08-09 14:53:14.194
1557,2026-08-09 14:53:14.211
1558,2026-08-09 14:53:27.316
1559,2026-08-09 14:53:27.334
1560,2026-08-09 14:53:27.354
1561,2026-08-09 14:53:27.374
1562,2026-08-09 14:53:27.394
1563,2026-08-09 14:53:27.414
1564,2026-08-09 14:53:27.454
1565,2026-08-09 14:53:27.474
1566,2026-08-09 14:53:27.494
1567,2026-08-09 14:53:27.551
1568,2026-08-09 14:53:27.614
1569,2026-08-09 14:53:27.634
1570,2026-08-09 14:53:27.694
1571,2026-08-09 14:53:27.854
1572,2026-08-09 14:53:27.874
1573,2026-08-09 14:53:27.894
1574,2026-08-09 14:53:27.954
1575,2026-08-09 14:53:27.974
1576,2026-08-09 14:53:28.113
1577,2026-08-09 14:53:28.134
1578,2026-08-09 14:53:28.154
1579,2026-08-09 14:53:28.174
1580,2026-08-09 14:53:28.214
1581,2026-08-09 14:53:28.294
1582,2026-08-09 14:53:28.334
1583,2026-08-09 14:53:28.374
1584,2026-08-09 14:53:28.394
1585,2026-08-09 14:53:28.451
1586,2026-08-09 14:53:28.494
1587,2026-08-09 14:53:28.534
1588,2026-08-09 14:53:28.554
1589,2026-08-09 14:53:28.574
1590,2026-08-09 14:53:28.634
1591,2026-08-09 14:53:28.654
1592,2026-08-09 14:53:28.674
1593,2026-08-09 14:53:28.694
1594,2026-08-09 14:53:28.833
1595,2026-08-09 14:53:28.854
1596,2026-08-09 14:53:28.874
1597,2026-08-09 14:53:28.894
1598,2026-08-09 14:53:28.974
1599,2026-08-09 14:53:29.034
1600,2026-08-09 14:53:29.054
1601,2026-08-09 14:53:29.094
1602,2026-08-09 14:53:29.114
1603,2026-08-09 14:53:29.171
1604,2026-08-09 14:53:29.194
1605,2026-08-09 14:53:29.234
1606,2026-08-09 14:53:29.274
1607,2026-08-09 14:53:29.294
1608,2026-08-09 14:53:29.314
1609,2026-08-09 14:53:29.334
1610,2026-08-09 14:53:29.354
1611,2026-08-09 14:53:29.374
1612,2026-08-09 14:53:29.451
1613,2026-08-09 14:53:29.474
1614,2026-08-09 14:53:29.514
1615,2026-08-09 14:53:29.534
1616,2026-08-09 14:53:29.554
1617,2026-08-09 14:53:29.574
1618,2026-08-09 14:53:29.594
1619,2026-08-09 14:53:29.614
1620,2026-08-09 14:53:35.729
1621,2026-08-09 14:53:50.881
1622,2026-08-09 14:53:58.103
1623,2026-08-09 14:53:58.284
1624,2026-08-09 14:53:58.301
1625,2026-08-09 14:53:58.321
1626,2026-08-09 14:53:58.543
1627,2026-08-09 14:53:59.616
1628,2026-08-09 14:54:00.713
1629,2026-08-09 14:54:01.844
1630,2026-08-09 14:54:11.728
1631,2026-08-09 14:54:11.964
1632,2026-08-09 14:54:11.982
1633,2026-08-09 14:54:12.023
1634,2026-08-09 14:54:12.603
1635,2026-08-09 14:54:12.621
1636,2026-08-09 14:54:15.877
1637,2026-08-09 14:54:26.128
1638,2026-08-09 14:54:26.146
1639,2026-08-09 14:54:26.166
1640,2026-08-09 14:54:26.206
1641,2026-08-09 14:54:26.246
1642,2026-08-09 14:54:26.266
1643,2026-08-09 14:54:26.306
1644,2026-08-09 14:54:26.386
1645,2026-08-09 14:54:26.406
1646,2026-08-09 14:54:26.483
1647,2026-08-09 14:54:26.506
1648,2026-08-09 14:54:26.526
1649,2026-08-09 14:54:26.566
1650,2026-08-09 14:54:26.586
1651,2026-08-09 14:54:26.606
1652,2026-08-09 14:54:26.626
1653,2026-08-09 14:54:26.646
1654,2026-08-09 14:54:26.706
1655,2026-08-09 14:54:26.783
1656,2026-08-09 14:54:26.806
1657,2026-08-09 14:54:26.846
1658,2026-08-09 14:54:26.866
1659,2026-08-09 14:54:26.926
1660,2026-08-09 14:54:26.986
1661,2026-08-09 14:54:27.026
1662,2026-08-09 14:54:27.046
1663,2026-08-09 14:54:27.066
1664,2026-08-09 14:54:27.265
1665,2026-08-09 14:54:27.287
1666,2026-08-09 14:54:27.326
1667,2026-08-09 14:54:27.346
1668,2026-08-09 14:54:27.386
1669,2026-08-09 14:54:27.406
1670,2026-08-09 14:54:27.588
1671,2026-08-09 14:54:27.606
1672,2026-08-09 14:54:27.626
1673,2026-08-09 14:54:27.925
1674,2026-08-09 14:54:27.946
1675,2026-08-09 14:54:27.966
1676,2026-08-09 14:54:28.046
1677,2026-08-09 14:54:28.066
1678,2026-08-09 14:54:28.086
1679,2026-08-09 14:54:28.106
1680,2026-08-09 14:54:28.146
1681,2026-08-09 14:54:28.186
1682,2026-08-09 14:54:28.325
1683,2026-08-09 14:54:28.428
1684,2026-08-09 14:54:28.466
1685,2026-08-09 14:54:28.506
1686,2026-08-09 14:54:28.526
1687,2026-08-09 14:54:28.586
1688,2026-08-09 14:54:28.606
1689,2026-08-09 14:54:28.626
1690,2026-08-09 14:54:28.646
1691,2026-08-09 14:54:28.723
1692,2026-08-09 14:54:28.766
1693,2026-08-09 14:54:28.786
1694,2026-08-09 14:54:28.806
1695,2026-08-09 14:54:28.866
1696,2026-08-09 14:54:28.886
1697,2026-08-09 14:54:28.946
1698,2026-08-09 14:54:28.986
1699,2026-08-09 14:54:29.026
1700,2026-08-09 14:54:29.205
1701,2026-08-09 14:54:29.226
1702,2026-08-09 14:54:29.246
1703,2026-08-09 14:54:29.286
1704,2026-08-09 14:54:29.326
1705,2026-08-09 14:54:29.346
1706,2026-08-09 14:54:29.446
1707,2026-08-09 14:54:29.526
1708,2026-08-09 14:54:29.546
1709,2026-08-09 14:54:29.643
1710,2026-08-09 14:54:29.666
1711,2026-08-09 14:54:29.686
1712,2026-08-09 14:54:29.706
1713,2026-08-09 14:54:29.746
1714,2026-08-09 14:54:29.846
1715,2026-08-09 14:54:29.866
1716,2026-08-09 14:54:29.886
1717,2026-08-09 14:54:29.966
1718,2026-08-09 14:54:30.145
1719,2026-08-09 14:54:30.166
1720,2026-08-09 14:54:30.186
1721,2026-08-09 14:54:30.206
1722,2026-08-09 14:54:30.226
1723,2026-08-09 14:54:30.266
1724,2026-08-09 14:54:30.286
1725,2026-08-09 14:54:30.306
1726,2026-08-09 14:54:30.346
1727,2026-08-09 14:54:30.403
1728,2026-08-09 14:54:30.426
1729,2026-08-09 14:54:30.446
1730,2026-08-09 14:54:30.466
1731,2026-08-09 14:54:30.526
1732,2026-08-09 14:54:30.546
1733,2026-08-09 14:54:30.566
1734,2026-08-09 14:54:30.586
1735,2026-08-09 14:54:30.606
1736,2026-08-09 14:54:30.663
1737,2026-08-09 14:54:30.686
1738,2026-08-09 14:54:30.706
1739,2026-08-09 14:54:30.726
1740,2026-08-09 14:54:30.746
1741,2026-08-09 14:54:30.786
1742,2026-08-09 14:54:30.806
1743,2026-08-09 14:54:30.866
1744,2026-08-09 14:54:30.886
1745,2026-08-09 14:54:30.963
1746,2026-08-09 14:54:30.986
1747,2026-08-09 14:54:31.006
1748,2026-08-09 14:54:31.026
1749,2026-08-09 14:54:31.046
1750,2026-08-09 14:54:31.066
1751,2026-08-09 14:54:31.106
1752,2026-08-09 14:54:31.126
1753,2026-08-09 14:54:31.186
1754,2026-08-09 14:54:31.283
1755,2026-08-09 14:54:31.306
1756,2026-08-09 14:54:31.326
1757,2026-08-09 14:54:31.346
1758,2026-08-09 14:54:31.386
1759,2026-08-09 14:54:31.406
1760,2026-08-09 14:54:31.446
1761,2026-08-09 14:54:31.466
1762,2026-08-09 14:54:31.486
1763,2026-08-09 14:54:31.563
1764,2026-08-09 14:54:32.425
1765,2026-08-09 14:54:45.119
1766,2026-08-09 14:54:56.906
1767,2026-08-09 14:54:59.290
1768,2026-08-09 14:55:10.611
1769,2026-08-09 14:55:10.628
1770,2026-08-09 14:55:10.688
1771,2026-08-09 14:55:10.708
1772,2026-08-09 14:55:10.748
1773,2026-08-09 14:55:10.768
1774,2026-08-09 14:55:10.828
1775,2026-08-09 14:55:10.848
1776,2026-08-09 14:55:10.888
1777,2026-08-09 14:55:10.945
1778,2026-08-09 14:55:10.968
1779,2026-08-09 14:55:10.988
1780,2026-08-09 14:55:11.008
1781,2026-08-09 14:55:11.028
1782,2026-08-09 14:55:11.068
1783,2026-08-09 14:55:11.128
1784,2026-08-09 14:55:11.271
1785,2026-08-09 14:55:11.328
1786,2026-08-09 14:55:11.385
1787,2026-08-09 14:55:11.408
1788,2026-08-09 14:55:11.428
1789,2026-08-09 14:55:11.448
1790,2026-08-09 14:55:11.468
1791,2026-08-09 14:55:11.488
1792,2026-08-09 14:55:11.528
1793,2026-08-09 14:55:11.568
1794,2026-08-09 14:55:11.588
1795,2026-08-09 14:55:11.767
1796,2026-08-09 14:55:11.788
1797,2026-08-09 14:55:11.808
1798,2026-08-09 14:55:11.828
1799,2026-08-09 14:55:11.908
1800,2026-08-09 14:55:11.928
1801,2026-08-09 14:55:11.968
1802,2026-08-09 14:55:12.008
1803,2026-08-09 14:55:12.048
1804,2026-08-09 14:55:12.245
1805,2026-08-09 14:55:12.288
1806,2026-08-09 14:55:12.308
1807,2026-08-09 14:55:12.348
1808,2026-08-09 14:55:12.368
1809,2026-08-09 14:55:12.631
1810,2026-08-09 14:55:12.648
1811,2026-08-09 14:55:12.668
1812,2026-08-09 14:55:12.708
1813,2026-08-09 14:55:12.785
1814,2026-08-09 14:55:12.808
1815,2026-08-09 14:55:12.868
1816,2026-08-09 14:55:12.908
1817,2026-08-09 14:55:12.948
1818,2026-08-09 14:55:12.968
1819,2026-08-09 14:55:12.988
1820,2026-08-09 14:55:13.008
1821,2026-08-09 14:55:13.048
1822,2026-08-09 14:55:13.267
1823,2026-08-09 14:55:13.288
1824,2026-08-09 14:55:13.328
1825,2026-08-09 14:55:13.368
1826,2026-08-09 14:55:13.388
1827,2026-08-09 14:55:13.408
1828,2026-08-09 14:55:13.468
1829,2026-08-09 14:55:13.508
1830,2026-08-09 14:55:13.528
1831,2026-08-09 14:55:13.768
1832,2026-08-09 14:55:13.871
1833,2026-08-09 14:55:13.888
1834,2026-08-09 14:55:13.908
1835,2026-08-09 14:55:13.928
1836,2026-08-09 14:55:13.948
1837,2026-08-09 14:55:17.088
1838,2026-08-09 14:55:20.988
1839,2026-08-09 14:55:30.440
1840,2026-08-09 14:55:41.111
1841,2026-08-09 14:55:43.766
1842,2026-08-09 14:55:46.148
1843,2026-08-09 14:56:07.030
1844,2026-08-09 14:56:12.847
1845,2026-08-09 14:56:13.462
1846,2026-08-09 14:56:24.700
1847,2026-08-09 14:56:24.920
1848,2026-08-09 14:56:25.140
1849,2026-08-09 14:56:25.360
1850,2026-08-09 14:56:37.456
1851,2026-08-09 14:56:37.474
1852,2026-08-09 14:56:37.657
1853,2026-08-09 14:56:37.675
1854,2026-08-09 14:56:40.473
1855,2026-08-09 14:56:40.491
1856,2026-08-09 14:56:55.611
1857,2026-08-09 14:57:13.953
1858,2026-08-09 14:57:16.226
1859,2026-08-09 14:57:16.244
1860,2026-08-09 14:57:36.708
1861,2026-08-09 14:57:36.726
1862,2026-08-09 14:57:36.746
1863,2026-08-09 14:57:36.766
1864,2026-08-09 14:57:36.786
1865,2026-08-09 14:57:36.806
1866,2026-08-09 14:57:36.826
1867,2026-08-09 14:57:36.846
1868,2026-08-09 14:57:36.886
1869,2026-08-09 14:57:36.943
1870,2026-08-09 14:57:36.966
1871,2026-08-09 14:57:36.986
1872,2026-08-09 14:57:37.006
1873,2026-08-09 14:57:37.026
1874,2026-08-09 14:57:37.046
1875,2026-08-09 14:57:37.066
1876,2026-08-09 14:57:37.086
1877,2026-08-09 14:57:37.106
1878,2026-08-09 14:57:37.163
1879,2026-08-09 14:57:37.186
1880,2026-08-09 14:57:37.226
1881,2026-08-09 14:57:37.246
1882,2026-08-09 14:57:37.266
1883,2026-08-09 14:57:37.286
1884,2026-08-09 14:57:37.306
1885,2026-08-09 14:57:37.326
1886,2026-08-09 14:57:37.366
1887,2026-08-09 14:57:37.525
1888,2026-08-09 14:57:37.546
1889,2026-08-09 14:57:37.566
1890,2026-08-09 14:57:37.586
1891,2026-08-09 14:57:37.606
1892,2026-08-09 14:57:37.626
1893,2026-08-09 14:57:37.646
1894,2026-08-09 14:57:37.686
1895,2026-08-09 14:57:37.706
1896,2026-08-09 14:57:37.845
1897,2026-08-09 14:57:37.866
1898,2026-08-09 14:57:37.886
1899,2026-08-09 14:57:37.906
1900,2026-08-09 14:57:37.926
1901,2026-08-09 14:57:37.946
1902,2026-08-09 14:57:37.966
1903,2026-08-09 14:57:38.006
1904,2026-08-09 14:57:38.026
1905,2026-08-09 14:57:38.183
1906,2026-08-09 14:57:38.206
1907,2026-08-09 14:57:38.226
1908,2026-08-09 14:57:38.246
1909,2026-08-09 14:57:38.266
1910,2026-08-09 14:57:38.286
1911,2026-08-09 14:57:38.306
1912,2026-08-09 14:57:38.326
1913,2026-08-09 14:57:38.346
1914,2026-08-09 14:57:38.403
1915,2026-08-09 14:57:38.426
1916,2026-08-09 14:57:38.466
1917,2026-08-09 14:57:38.486
1918,2026-08-09 14:57:38.506
1919,2026-08-09 14:57:38.546
1920,2026-08-09 14:57:38.566
1921,2026-08-09 14:57:38.586
1922,2026-08-09 14:57:38.606
1923,2026-08-09 14:57:38.663
1924,2026-08-09 14:57:38.686
1925,2026-08-09 14:57:38.706
1926,2026-08-09 14:57:38.726
1927,2026-08-09 14:57:38.746
1928,2026-08-09 14:57:38.766
1929,2026-08-09 14:57:38.786
1930,2026-08-09 14:57:38.806
1931,2026-08-09 14:57:38.826
1932,2026-08-09 14:57:38.883
1933,2026-08-09 14:57:38.906
1934,2026-08-09 14:57:38.926
1935,2026-08-09 14:57:38.946
1936,2026-08-09 14:57:38.966
1937,2026-08-09 14:57:38.986
1938,2026-08-09 14:57:39.006
1939,2026-08-09 14:57:39.026
1940,2026-08-09 14:57:39.046
1941,2026-08-09 14:57:39.205
1942,2026-08-09 14:57:39.226
1943,2026-08-09 14:57:39.246
1944,2026-08-09 14:57:39.266
1945,2026-08-09 14:57:39.286
1946,2026-08-09 14:57:39.306
1947,2026-08-09 14:57:39.326
1948,2026-08-09 14:57:39.346
1949,2026-08-09 14:57:39.366
1950,2026-08-09 14:57:39.443
1951,2026-08-09 14:57:39.466
1952,2026-08-09 14:57:39.486
1953,2026-08-09 14:57:39.506
1954,2026-08-09 14:57:39.526
1955,2026-08-09 14:57:39.546
1956,2026-08-09 14:57:39.566
1957,2026-08-09 14:57:39.586
1958,2026-08-09 14:57:39.606
1959,2026-08-09 14:58:23.736
1960,2026-08-09 14:58:25.213
1961,2026-08-09 14:58:25.231
1962,2026-08-09 14:58:28.380
1963,2026-08-09 14:58:35.997
1964,2026-08-09 14:58:36.788
1965,2026-08-09 14:58:36.806
1966,2026-08-09 14:59:43.379
1967,2026-08-09 14:59:45.773
1968,2026-08-09 14:59:54.512
1969,2026-08-09 14:59:54.546
1970,2026-08-09 15:00:05.350
1971,2026-08-09 15:00:05.360
1972,2026-08-09 15:00:05.370
1973,2026-08-09 15:00:13.937
1974,2026-08-09 15:00:14.117
1975,2026-08-09 15:00:14.135
1976,2026-08-09 15:00:14.155
1977,2026-08-09 15:00:14.397
1978,2026-08-09 15:00:28.384
1979,2026-08-09 15:00:28.404
1980,2026-08-09 15:00:28.424
1981,2026-08-09 15:00:28.444
1982,2026-08-09 15:00:28.464
1983,2026-08-09 15:00:28.484
1984,2026-08-09 15:00:28.504
1985,2026-08-09 15:00:28.524
1986,2026-08-09 15:00:28.544
1987,2026-08-09 15:00:28.594
1988,2026-08-09 15:00:30.754
1989,2026-08-09 15:00:32.524
1990,2026-08-09 15:00:34.080
1991,2026-08-09 15:00:36.953
1992,2026-08-09 15:00:36.971
1993,2026-08-09 15:00:40.428
1994,2026-08-09 15:00:40.446
1995,2026-08-09 15:00:49.142
1996,2026-08-09 15:00:49.162
1997,2026-08-09 15:00:49.182
1998,2026-08-09 15:00:49.202
1999,2026-08-09 15:00:49.222
2000,2026-08-09 15:00:49.344
2001,2026-08-09 15:00:49.362
2002,2026-08-09 15:00:49.382
2003,2026-08-09 15:00:49.402
2004,2026-08-09 15:00:49.541
2005,2026-08-09 15:00:49.562
2006,2026-08-09 15:00:49.582
2007,2026-08-09 15:00:49.622
2008,2026-08-09 15:00:49.662
2009,2026-08-09 15:00:49.702
2010,2026-08-09 15:00:49.762
2011,2026-08-09 15:00:49.782
2012,2026-08-09 15:00:49.822
2013,2026-08-09 15:00:49.879
2014,2026-08-09 15:00:49.902
2015,2026-08-09 15:00:49.982
2016,2026-08-09 15:00:50.022
2017,2026-08-09 15:00:50.082
2018,2026-08-09 15:00:50.142
2019,2026-08-09 15:00:50.182
2020,2026-08-09 15:00:50.242
2021,2026-08-09 15:00:50.282
2022,2026-08-09 15:00:50.901
2023,2026-08-09 15:00:51.141
2024,2026-08-09 15:00:54.215
2025,2026-08-09 15:00:54.455
2026,2026-08-09 15:00:54.675
2027,2026-08-09 15:00:56.424
2028,2026-08-09 15:01:12.404
2029,2026-08-09 15:01:23.801
2030,2026-08-09 15:01:24.454
2031,2026-08-09 15:01:24.472
2032,2026-08-09 15:01:56.791
2033,2026-08-09 15:01:56.914
2034,2026-08-09 15:01:56.931
2035,2026-08-09 15:01:57.054
2036,2026-08-09 15:01:57.131
2037,2026-08-09 15:01:57.151
2038,2026-08-09 15:01:57.374
2039,2026-08-09 15:01:57.594
2040,2026-08-09 15:01:57.811
2041,2026-08-09 15:01:58.011
2042,2026-08-09 15:01:58.051
2043,2026-08-09 15:01:58.111
2044,2026-08-09 15:01:58.131
2045,2026-08-09 15:01:58.151
2046,2026-08-09 15:01:58.374
2047,2026-08-09 15:01:58.514
2048,2026-08-09 15:01:58.571
2049,2026-08-09 15:01:58.714
2050,2026-08-09 15:01:59.130
2051,2026-08-09 15:01:59.354
2052,2026-08-09 15:01:59.371
2053,2026-08-09 15:01:59.494
2054,2026-08-09 15:01:59.531
2055,2026-08-09 15:01:59.611
2056,2026-08-09 15:01:59.714
2057,2026-08-09 15:01:59.771
2058,2026-08-09 15:01:59.791
2059,2026-08-09 15:01:59.971
2060,2026-08-09 15:02:00.011
2061,2026-08-09 15:02:00.071
2062,2026-08-09 15:02:00.234
2063,2026-08-09 15:02:00.454
2064,2026-08-09 15:02:00.491
2065,2026-08-09 15:02:00.734
2066,2026-08-09 15:02:00.854
2067,2026-08-09 15:02:01.074
2068,2026-08-09 15:02:01.210
2069,2026-08-09 15:02:01.231
2070,2026-08-09 15:02:01.251
2071,2026-08-09 15:02:01.394
2072,2026-08-09 15:02:01.451
2073,2026-08-09 15:02:01.491
2074,2026-08-09 15:02:01.531
2075,2026-08-09 15:02:01.754
2076,2026-08-09 15:02:01.771
2077,2026-08-09 15:02:15.619
2078,2026-08-09 15:02:26.417
2079,2026-08-09 15:02:28.672
2080,2026-08-09 15:02:28.731
2081,2026-08-09 15:02:28.752
2082,2026-08-09 15:02:28.772
2083,2026-08-09 15:02:28.792
2084,2026-08-09 15:02:28.812
2085,2026-08-09 15:02:28.831
2086,2026-08-09 15:02:28.852
2087,2026-08-09 15:02:28.871
2088,2026-08-09 15:02:40.504
2089,2026-08-09 15:02:40.624
2090,2026-08-09 15:02:40.844
2091,2026-08-09 15:02:40.862
2092,2026-08-09 15:02:40.922
2093,2026-08-09 15:02:44.463
2094,2026-08-09 15:02:44.480
2095,2026-08-09 15:03:00.887
2096,2026-08-09 15:03:00.945
2097,2026-08-09 15:03:00.985
2098,2026-08-09 15:03:01.207
2099,2026-08-09 15:03:01.265
2100,2026-08-09 15:03:01.305
2101,2026-08-09 15:03:01.427
2102,2026-08-09 15:03:01.547
2103,2026-08-09 15:03:01.565
2104,2026-08-09 15:03:01.642
2105,2026-08-09 15:03:01.665
2106,2026-08-09 15:03:01.745
2107,2026-08-09 15:03:01.847
2108,2026-08-09 15:03:01.905
2109,2026-08-09 15:03:01.985
2110,2026-08-09 15:03:02.127
2111,2026-08-09 15:03:02.287
2112,2026-08-09 15:03:02.305
2113,2026-08-09 15:03:02.564
2114,2026-08-09 15:03:02.687
2115,2026-08-09 15:03:02.745
2116,2026-08-09 15:03:02.765
2117,2026-08-09 15:03:02.805
2118,2026-08-09 15:03:02.825
2119,2026-08-09 15:03:03.007
2120,2026-08-09 15:03:03.168
2121,2026-08-09 15:03:03.265
2122,2026-08-09 15:03:03.604
2123,2026-08-09 15:03:03.685
2124,2026-08-09 15:03:03.705
2125,2026-08-09 15:03:03.785
2126,2026-08-09 15:03:03.845
2127,2026-08-09 15:03:03.905
2128,2026-08-09 15:03:03.945
2129,2026-08-09 15:03:04.005
2130,2026-08-09 15:03:04.085
2131,2026-08-09 15:03:06.058
2132,2026-08-09 15:03:10.680
2133,2026-08-09 15:03:14.312
2134,2026-08-09 15:03:14.335
2135,2026-08-09 15:03:14.355
2136,2026-08-09 15:03:14.375
2137,2026-08-09 15:03:14.395
2138,2026-08-09 15:03:14.415
2139,2026-08-09 15:03:14.435
2140,2026-08-09 15:03:14.455
2141,2026-08-09 15:03:14.475
2142,2026-08-09 15:03:14.531
2143,2026-08-09 15:03:14.555
2144,2026-08-09 15:03:14.575
2145,2026-08-09 15:03:14.595
2146,2026-08-09 15:03:14.615
2147,2026-08-09 15:03:14.635
2148,2026-08-09 15:03:14.655
2149,2026-08-09 15:03:14.675
2150,2026-08-09 15:03:14.695
2151,2026-08-09 15:03:14.751
2152,2026-08-09 15:03:14.775
2153,2026-08-09 15:03:14.795
2154,2026-08-09 15:03:14.815
2155,2026-08-09 15:03:14.835
2156,2026-08-09 15:03:14.855
2157,2026-08-09 15:03:14.875
2158,2026-08-09 15:03:14.895
2159,2026-08-09 15:03:14.915
2160,2026-08-09 15:03:14.971
2161,2026-08-09 15:03:14.995
2162,2026-08-09 15:03:15.015
2163,2026-08-09 15:03:15.035
2164,2026-08-09 15:03:16.436
2165,2026-08-09 15:03:27.920
2166,2026-08-09 15:03:35.369
2167,2026-08-09 15:03:42.166
2168,2026-08-09 15:03:42.405
2169,2026-08-09 15:03:42.415
2170,2026-08-09 15:03:42.426
2171,2026-08-09 15:03:44.828
2172,2026-08-09 15:03:46.784
2173,2026-08-09 15:03:46.803
2174,2026-08-09 15:03:47.025
2175,2026-08-09 15:03:56.448
2176,2026-08-09 15:03:56.485
2177,2026-08-09 15:03:56.525
2178,2026-08-09 15:03:56.565
2179,2026-08-09 15:03:56.605
2180,2026-08-09 15:03:56.625
2181,2026-08-09 15:03:56.685
2182,2026-08-09 15:03:56.705
2183,2026-08-09 15:03:56.785
2184,2026-08-09 15:03:56.862
2185,2026-08-09 15:03:56.905
2186,2026-08-09 15:03:56.925
2187,2026-08-09 15:03:56.945
2188,2026-08-09 15:03:56.965
2189,2026-08-09 15:03:57.065
2190,2026-08-09 15:03:57.085
2191,2026-08-09 15:03:57.125
2192,2026-08-09 15:03:57.165
2193,2026-08-09 15:03:57.324
2194,2026-08-09 15:03:57.365
2195,2026-08-09 15:03:57.385
2196,2026-08-09 15:03:57.405
2197,2026-08-09 15:03:57.425
2198,2026-08-09 15:03:57.445
2199,2026-08-09 15:03:57.465
2200,2026-08-09 15:03:57.505
2201,2026-08-09 15:03:57.525
2202,2026-08-09 15:03:57.684
2203,2026-08-09 15:03:57.725
2204,2026-08-09 15:03:57.765
2205,2026-08-09 15:03:57.805
2206,2026-08-09 15:03:57.885
2207,2026-08-09 15:03:57.945
2208,2026-08-09 15:03:57.985
2209,2026-08-09 15:03:58.086
2210,2026-08-09 15:03:58.165
2211,2026-08-09 15:03:58.304
2212,2026-08-09 15:03:58.487
2213,2026-08-09 15:03:58.525
2214,2026-08-09 15:03:58.545
2215,2026-08-09 15:03:58.605
2216,2026-08-09 15:03:58.685
2217,2026-08-09 15:03:58.745
2218,2026-08-09 15:03:58.785
2219,2026-08-09 15:03:58.805
2220,2026-08-09 15:03:58.862
2221,2026-08-09 15:03:58.905
2222,2026-08-09 15:03:58.965
2223,2026-08-09 15:03:59.005
2224,2026-08-09 15:03:59.045
2225,2026-08-09 15:03:59.065
2226,2026-08-09 15:03:59.085
2227,2026-08-09 15:03:59.105
2228,2026-08-09 15:03:59.125
2229,2026-08-09 15:03:59.182
2230,2026-08-09 15:03:59.205
2231,2026-08-09 15:03:59.225
2232,2026-08-09 15:03:59.245
2233,2026-08-09 15:03:59.325
2234,2026-08-09 15:03:59.345
2235,2026-08-09 15:03:59.365
2236,2026-08-09 15:03:59.425
2237,2026-08-09 15:03:59.465
2238,2026-08-09 15:03:59.562
2239,2026-08-09 15:03:59.605
2240,2026-08-09 15:03:59.625
2241,2026-08-09 15:03:59.645
2242,2026-08-09 15:03:59.748
2243,2026-08-09 15:03:59.785
2244,2026-08-09 15:03:59.805
2245,2026-08-09 15:03:59.825
2246,2026-08-09 15:03:59.845
2247,2026-08-09 15:04:00.104
2248,2026-08-09 15:04:00.125
2249,2026-08-09 15:04:00.145
2250,2026-08-09 15:04:00.165
2251,2026-08-09 15:04:00.185
2252,2026-08-09 15:04:00.205
2253,2026-08-09 15:04:00.225
2254,2026-08-09 15:04:00.245
2255,2026-08-09 15:04:00.265
2256,2026-08-09 15:04:00.322
2257,2026-08-09 15:04:00.345
2258,2026-08-09 15:04:00.365
2259,2026-08-09 15:04:00.385
2260,2026-08-09 15:04:00.405
2261,2026-08-09 15:04:00.465
2262,2026-08-09 15:04:00.485
2263,2026-08-09 15:04:00.505
2264,2026-08-09 15:04:00.565
2265,2026-08-09 15:04:00.744
2266,2026-08-09 15:04:00.785
2267,2026-08-09 15:04:00.865
2268,2026-08-09 15:04:00.885
2269,2026-08-09 15:04:00.905
2270,2026-08-09 15:04:00.925
2271,2026-08-09 15:04:00.945
2272,2026-08-09 15:04:00.965
2273,2026-08-09 15:04:01.005
2274,2026-08-09 15:04:01.062
2275,2026-08-09 15:04:01.085
2276,2026-08-09 15:04:01.105
2277,2026-08-09 15:04:01.125
2278,2026-08-09 15:04:01.165
2279,2026-08-09 15:04:03.328
2280,2026-08-09 15:04:07.487
2281,2026-08-09 15:04:09.917
2282,2026-08-09 15:04:09.937
2283,2026-08-09 15:04:09.957
2284,2026-08-09 15:04:10.778
2285,2026-08-09 15:04:10.796
2286,2026-08-09 15:04:11.873
2287,2026-08-09 15:04:11.891
2288,2026-08-09 15:04:22.454
2289,2026-08-09 15:04:31.304
2290,2026-08-09 15:04:31.322
2291,2026-08-09 15:04:34.297
2292,2026-08-09 15:04:45.880
2293,2026-08-09 15:06:06.100
2294,2026-08-09 15:06:10.976
2295,2026-08-09 15:06:13.986
2296,2026-08-09 15:06:14.719
2297,2026-08-09 15:06:17.090
2298,2026-08-09 15:08:23.888
2299,2026-08-09 15:08:23.910
2300,2026-08-09 15:08:23.930
2301,2026-08-09 15:08:23.950
2302,2026-08-09 15:08:23.970
2303,2026-08-09 15:08:23.990
2304,2026-08-09 15:08:24.010
2305,2026-08-09 15:08:24.030
2306,2026-08-09 15:08:24.050
2307,2026-08-09 15:08:24.100
2308,2026-08-09 15:08:24.130
2309,2026-08-09 15:08:24.150
2310,2026-08-09 15:08:24.170
2311,2026-08-09 15:08:24.190
2312,2026-08-09 15:08:24.210
2313,2026-08-09 15:08:24.230
2314,2026-08-09 15:08:24.250
2315,2026-08-09 15:08:24.270
2316,2026-08-09 15:08:24.320
2317,2026-08-09 15:08:24.350
2318,2026-08-09 15:08:24.370
2319,2026-08-09 15:08:24.390
2320,2026-08-09 15:08:24.410
2321,2026-08-09 15:08:24.430
2322,2026-08-09 15:08:24.450
2323,2026-08-09 15:08:24.470
2324,2026-08-09 15:08:24.490
2325,2026-08-09 15:08:24.540
2326,2026-08-09 15:08:24.570
2327,2026-08-09 15:08:24.590
2328,2026-08-09 15:08:24.610
2329,2026-08-09 15:08:24.630
2330,2026-08-09 15:08:24.650
2331,2026-08-09 15:08:24.670
2332,2026-08-09 15:08:24.690
2333,2026-08-09 15:08:24.710
2334,2026-08-09 15:08:24.760
2335,2026-08-09 15:08:24.790
2336,2026-08-09 15:08:24.810
2337,2026-08-09 15:08:24.830
2338,2026-08-09 15:08:24.850
2339,2026-08-09 15:08:24.870
2340,2026-08-09 15:08:24.890
2341,2026-08-09 15:08:24.910
2342,2026-08-09 15:08:24.930
2343,2026-08-09 15:08:24.980
2344,2026-08-09 15:08:25.010
2345,2026-08-09 15:08:25.030
2346,2026-08-09 15:08:25.050
2347,2026-08-09 15:08:25.070
2348,2026-08-09 15:08:25.090
2349,2026-08-09 15:08:25.110
2350,2026-08-09 15:08:25.130
2351,2026-08-09 15:08:25.150
2352,2026-08-09 15:08:25.280
2353,2026-08-09 15:08:25.310
2354,2026-08-09 15:08:25.330
2355,2026-08-09 15:08:25.350
2356,2026-08-09 15:08:25.370
2357,2026-08-09 15:08:25.390
2358,2026-08-09 15:08:25.410
2359,2026-08-09 15:08:25.430
2360,2026-08-09 15:08:25.450
2361,2026-08-09 15:08:25.500
2362,2026-08-09 15:08:25.530
2363,2026-08-09 15:08:25.755
2364,2026-08-09 15:08:45.516
2365,2026-08-09 15:08:51.647
2366,2026-08-09 15:08:52.961
2367,2026-08-09 15:08:54.077
2368,2026-08-09 15:08:54.297
2369,2026-08-09 15:08:54.497
2370,2026-08-09 15:08:56.306
2371,2026-08-09 15:08:56.324
2372,2026-08-09 15:08:56.344
2373,2026-08-09 15:08:56.424
2374,2026-08-09 15:08:58.960
2375,2026-08-09 15:08:58.976
2376,2026-08-09 15:09:00.828
2377,2026-08-09 15:09:19.896
2378,2026-08-09 15:09:19.950
2379,2026-08-09 15:09:20.092
2380,2026-08-09 15:09:20.170
2381,2026-08-09 15:09:20.210
2382,2026-08-09 15:09:20.250
2383,2026-08-09 15:09:20.372
2384,2026-08-09 15:09:20.410
2385,2026-08-09 15:09:20.430
2386,2026-08-09 15:09:20.527
2387,2026-08-09 15:09:20.550
2388,2026-08-09 15:09:20.590
2389,2026-08-09 15:09:20.630
2390,2026-08-09 15:09:20.670
2391,2026-08-09 15:09:20.710
2392,2026-08-09 15:09:20.892
2393,2026-08-09 15:09:20.990
2394,2026-08-09 15:09:21.070
2395,2026-08-09 15:09:21.167
2396,2026-08-09 15:09:21.190
2397,2026-08-09 15:09:21.210
2398,2026-08-09 15:09:21.230
2399,2026-08-09 15:09:21.372
2400,2026-08-09 15:09:21.390
2401,2026-08-09 15:09:21.430
2402,2026-08-09 15:09:21.533
2403,2026-08-09 15:09:21.652
2404,2026-08-09 15:09:22.245
2405,2026-08-09 15:09:32.646
2406,2026-08-09 15:09:32.664
2407,2026-08-09 15:09:43.836
2408,2026-08-09 15:09:45.407
2409,2026-08-09 15:09:46.042
2410,2026-08-09 15:09:46.222
2411,2026-08-09 15:09:46.243
2412,2026-08-09 15:09:46.262
2413,2026-08-09 15:09:46.302
2414,2026-08-09 15:09:48.622
2415,2026-08-09 15:09:48.700
2416,2026-08-09 15:09:58.898
2417,2026-08-09 15:09:58.915
2418,2026-08-09 15:09:58.935
2419,2026-08-09 15:09:58.955
2420,2026-08-09 15:09:58.975
2421,2026-08-09 15:09:58.995
2422,2026-08-09 15:09:59.015
2423,2026-08-09 15:09:59.035
2424,2026-08-09 15:09:59.055
2425,2026-08-09 15:09:59.132
2426,2026-08-09 15:09:59.155
2427,2026-08-09 15:09:59.175
2428,2026-08-09 15:09:59.195
2429,2026-08-09 15:09:59.215
2430,2026-08-09 15:09:59.235
2431,2026-08-09 15:09:59.255
2432,2026-08-09 15:09:59.275
2433,2026-08-09 15:09:59.295
2434,2026-08-09 15:10:19.480
2435,2026-08-09 15:10:19.498
2436,2026-08-09 15:10:19.518
2437,2026-08-09 15:10:19.538
2438,2026-08-09 15:10:19.558
2439,2026-08-09 15:10:19.578
2440,2026-08-09 15:10:19.598
2441,2026-08-09 15:10:19.618
2442,2026-08-09 15:10:19.638
2443,2026-08-09 15:10:19.688
2444,2026-08-09 15:10:19.718
2445,2026-08-09 15:10:19.738
2446,2026-08-09 15:10:19.758
2447,2026-08-09 15:10:19.778
2448,2026-08-09 15:10:19.798
2449,2026-08-09 15:10:19.818
2450,2026-08-09 15:10:19.838
2451,2026-08-09 15:10:19.858
2452,2026-08-09 15:10:19.990
2453,2026-08-09 15:10:20.018
2454,2026-08-09 15:10:20.038
2455,2026-08-09 15:10:20.058
2456,2026-08-09 15:10:20.078
2457,2026-08-09 15:10:20.098
2458,2026-08-09 15:10:20.118
2459,2026-08-09 15:10:20.138
2460,2026-08-09 15:10:20.158
2461,2026-08-09 15:10:20.208
2462,2026-08-09 15:10:20.238
2463,2026-08-09 15:10:20.258
2464,2026-08-09 15:10:20.278
2465,2026-08-09 15:10:20.298
2466,2026-08-09 15:10:20.318
2467,2026-08-09 15:10:20.338
2468,2026-08-09 15:10:20.358
2469,2026-08-09 15:10:20.378
2470,2026-08-09 15:10:20.428
2471,2026-08-09 15:10:20.458
2472,2026-08-09 15:10:20.478
2473,2026-08-09 15:10:20.498
2474,2026-08-09 15:10:20.518
2475,2026-08-09 15:10:20.538
2476,2026-08-09 15:10:20.558
2477,2026-08-09 15:10:20.578
2478,2026-08-09 15:10:20.598
2479,2026-08-09 15:10:20.648
2480,2026-08-09 15:10:20.678
2481,2026-08-09 15:10:20.698
2482,2026-08-09 15:10:20.718
2483,2026-08-09 15:10:20.738
2484,2026-08-09 15:10:20.758
2485,2026-08-09 15:10:20.778
2486,2026-08-09 15:10:20.798
2487,2026-08-09 15:10:20.818
2488,2026-08-09 15:10:20.950
2489,2026-08-09 15:10:20.978
2490,2026-08-09 15:10:20.998
2491,2026-08-09 15:10:21.018
2492,2026-08-09 15:10:21.038
2493,2026-08-09 15:10:21.058
2494,2026-08-09 15:10:21.078
2495,2026-08-09 15:10:21.098
2496,2026-08-09 15:10:21.118
2497,2026-08-09 15:10:21.250
2498,2026-08-09 15:10:21.278
2499,2026-08-09 15:10:21.298
2500,2026-08-09 15:10:21.318
2501,2026-08-09 15:10:21.338
2502,2026-08-09 15:10:21.358
2503,2026-08-09 15:10:21.378
2504,2026-08-09 15:10:21.398
2505,2026-08-09 15:10:21.418
2506,2026-08-09 15:10:21.468
2507,2026-08-09 15:10:21.498
2508,2026-08-09 15:10:21.518
2509,2026-08-09 15:10:21.538
2510,2026-08-09 15:10:21.558
2511,2026-08-09 15:10:21.578
2512,2026-08-09 15:10:21.598
2513,2026-08-09 15:10:21.618
2514,2026-08-09 15:10:51.882
2515,2026-08-09 15:10:52.100
2516,2026-08-09 15:11:07.958
2517,2026-08-09 15:11:23.983
2518,2026-08-09 15:11:29.455
2519,2026-08-09 15:11:30.591
2520,2026-08-09 15:11:32.963
2521,2026-08-09 15:11:33.001
2522,2026-08-09 15:11:33.225
2523,2026-08-09 15:12:07.940
2524,2026-08-09 15:12:27.164
2525,2026-08-09 15:12:49.840
2526,2026-08-09 15:12:57.139
2527,2026-08-09 15:12:57.156
2528,2026-08-09 15:12:59.572
2529,2026-08-09 15:13:00.847
2530,2026-08-09 15:13:01.723
2531,2026-08-09 15:13:01.945
2532,2026-08-09 15:13:02.600
2533,2026-08-09 15:13:02.780
2534,2026-08-09 15:13:03.002
2535,2026-08-09 15:13:05.541
2536,2026-08-09 15:13:14.423
2537,2026-08-09 15:13:14.663
2538,2026-08-09 15:13:29.934
2539,2026-08-09 15:13:29.951
2540,2026-08-09 15:13:38.632
2541,2026-08-09 15:13:38.650
2542,2026-08-09 15:13:47.447
2543,2026-08-09 15:13:49.461
2544,2026-08-09 15:13:49.478
2545,2026-08-09 15:14:05.771
2546,2026-08-09 15:14:05.870
2547,2026-08-09 15:14:05.889
2548,2026-08-09 15:14:05.909
2549,2026-08-09 15:14:44.213
2550,2026-08-09 15:14:44.230
2551,2026-08-09 15:14:44.250
2552,2026-08-09 15:14:44.270
2553,2026-08-09 15:14:44.290
2554,2026-08-09 15:14:44.310
2555,2026-08-09 15:14:44.331
2556,2026-08-09 15:14:44.350
2557,2026-08-09 15:14:44.370
2558,2026-08-09 15:14:44.447
2559,2026-08-09 15:14:44.470
2560,2026-08-09 15:14:44.490
2561,2026-08-09 15:14:54.790
2562,2026-08-09 15:15:07.312
2563,2026-08-09 15:15:07.329
2564,2026-08-09 15:15:07.349
2565,2026-08-09 15:15:07.369
2566,2026-08-09 15:15:07.389
2567,2026-08-09 15:15:07.409
2568,2026-08-09 15:15:07.429
2569,2026-08-09 15:15:07.449
2570,2026-08-09 15:15:07.469
2571,2026-08-09 15:15:07.601
2572,2026-08-09 15:15:07.629
2573,2026-08-09 15:15:07.649
2574,2026-08-09 15:15:07.669
2575,2026-08-09 15:15:07.689
2576,2026-08-09 15:15:07.709
2577,2026-08-09 15:15:07.729
2578,2026-08-09 15:15:07.749
2579,2026-08-09 15:15:07.769
2580,2026-08-09 15:15:07.901
2581,2026-08-09 15:15:07.929
2582,2026-08-09 15:15:07.949
2583,2026-08-09 15:15:07.969
2584,2026-08-09 15:15:07.989
2585,2026-08-09 15:15:08.009
2586,2026-08-09 15:15:08.029
2587,2026-08-09 15:15:08.049
2588,2026-08-09 15:15:08.069
2589,2026-08-09 15:15:08.119
2590,2026-08-09 15:15:08.149
2591,2026-08-09 15:15:08.169
2592,2026-08-09 15:15:08.189
2593,2026-08-09 15:15:08.209
2594,2026-08-09 15:15:08.229
2595,2026-08-09 15:15:08.249
2596,2026-08-09 15:15:08.269
2597,2026-08-09 15:15:08.289
2598,2026-08-09 15:15:08.339
2599,2026-08-09 15:15:08.369
2600,2026-08-09 15:15:08.389
2601,2026-08-09 15:15:08.409
2602,2026-08-09 15:15:08.429
2603,2026-08-09 15:15:08.449
2604,2026-08-09 15:15:08.469
2605,2026-08-09 15:15:08.489
2606,2026-08-09 15:15:08.509
2607,2026-08-09 15:15:08.559
2608,2026-08-09 15:15:08.589
2609,2026-08-09 15:15:08.609
2610,2026-08-09 15:15:08.629
2611,2026-08-09 15:15:08.649
2612,2026-08-09 15:15:08.669
2613,2026-08-09 15:15:08.689
2614,2026-08-09 15:15:08.709
2615,2026-08-09 15:15:08.729
2616,2026-08-09 15:15:08.779
2617,2026-08-09 15:15:08.809
2618,2026-08-09 15:15:08.829
2619,2026-08-09 15:15:08.849
2620,2026-08-09 15:15:08.869
2621,2026-08-09 15:15:08.889
2622,2026-08-09 15:15:08.909
2623,2026-08-09 15:15:08.929
2624,2026-08-09 15:15:08.949
2625,2026-08-09 15:15:09.082
2626,2026-08-09 15:15:09.109
2627,2026-08-09 15:15:09.129
2628,2026-08-09 15:15:09.149
2629,2026-08-09 15:15:09.169
2630,2026-08-09 15:15:09.189
2631,2026-08-09 15:15:09.209
2632,2026-08-09 15:15:09.229
2633,2026-08-09 15:15:09.239
2634,2026-08-09 15:15:28.088
2635,2026-08-09 15:15:28.107
2636,2026-08-09 15:15:28.127
2637,2026-08-09 15:15:28.167
2638,2026-08-09 15:15:28.187
2639,2026-08-09 15:15:28.227
2640,2026-08-09 15:15:28.247
2641,2026-08-09 15:15:28.370
2642,2026-08-09 15:15:28.407
2643,2026-08-09 15:15:28.484
2644,2026-08-09 15:15:28.507
2645,2026-08-09 15:15:28.527
2646,2026-08-09 15:15:28.547
2647,2026-08-09 15:15:28.567
2648,2026-08-09 15:15:28.627
2649,2026-08-09 15:15:28.687
2650,2026-08-09 15:15:28.707
2651,2026-08-09 15:15:28.727
2652,2026-08-09 15:15:28.886
2653,2026-08-09 15:15:28.907
2654,2026-08-09 15:15:28.927
2655,2026-08-09 15:15:28.967
2656,2026-08-09 15:15:29.027
2657,2026-08-09 15:15:29.087
2658,2026-08-09 15:15:29.107
2659,2026-08-09 15:15:29.187
2660,2026-08-09 15:15:29.412
2661,2026-08-09 15:15:31.572
2662,2026-08-09 15:15:31.589
2663,2026-08-09 15:15:35.512
2664,2026-08-09 15:15:37.570
2665,2026-08-09 15:15:53.338
2666,2026-08-09 15:16:15.914
2667,2026-08-09 15:16:19.131
2668,2026-08-09 15:16:34.775
2669,2026-08-09 15:16:35.015
2670,2026-08-09 15:16:37.810
2671,2026-08-09 15:18:16.344
2672,2026-08-09 15:18:25.487
2673,2026-08-09 15:18:27.343
2674,2026-08-09 15:18:28.316
2675,2026-08-09 15:18:39.142
2676,2026-08-09 15:18:44.532
2677,2026-08-09 15:18:44.550
2678,2026-08-09 15:19:00.354
2679,2026-08-09 15:19:00.452
2680,2026-08-09 15:19:00.554
2681,2026-08-09 15:19:00.592
2682,2026-08-09 15:19:00.632
2683,2026-08-09 15:19:00.774
2684,2026-08-09 15:19:00.792
2685,2026-08-09 15:19:00.812
2686,2026-08-09 15:19:00.954
2687,2026-08-09 15:19:01.009
2688,2026-08-09 15:19:01.052
2689,2026-08-09 15:19:01.174
2690,2026-08-09 15:19:01.212
2691,2026-08-09 15:19:01.272
2692,2026-08-09 15:19:01.332
2693,2026-08-09 15:19:01.352
2694,2026-08-09 15:19:01.412
2695,2026-08-09 15:19:01.452
2696,2026-08-09 15:19:01.671
2697,2026-08-09 15:19:01.774
2698,2026-08-09 15:19:01.832
2699,2026-08-09 15:19:24.292
2700,2026-08-09 15:19:24.370
2701,2026-08-09 15:19:24.390
2702,2026-08-09 15:19:24.410
2703,2026-08-09 15:19:24.532
2704,2026-08-09 15:19:24.570
2705,2026-08-09 15:19:24.630
2706,2026-08-09 15:19:24.650
2707,2026-08-09 15:19:24.772
2708,2026-08-09 15:19:24.929
2709,2026-08-09 15:19:25.092
2710,2026-08-09 15:19:25.110
2711,2026-08-09 15:19:25.170
2712,2026-08-09 15:19:25.230
2713,2026-08-09 15:19:25.250
2714,2026-08-09 15:19:25.372
2715,2026-08-09 15:19:25.430
2716,2026-08-09 15:19:25.510
2717,2026-08-09 15:19:25.587
2718,2026-08-09 15:19:25.610
2719,2026-08-09 15:19:25.650
2720,2026-08-09 15:19:25.670
2721,2026-08-09 15:19:25.750
2722,2026-08-09 15:19:25.810
2723,2026-08-09 15:19:25.850
2724,2026-08-09 15:19:26.072
2725,2026-08-09 15:19:26.090
2726,2026-08-09 15:19:26.166
2727,2026-08-09 15:19:26.190
2728,2026-08-09 15:19:26.370
2729,2026-08-09 15:19:26.390
2730,2026-08-09 15:19:26.428
2731,2026-08-09 15:19:26.450
2732,2026-08-09 15:19:26.470
2733,2026-08-09 15:19:26.490
2734,2026-08-09 15:19:26.510
2735,2026-08-09 15:19:26.567
2736,2026-08-09 15:19:26.590
2737,2026-08-09 15:19:26.610
2738,2026-08-09 15:19:26.630
2739,2026-08-09 15:19:26.650
2740,2026-08-09 15:19:26.670
2741,2026-08-09 15:19:26.690
2742,2026-08-09 15:19:26.710
2743,2026-08-09 15:19:26.730
2744,2026-08-09 15:19:26.786
2745,2026-08-09 15:19:26.810
2746,2026-08-09 15:19:26.830
2747,2026-08-09 15:19:26.850
2748,2026-08-09 15:19:26.870
2749,2026-08-09 15:19:26.890
2750,2026-08-09 15:19:26.910
2751,2026-08-09 15:19:26.930
2752,2026-08-09 15:19:26.950
2753,2026-08-09 15:19:27.006
2754,2026-08-09 15:19:27.030
2755,2026-08-09 15:19:27.050
2756,2026-08-09 15:19:27.070
2757,2026-08-09 15:19:27.090
2758,2026-08-09 15:19:27.110
2759,2026-08-09 15:19:27.130
2760,2026-08-09 15:19:27.150
2761,2026-08-09 15:19:27.170
2762,2026-08-09 15:19:27.227
2763,2026-08-09 15:19:27.250
2764,2026-08-09 15:19:27.270
2765,2026-08-09 15:19:27.290
2766,2026-08-09 15:19:27.310
2767,2026-08-09 15:19:27.330
2768,2026-08-09 15:19:27.350
2769,2026-08-09 15:19:27.370
2770,2026-08-09 15:19:27.390
2771,2026-08-09 15:19:27.529
2772,2026-08-09 15:19:27.550
2773,2026-08-09 15:19:27.570
2774,2026-08-09 15:19:27.590
2775,2026-08-09 15:19:27.610
2776,2026-08-09 15:19:27.630
2777,2026-08-09 15:19:27.650
2778,2026-08-09 15:19:27.670
2779,2026-08-09 15:19:27.690
2780,2026-08-09 15:19:27.746
2781,2026-08-09 15:19:29.924
2782,2026-08-09 15:19:42.856
2783,2026-08-09 15:20:03.182
2784,2026-08-09 15:20:07.982
2785,2026-08-09 15:20:10.859
2786,2026-08-09 15:20:45.354
2787,2026-08-09 15:20:56.003
2788,2026-08-09 15:20:56.896
2789,2026-08-09 15:21:06.155
2790,2026-08-09 15:21:06.173
2791,2026-08-09 15:21:09.726
2792,2026-08-09 15:21:11.979
2793,2026-08-09 15:21:11.997
2794,2026-08-09 15:21:12.017
2795,2026-08-09 15:21:12.037
2796,2026-08-09 15:21:12.057
2797,2026-08-09 15:21:12.077
2798,2026-08-09 15:21:12.097
2799,2026-08-09 15:21:12.117
2800,2026-08-09 15:21:12.137
2801,2026-08-09 15:21:15.307
2802,2026-08-09 15:21:17.495
2803,2026-08-09 15:21:25.263
2804,2026-08-09 15:21:25.361
2805,2026-08-09 15:21:25.381
2806,2026-08-09 15:21:25.401
2807,2026-08-09 15:21:25.441
2808,2026-08-09 15:21:25.461
2809,2026-08-09 15:21:27.434
2810,2026-08-09 15:21:27.613
2811,2026-08-09 15:21:27.631
2812,2026-08-09 15:21:27.651
2813,2026-08-09 15:21:27.671
2814,2026-08-09 15:21:39.168
2815,2026-08-09 15:21:40.598
2816,2026-08-09 15:21:49.120
2817,2026-08-09 15:21:49.155
2818,2026-08-09 15:21:49.175
2819,2026-08-09 15:21:49.255
2820,2026-08-09 15:21:49.275
2821,2026-08-09 15:21:49.335
2822,2026-08-09 15:21:49.375
2823,2026-08-09 15:21:49.416
2824,2026-08-09 15:21:49.435
2825,2026-08-09 15:21:49.512
2826,2026-08-09 15:21:49.555
2827,2026-08-09 15:21:49.595
2828,2026-08-09 15:21:49.615
2829,2026-08-09 15:21:49.675
2830,2026-08-09 15:21:49.695
2831,2026-08-09 15:21:49.715
2832,2026-08-09 15:21:49.735
2833,2026-08-09 15:21:49.755
2834,2026-08-09 15:21:49.832
2835,2026-08-09 15:21:49.855
2836,2026-08-09 15:21:49.875
2837,2026-08-09 15:21:49.915
2838,2026-08-09 15:21:50.038
2839,2026-08-09 15:21:50.095
2840,2026-08-09 15:21:50.135
2841,2026-08-09 15:21:50.215
2842,2026-08-09 15:21:50.235
2843,2026-08-09 15:21:50.292
2844,2026-08-09 15:21:50.315
2845,2026-08-09 15:21:50.375
2846,2026-08-09 15:21:50.395
2847,2026-08-09 15:21:50.415
2848,2026-08-09 15:21:50.455
2849,2026-08-09 15:21:50.495
2850,2026-08-09 15:21:50.535
2851,2026-08-09 15:21:50.555
2852,2026-08-09 15:21:50.652
2853,2026-08-09 15:21:50.715
2854,2026-08-09 15:21:50.735
2855,2026-08-09 15:21:50.755
2856,2026-08-09 15:21:50.835
2857,2026-08-09 15:21:50.875
2858,2026-08-09 15:21:50.895
2859,2026-08-09 15:21:50.915
2860,2026-08-09 15:21:50.955
2861,2026-08-09 15:21:51.155
2862,2026-08-09 15:21:51.175
2863,2026-08-09 15:21:51.195
2864,2026-08-09 15:21:51.235
2865,2026-08-09 15:21:51.275
2866,2026-08-09 15:21:51.295
2867,2026-08-09 15:21:51.315
2868,2026-08-09 15:21:51.335
2869,2026-08-09 15:21:51.395
2870,2026-08-09 15:21:51.492
2871,2026-08-09 15:21:51.515
2872,2026-08-09 15:21:51.575
2873,2026-08-09 15:21:51.635
2874,2026-08-09 15:21:51.655
2875,2026-08-09 15:21:51.675
2876,2026-08-09 15:21:51.695
2877,2026-08-09 15:21:51.735
2878,2026-08-09 15:21:51.756
2879,2026-08-09 15:21:51.852
2880,2026-08-09 15:21:51.895
2881,2026-08-09 15:21:51.915
2882,2026-08-09 15:21:51.935
2883,2026-08-09 15:21:51.955
2884,2026-08-09 15:21:51.975
2885,2026-08-09 15:21:51.995
2886,2026-08-09 15:21:52.015
2887,2026-08-09 15:21:52.035
2888,2026-08-09 15:21:52.092
2889,2026-08-09 15:21:52.115
2890,2026-08-09 15:21:52.135
2891,2026-08-09 15:21:52.155
2892,2026-08-09 15:21:52.195
2893,2026-08-09 15:21:52.275
2894,2026-08-09 15:21:52.295
2895,2026-08-09 15:21:52.335
2896,2026-08-09 15:21:52.375
2897,2026-08-09 15:21:52.514
2898,2026-08-09 15:21:52.535
2899,2026-08-09 15:21:52.615
2900,2026-08-09 15:21:52.635
2901,2026-08-09 15:21:52.655
2902,2026-08-09 15:21:52.676
2903,2026-08-09 15:21:52.735
2904,2026-08-09 15:21:52.755
2905,2026-08-09 15:21:52.835
2906,2026-08-09 15:21:52.912
2907,2026-08-09 15:21:52.935
2908,2026-08-09 15:21:52.955
2909,2026-08-09 15:21:53.015
2910,2026-08-09 15:21:53.035
2911,2026-08-09 15:21:55.000
2912,2026-08-09 15:21:55.017
2913,2026-08-09 15:22:12.744
2914,2026-08-09 15:22:12.760
2915,2026-08-09 15:22:12.780
2916,2026-08-09 15:22:12.800
2917,2026-08-09 15:22:12.820
2918,2026-08-09 15:22:12.860
2919,2026-08-09 15:22:12.960
2920,2026-08-09 15:22:12.979
2921,2026-08-09 15:22:13.000
2922,2026-08-09 15:22:13.096
2923,2026-08-09 15:22:13.120
2924,2026-08-09 15:22:13.140
2925,2026-08-09 15:22:13.180
2926,2026-08-09 15:22:13.200
2927,2026-08-09 15:22:13.260
2928,2026-08-09 15:22:13.320
2929,2026-08-09 15:22:13.340
2930,2026-08-09 15:22:13.360
2931,2026-08-09 15:22:50.177
2932,2026-08-09 15:22:50.194
2933,2026-08-09 15:22:50.214
2934,2026-08-09 15:22:50.235
2935,2026-08-09 15:22:50.254
2936,2026-08-09 15:22:54.164
2937,2026-08-09 15:23:14.843
2938,2026-08-09 15:23:23.785
2939,2026-08-09 15:23:36.788
2940,2026-08-09 15:23:37.699
2941,2026-08-09 15:23:37.719
2942,2026-08-09 15:23:37.739
2943,2026-08-09 15:23:37.759
2944,2026-08-09 15:23:48.136
2945,2026-08-09 15:24:04.032
2946,2026-08-09 15:24:07.323
2947,2026-08-09 15:24:08.218
2948,2026-08-09 15:24:08.236
2949,2026-08-09 15:24:08.256
2950,2026-08-09 15:24:08.276
2951,2026-08-09 15:24:23.728
2952,2026-08-09 15:24:23.761
2953,2026-08-09 15:24:23.781
2954,2026-08-09 15:24:23.801
2955,2026-08-09 15:24:23.821
2956,2026-08-09 15:24:25.553
2957,2026-08-09 15:24:38.466
2958,2026-08-09 15:24:41.044
2959,2026-08-09 15:24:57.741
2960,2026-08-09 15:24:57.764
2961,2026-08-09 15:24:57.784
2962,2026-08-09 15:24:57.804
2963,2026-08-09 15:24:57.824
2964,2026-08-09 15:24:57.844
2965,2026-08-09 15:24:57.864
2966,2026-08-09 15:24:57.884
2967,2026-08-09 15:24:57.904
2968,2026-08-09 15:24:57.954
2969,2026-08-09 15:24:57.984
2970,2026-08-09 15:24:58.004
2971,2026-08-09 15:24:58.024
2972,2026-08-09 15:24:58.044
2973,2026-08-09 15:24:58.064
2974,2026-08-09 15:24:58.084
2975,2026-08-09 15:24:58.104
2976,2026-08-09 15:24:58.124
2977,2026-08-09 15:24:58.174
2978,2026-08-09 15:24:58.204
2979,2026-08-09 15:24:58.224
2980,2026-08-09 15:24:58.244
2981,2026-08-09 15:24:58.264
2982,2026-08-09 15:24:58.284
2983,2026-08-09 15:24:58.304
2984,2026-08-09 15:24:58.324
2985,2026-08-09 15:24:58.344
2986,2026-08-09 15:24:58.490
2987,2026-08-09 15:25:20.109
2988,2026-08-09 15:25:20.129
2989,2026-08-09 15:25:20.149
2990,2026-08-09 15:25:20.169
2991,2026-08-09 15:25:25.387
2992,2026-08-09 15:26:41.316
2993,2026-08-09 15:26:44.544
2994,2026-08-09 15:26:44.562
2995,2026-08-09 15:26:44.582
2996,2026-08-09 15:26:45.463
2997,2026-08-09 15:26:46.558
2998,2026-08-09 15:26:46.575
2999,2026-08-09 15:27:01.304
3000,2026-08-09 15:27:01.324
3001,2026-08-09 15:27:01.344
3002,2026-08-09 15:27:01.364
3003,2026-08-09 15:27:01.384
3004,2026-08-09 15:27:01.404
3005,2026-08-09 15:27:01.424
3006,2026-08-09 15:27:01.444
3007,2026-08-09 15:27:01.464
3008,2026-08-09 15:27:01.521
3009,2026-08-09 15:27:01.544
3010,2026-08-09 15:27:01.564
3011,2026-08-09 15:27:01.584
3012,2026-08-09 15:27:01.604
3013,2026-08-09 15:27:01.624
3014,2026-08-09 15:27:01.644
3015,2026-08-09 15:27:01.664
3016,2026-08-09 15:27:01.684
3017,2026-08-09 15:27:01.823
3018,2026-08-09 15:27:01.844
3019,2026-08-09 15:27:01.864
3020,2026-08-09 15:27:01.884
3021,2026-08-09 15:27:01.904
3022,2026-08-09 15:27:01.924
3023,2026-08-09 15:27:01.944
3024,2026-08-09 15:27:01.984
3025,2026-08-09 15:27:02.004
3026,2026-08-09 15:27:02.143
3027,2026-08-09 15:27:02.164
3028,2026-08-09 15:27:02.184
3029,2026-08-09 15:27:02.204
3030,2026-08-09 15:27:02.224
3031,2026-08-09 15:27:02.261
3032,2026-08-09 15:27:26.584
3033,2026-08-09 15:27:26.662
3034,2026-08-09 15:27:26.682
3035,2026-08-09 15:27:26.722
3036,2026-08-09 15:27:26.742
3037,2026-08-09 15:27:26.782
3038,2026-08-09 15:27:26.802
3039,2026-08-09 15:27:26.822
3040,2026-08-09 15:27:26.842
3041,2026-08-09 15:27:26.981
3042,2026-08-09 15:27:27.002
3043,2026-08-09 15:27:27.022
3044,2026-08-09 15:27:27.122
3045,2026-08-09 15:27:27.162
3046,2026-08-09 15:27:27.182
3047,2026-08-09 15:27:27.222
3048,2026-08-09 15:27:27.279
3049,2026-08-09 15:27:29.414
3050,2026-08-09 15:27:34.590
3051,2026-08-09 15:27:49.024
3052,2026-08-09 15:28:05.952
3053,2026-08-09 15:28:05.971
3054,2026-08-09 15:28:06.011
3055,2026-08-09 15:28:06.031
3056,2026-08-09 15:28:06.051
3057,2026-08-09 15:28:06.071
3058,2026-08-09 15:28:06.091
3059,2026-08-09 15:28:06.111
3060,2026-08-09 15:28:06.131
3061,2026-08-09 15:28:06.208
3062,2026-08-09 15:28:06.231
3063,2026-08-09 15:28:06.271
3064,2026-08-09 15:28:06.291
3065,2026-08-09 15:28:06.331
3066,2026-08-09 15:28:06.351
3067,2026-08-09 15:28:06.371
3068,2026-08-09 15:28:06.431
3069,2026-08-09 15:28:06.511
3070,2026-08-09 15:28:06.690
3071,2026-08-09 15:28:06.731
3072,2026-08-09 15:28:06.751
3073,2026-08-09 15:28:06.771
3074,2026-08-09 15:28:06.791
3075,2026-08-09 15:28:06.831
3076,2026-08-09 15:28:06.973
3077,2026-08-09 15:28:07.051
3078,2026-08-09 15:28:07.091
3079,2026-08-09 15:28:07.250
3080,2026-08-09 15:28:07.291
3081,2026-08-09 15:28:07.311
3082,2026-08-09 15:28:07.391
3083,2026-08-09 15:28:07.431
3084,2026-08-09 15:28:07.511
3085,2026-08-09 15:28:07.531
3086,2026-08-09 15:28:07.551
3087,2026-08-09 15:28:07.571
3088,2026-08-09 15:28:07.870
3089,2026-08-09 15:28:07.891
3090,2026-08-09 15:28:07.931
3091,2026-08-09 15:28:07.991
3092,2026-08-09 15:28:08.011
3093,2026-08-09 15:28:08.071
3094,2026-08-09 15:28:08.131
3095,2026-08-09 15:28:08.151
3096,2026-08-09 15:28:08.191
3097,2026-08-09 15:28:08.268
3098,2026-08-09 15:28:08.291
3099,2026-08-09 15:28:08.311
3100,2026-08-09 15:28:08.331
3101,2026-08-09 15:28:08.371
3102,2026-08-09 15:28:08.391
3103,2026-08-09 15:28:08.451
3104,2026-08-09 15:28:08.471
3105,2026-08-09 15:28:08.491
3106,2026-08-09 15:28:08.630
3107,2026-08-09 15:28:08.671
3108,2026-08-09 15:28:08.731
3109,2026-08-09 15:28:08.751
3110,2026-08-09 15:28:08.811
3111,2026-08-09 15:28:08.851
3112,2026-08-09 15:28:08.952
3113,2026-08-09 15:28:09.051
3114,2026-08-09 15:28:09.152
3115,2026-08-09 15:28:09.330
3116,2026-08-09 15:28:09.371
3117,2026-08-09 15:28:09.411
3118,2026-08-09 15:28:09.431
3119,2026-08-09 15:28:09.451
3120,2026-08-09 15:28:09.471
3121,2026-08-09 15:28:09.571
3122,2026-08-09 15:28:09.591
3123,2026-08-09 15:28:09.611
3124,2026-08-09 15:28:09.708
3125,2026-08-09 15:28:09.731
3126,2026-08-09 15:28:09.832
3127,2026-08-09 15:28:10.013
3128,2026-08-09 15:28:10.071
3129,2026-08-09 15:28:10.091
3130,2026-08-09 15:28:10.313
3131,2026-08-09 15:28:10.351
3132,2026-08-09 15:28:10.451
3133,2026-08-09 15:28:10.528
3134,2026-08-09 15:28:10.551
3135,2026-08-09 15:28:10.571
3136,2026-08-09 15:28:10.651
3137,2026-08-09 15:28:10.671
3138,2026-08-09 15:28:10.691
3139,2026-08-09 15:28:10.711
3140,2026-08-09 15:28:10.731
3141,2026-08-09 15:28:11.333
3142,2026-08-09 15:28:14.067
3143,2026-08-09 15:28:27.640
3144,2026-08-09 15:28:38.261
3145,2026-08-09 15:28:49.023
3146,2026-08-09 15:28:49.061
3147,2026-08-09 15:28:49.081
3148,2026-08-09 15:28:49.101
3149,2026-08-09 15:28:49.121
3150,2026-08-09 15:28:49.141
3151,2026-08-09 15:28:49.161
3152,2026-08-09 15:28:49.181
3153,2026-08-09 15:28:49.221
3154,2026-08-09 15:28:59.441
3155,2026-08-09 15:29:21.552
3156,2026-08-09 15:29:22.071
3157,2026-08-09 15:29:22.089
3158,2026-08-09 15:29:22.109
3159,2026-08-09 15:29:22.129
3160,2026-08-09 15:29:22.149
3161,2026-08-09 15:29:22.169
3162,2026-08-09 15:29:24.925
3163,2026-08-09 15:29:34.982
3164,2026-08-09 15:29:35.162
3165,2026-08-09 15:29:35.180
3166,2026-08-09 15:29:35.200
3167,2026-08-09 15:29:39.981
3168,2026-08-09 15:29:43.518
3169,2026-08-09 15:29:45.970
3170,2026-08-09 15:29:49.042
3171,2026-08-09 15:29:52.341
3172,2026-08-09 15:29:52.581
3173,2026-08-09 15:30:02.648
3174,2026-08-09 15:30:02.667
3175,2026-08-09 15:30:02.687
3176,2026-08-09 15:30:02.707
3177,2026-08-09 15:30:02.727
3178,2026-08-09 15:30:02.747
3179,2026-08-09 15:30:02.767
3180,2026-08-09 15:30:02.787
3181,2026-08-09 15:30:02.807
3182,2026-08-09 15:30:02.857
3183,2026-08-09 15:30:02.887
3184,2026-08-09 15:30:02.907
3185,2026-08-09 15:30:02.927
3186,2026-08-09 15:30:02.947
3187,2026-08-09 15:30:02.967
3188,2026-08-09 15:30:02.987
3189,2026-08-09 15:30:03.007
3190,2026-08-09 15:30:03.027
3191,2026-08-09 15:30:03.159
3192,2026-08-09 15:30:03.187
3193,2026-08-09 15:30:03.207
3194,2026-08-09 15:30:03.227
3195,2026-08-09 15:30:03.247
3196,2026-08-09 15:30:03.267
3197,2026-08-09 15:30:03.287
3198,2026-08-09 15:30:03.307
3199,2026-08-09 15:30:03.327
3200,2026-08-09 15:30:03.459
3201,2026-08-09 15:30:03.487
3202,2026-08-09 15:30:03.507
3203,2026-08-09 15:30:03.527
3204,2026-08-09 15:30:03.547
3205,2026-08-09 15:30:03.567
3206,2026-08-09 15:30:03.587
3207,2026-08-09 15:30:03.607
3208,2026-08-09 15:30:03.627
3209,2026-08-09 15:30:03.677
3210,2026-08-09 15:30:03.707
3211,2026-08-09 15:30:03.727
3212,2026-08-09 15:30:03.747
3213,2026-08-09 15:30:03.767
3214,2026-08-09 15:30:03.787
3215,2026-08-09 15:30:03.807
3216,2026-08-09 15:30:03.827
3217,2026-08-09 15:30:03.847
3218,2026-08-09 15:30:03.979
3219,2026-08-09 15:30:04.007
3220,2026-08-09 15:30:04.027
3221,2026-08-09 15:30:04.047
3222,2026-08-09 15:30:04.067
3223,2026-08-09 15:30:04.087
3224,2026-08-09 15:30:04.107
3225,2026-08-09 15:30:04.127
3226,2026-08-09 15:30:04.147
3227,2026-08-09 15:30:04.197
3228,2026-08-09 15:30:04.227
3229,2026-08-09 15:30:04.247
3230,2026-08-09 15:30:04.267
3231,2026-08-09 15:30:04.287
3232,2026-08-09 15:30:04.307
3233,2026-08-09 15:30:04.327
3234,2026-08-09 15:30:04.347
3235,2026-08-09 15:30:04.367
3236,2026-08-09 15:30:04.417
3237,2026-08-09 15:30:04.447
3238,2026-08-09 15:30:04.467
3239,2026-08-09 15:30:04.487
3240,2026-08-09 15:30:04.507
3241,2026-08-09 15:30:04.527
3242,2026-08-09 15:30:04.547
3243,2026-08-09 15:30:04.567
3244,2026-08-09 15:30:04.587
3245,2026-08-09 15:30:04.637
3246,2026-08-09 15:30:04.667
3247,2026-08-09 15:30:04.687
3248,2026-08-09 15:30:04.707
3249,2026-08-09 15:30:04.727
3250,2026-08-09 15:30:04.747
3251,2026-08-09 15:30:04.767
3252,2026-08-09 15:30:04.787
3253,2026-08-09 15:30:04.807
3254,2026-08-09 15:30:04.939
3255,2026-08-09 15:30:04.967
3256,2026-08-09 15:30:04.987
3257,2026-08-09 15:30:05.007
3258,2026-08-09 15:30:05.027
3259,2026-08-09 15:30:05.047
3260,2026-08-09 15:30:05.067
3261,2026-08-09 15:30:05.087
3262,2026-08-09 15:30:05.107
3263,2026-08-09 15:30:05.239
3264,2026-08-09 15:30:05.267
3265,2026-08-09 15:30:05.287
3266,2026-08-09 15:30:05.307
3267,2026-08-09 15:30:05.327
3268,2026-08-09 15:30:05.347
3269,2026-08-09 15:30:05.367
3270,2026-08-09 15:30:05.387
3271,2026-08-09 15:30:05.407
3272,2026-08-09 15:30:05.539
3273,2026-08-09 15:30:05.567
3274,2026-08-09 15:30:05.587
3275,2026-08-09 15:30:05.607
3276,2026-08-09 15:30:05.627
3277,2026-08-09 15:30:05.647
3278,2026-08-09 15:30:05.667
3279,2026-08-09 15:30:05.687
3280,2026-08-09 15:30:05.707
3281,2026-08-09 15:30:29.059
3282,2026-08-09 15:30:29.077
3283,2026-08-09 15:30:30.652
3284,2026-08-09 15:30:31.233
3285,2026-08-09 15:30:31.411
3286,2026-08-09 15:30:31.431
3287,2026-08-09 15:30:47.182
3288,2026-08-09 15:31:10.560
3289,2026-08-09 15:31:23.154
3290,2026-08-09 15:31:33.634
3291,2026-08-09 15:31:59.662
3292,2026-08-09 15:31:59.679
3293,2026-08-09 15:31:59.720
3294,2026-08-09 15:31:59.740
3295,2026-08-09 15:31:59.760
3296,2026-08-09 15:31:59.820
3297,2026-08-09 15:31:59.860
3298,2026-08-09 15:31:59.880
3299,2026-08-09 15:31:59.900
3300,2026-08-09 15:32:18.376
3301,2026-08-09 15:32:18.399
3302,2026-08-09 15:32:18.420
3303,2026-08-09 15:32:41.854
3304,2026-08-09 15:32:41.872
3305,2026-08-09 15:32:41.912
3306,2026-08-09 15:32:43.929
3307,2026-08-09 15:32:49.105
3308,2026-08-09 15:32:50.020
3309,2026-08-09 15:32:50.037
3310,2026-08-09 15:32:50.057
3311,2026-08-09 15:32:50.097
3312,2026-08-09 15:33:01.464
3313,2026-08-09 15:33:01.497
3314,2026-08-09 15:33:01.557
3315,2026-08-09 15:33:01.577
3316,2026-08-09 15:33:01.597
3317,2026-08-09 15:33:01.617
3318,2026-08-09 15:33:01.638
3319,2026-08-09 15:33:01.658
3320,2026-08-09 15:33:01.678
3321,2026-08-09 15:33:01.734
3322,2026-08-09 15:33:01.757
3323,2026-08-09 15:33:01.777
3324,2026-08-09 15:33:01.797
3325,2026-08-09 15:33:01.817
3326,2026-08-09 15:33:01.857
3327,2026-08-09 15:33:01.877
3328,2026-08-09 15:33:01.897
3329,2026-08-09 15:33:01.917
3330,2026-08-09 15:33:02.077
3331,2026-08-09 15:33:02.098
3332,2026-08-09 15:33:02.117
3333,2026-08-09 15:33:02.137
3334,2026-08-09 15:33:02.157
3335,2026-08-09 15:33:02.177
3336,2026-08-09 15:33:02.217
3337,2026-08-09 15:33:02.277
3338,2026-08-09 15:33:02.298
3339,2026-08-09 15:33:02.437
3340,2026-08-09 15:33:02.458
3341,2026-08-09 15:33:02.497
3342,2026-08-09 15:35:02.097
3343,2026-08-09 15:35:02.115
3344,2026-08-09 15:35:02.135
3345,2026-08-09 15:35:02.155
3346,2026-08-09 15:35:02.175
3347,2026-08-09 15:35:02.195
3348,2026-08-09 15:36:51.155
3349,2026-08-09 15:36:51.173
3350,2026-08-09 15:36:51.192
3351,2026-08-09 15:36:51.213
3352,2026-08-09 15:36:51.233
3353,2026-08-09 15:36:51.252
3354,2026-08-09 15:36:51.273
3355,2026-08-09 15:36:51.293
3356,2026-08-09 15:36:51.313
3357,2026-08-09 15:36:51.445
3358,2026-08-09 15:36:51.472
3359,2026-08-09 15:36:51.493
3360,2026-08-09 15:36:51.512
3361,2026-08-09 15:36:51.532
3362,2026-08-09 15:36:51.552
3363,2026-08-09 15:36:51.573
3364,2026-08-09 15:36:51.592
3365,2026-08-09 15:37:36.295
3366,2026-08-09 15:37:36.313
3367,2026-08-09 15:37:36.333
3368,2026-08-09 15:37:36.353
3369,2026-08-09 15:37:58.446
3370,2026-08-09 15:37:58.446
3371,2026-08-09 15:37:58.463
3372,2026-08-09 15:38:22.904
3373,2026-08-09 15:38:22.921
3374,2026-08-09 15:38:22.941
3375,2026-08-09 15:38:22.961
3376,2026-08-09 15:38:41.438
3377,2026-08-09 15:38:41.463
3378,2026-08-09 15:38:41.483
3379,2026-08-09 15:38:41.503
3380,2026-08-09 15:38:41.523
3381,2026-08-09 15:38:41.543
3382,2026-08-09 15:38:41.563
3383,2026-08-09 15:38:41.583
3384,2026-08-09 15:38:41.603
3385,2026-08-09 15:38:41.653
3386,2026-08-09 15:38:41.683
3387,2026-08-09 15:38:41.703
3388,2026-08-09 15:38:41.723
3389,2026-08-09 15:38:41.743
3390,2026-08-09 15:38:41.763
3391,2026-08-09 15:38:41.783
3392,2026-08-09 15:38:41.803
3393,2026-08-09 15:38:41.823
3394,2026-08-09 15:38:41.953
3395,2026-08-09 15:38:41.983
3396,2026-08-09 15:38:42.003
3397,2026-08-09 15:38:42.023
3398,2026-08-09 15:38:42.043
3399,2026-08-09 15:40:27.338
3400,2026-08-09 15:40:38.696
3401,2026-08-09 15:40:38.713
3402,2026-08-09 15:40:38.733
3403,2026-08-09 15:40:38.754
3404,2026-08-09 15:41:00.256
3405,2026-08-09 15:41:00.291
3406,2026-08-09 15:41:00.311
3407,2026-08-09 15:45:30.662
3408,2026-08-09 15:45:52.093
3409,2026-08-09 15:45:52.110
3410,2026-08-09 15:45:52.130
3411,2026-08-09 15:46:13.544
3412,2026-08-09 15:46:13.579
3413,2026-08-09 15:46:13.599
3414,2026-08-09 15:46:13.619
3415,2026-08-09 15:46:13.639
3416,2026-08-09 15:46:13.659
3417,2026-08-09 15:46:57.781
3418,2026-08-09 15:46:57.799
3419,2026-08-09 15:47:43.237
3420,2026-08-09 15:47:43.254
3421,2026-08-09 15:47:43.274
3422,2026-08-09 15:47:43.294
3423,2026-08-09 15:47:43.314
3424,2026-08-09 15:47:43.334
3425,2026-08-09 15:47:43.354
3426,2026-08-09 15:47:43.374
3427,2026-08-09 15:47:43.394
3428,2026-08-09 15:47:43.444
3429,2026-08-09 15:47:43.474
3430,2026-08-09 15:47:43.494
3431,2026-08-09 15:47:43.514
3432,2026-08-09 15:47:43.534
3433,2026-08-09 15:47:43.554
3434,2026-08-09 15:47:43.574
3435,2026-08-09 15:47:43.594
3436,2026-08-09 15:47:43.614
3437,2026-08-09 15:47:43.747
3438,2026-08-09 15:47:43.774
3439,2026-08-09 15:47:43.794
3440,2026-08-09 15:47:43.814
3441,2026-08-09 15:47:43.834
3442,2026-08-09 15:47:43.854
3443,2026-08-09 15:47:43.874
3444,2026-08-09 15:47:43.894
3445,2026-08-09 15:47:43.914
3446,2026-08-09 15:47:44.047
3447,2026-08-09 15:47:44.074
3448,2026-08-09 15:47:44.094
3449,2026-08-09 15:47:44.115
3450,2026-08-09 15:47:44.134
3451,2026-08-09 15:47:44.154
3452,2026-08-09 15:47:44.174
3453,2026-08-09 15:47:44.194
3454,2026-08-09 15:47:44.214
3455,2026-08-09 15:47:44.347
3456,2026-08-09 15:47:44.375
3457,2026-08-09 15:47:44.394
3458,2026-08-09 15:47:44.414
3459,2026-08-09 15:47:44.434
3460,2026-08-09 15:47:44.454
3461,2026-08-09 15:47:44.474
3462,2026-08-09 15:47:44.494
3463,2026-08-09 15:47:44.514
3464,2026-08-09 15:47:44.644
3465,2026-08-09 15:47:44.674
3466,2026-08-09 15:47:44.694
3467,2026-08-09 15:47:44.714
3468,2026-08-09 15:47:44.734
3469,2026-08-09 15:47:44.754
3470,2026-08-09 15:47:44.774
3471,2026-08-09 15:47:44.795
3472,2026-08-09 15:47:44.834
3473,2026-08-09 15:48:05.134
3474,2026-08-09 15:48:05.152
3475,2026-08-09 15:48:05.172
3476,2026-08-09 15:48:05.192
3477,2026-08-09 15:48:05.212
3478,2026-08-09 15:48:05.232
3479,2026-08-09 15:48:05.252
3480,2026-08-09 15:48:05.272
3481,2026-08-09 15:48:05.292
3482,2026-08-09 15:48:05.424
3483,2026-08-09 15:48:05.452
3484,2026-08-09 15:48:05.472
3485,2026-08-09 15:48:05.492
3486,2026-08-09 15:48:05.512
3487,2026-08-09 15:48:05.532
3488,2026-08-09 15:48:05.552
3489,2026-08-09 15:48:05.572
3490,2026-08-09 15:48:05.592
3491,2026-08-09 15:48:05.724
3492,2026-08-09 15:48:05.752
3493,2026-08-09 15:48:05.772
3494,2026-08-09 15:48:05.792
3495,2026-08-09 15:48:05.812
3496,2026-08-09 15:48:05.832
3497,2026-08-09 15:48:05.852
3498,2026-08-09 15:48:05.872
3499,2026-08-09 15:48:05.892
3500,2026-08-09 15:48:06.024
3501,2026-08-09 15:48:06.052
3502,2026-08-09 15:48:06.072
3503,2026-08-09 15:48:06.092
3504,2026-08-09 15:48:06.112
3505,2026-08-09 15:48:06.132
3506,2026-08-09 15:48:06.152
3507,2026-08-09 15:48:06.172
3508,2026-08-09 15:48:06.192
3509,2026-08-09 15:48:06.324
3510,2026-08-09 15:48:06.352
3511,2026-08-09 15:48:06.372
3512,2026-08-09 15:48:06.392
3513,2026-08-09 15:48:06.412
3514,2026-08-09 15:48:06.432
3515,2026-08-09 15:48:06.452
3516,2026-08-09 15:48:06.472
3517,2026-08-09 15:48:06.492
3518,2026-08-09 15:48:06.624
3519,2026-08-09 15:48:06.652
3520,2026-08-09 15:48:06.672
3521,2026-08-09 15:48:06.692
3522,2026-08-09 15:48:06.712
3523,2026-08-09 15:48:06.732
3524,2026-08-09 15:48:06.752
3525,2026-08-09 15:48:06.772
3526,2026-08-09 15:48:06.792
3527,2026-08-09 15:48:06.924
3528,2026-08-09 15:48:06.952
3529,2026-08-09 15:48:06.972
3530,2026-08-09 15:48:06.992
3531,2026-08-09 15:48:07.012
3532,2026-08-09 15:48:07.032
3533,2026-08-09 15:48:07.058
3534,2026-08-09 15:48:07.092
3535,2026-08-09 15:48:07.112
3536,2026-08-09 15:48:07.244
3537,2026-08-09 15:48:07.272
3538,2026-08-09 15:48:07.292
3539,2026-08-09 15:48:07.312
3540,2026-08-09 15:48:07.332
3541,2026-08-09 15:48:07.352
3542,2026-08-09 15:48:07.372
3543,2026-08-09 15:48:07.392
3544,2026-08-09 15:48:07.412
3545,2026-08-09 15:48:07.544
3546,2026-08-09 15:48:07.572
3547,2026-08-09 15:48:07.592
3548,2026-08-09 15:48:07.612
3549,2026-08-09 15:48:07.632
3550,2026-08-09 15:48:07.652
3551,2026-08-09 15:48:07.672
3552,2026-08-09 15:48:07.692
3553,2026-08-09 15:48:07.712
3554,2026-08-09 15:48:07.844
3555,2026-08-09 15:48:07.872
3556,2026-08-09 15:48:07.892
3557,2026-08-09 15:48:07.912
3558,2026-08-09 15:48:07.932
3559,2026-08-09 15:48:07.952
3560,2026-08-09 15:48:07.972
3561,2026-08-09 15:48:07.992
3562,2026-08-09 15:48:08.012
3563,2026-08-09 15:48:08.144
3564,2026-08-09 15:48:08.172
3565,2026-08-09 15:48:08.192
3566,2026-08-09 15:48:08.212
3567,2026-08-09 15:48:08.232
3568,2026-08-09 15:48:08.252
3569,2026-08-09 15:48:08.274
3570,2026-08-09 15:48:08.292
3571,2026-08-09 15:48:08.312
3572,2026-08-09 15:48:08.444
3573,2026-08-09 15:48:08.472
3574,2026-08-09 15:48:08.492
3575,2026-08-09 15:48:08.512
3576,2026-08-09 15:48:08.532
3577,2026-08-09 15:48:08.552
3578,2026-08-09 15:48:08.572
3579,2026-08-09 15:48:08.592
3580,2026-08-09 15:48:08.612
3581,2026-08-09 15:48:08.744
3582,2026-08-09 15:48:08.772
3583,2026-08-09 15:48:08.792
3584,2026-08-09 15:48:08.812
3585,2026-08-09 15:48:08.832
3586,2026-08-09 15:48:08.852
3587,2026-08-09 15:48:08.872
3588,2026-08-09 15:48:08.892
3589,2026-08-09 15:48:08.912
3590,2026-08-09 15:48:09.044
3591,2026-08-09 15:48:09.072
3592,2026-08-09 15:48:09.092
3593,2026-08-09 15:48:09.112
3594,2026-08-09 15:48:09.132
3595,2026-08-09 15:48:09.152
3596,2026-08-09 15:48:09.172
3597,2026-08-09 15:48:09.192
3598,2026-08-09 15:48:09.212
3599,2026-08-09 15:48:09.344
3600,2026-08-09 15:48:09.372
3601,2026-08-09 15:48:09.392
3602,2026-08-09 15:48:09.412
3603,2026-08-09 15:48:09.432
3604,2026-08-09 15:48:09.452
3605,2026-08-09 15:48:09.472
3606,2026-08-09 15:48:09.492
3607,2026-08-09 15:48:09.512
3608,2026-08-09 15:48:09.644
3609,2026-08-09 15:48:09.672
3610,2026-08-09 15:48:09.692
3611,2026-08-09 15:48:09.712
3612,2026-08-09 15:48:09.732
3613,2026-08-09 15:48:09.752
3614,2026-08-09 15:48:09.772
3615,2026-08-09 15:48:09.792
3616,2026-08-09 15:48:09.812
3617,2026-08-09 15:48:09.945
3618,2026-08-09 15:48:09.972
3619,2026-08-09 15:48:09.992
3620,2026-08-09 15:48:10.012
3621,2026-08-09 15:48:10.032
3622,2026-08-09 15:48:10.052
3623,2026-08-09 15:48:10.072
3624,2026-08-09 15:48:10.092
3625,2026-08-09 15:48:10.112
3626,2026-08-09 15:48:10.244
3627,2026-08-09 15:48:10.272
3628,2026-08-09 15:48:10.292
3629,2026-08-09 15:48:10.312
3630,2026-08-09 15:48:10.332
3631,2026-08-09 15:48:10.352
3632,2026-08-09 15:48:10.372
3633,2026-08-09 15:48:10.392
3634,2026-08-09 15:48:10.412
3635,2026-08-09 15:48:10.545
3636,2026-08-09 15:48:10.572
3637,2026-08-09 15:48:10.592
3638,2026-08-09 15:48:10.612
3639,2026-08-09 15:48:10.632
3640,2026-08-09 15:48:10.652
3641,2026-08-09 15:48:10.672
3642,2026-08-09 15:48:10.692
3643,2026-08-09 15:48:10.712
3644,2026-08-09 15:48:10.844
3645,2026-08-09 15:48:10.872
3646,2026-08-09 15:48:10.892
3647,2026-08-09 15:48:10.912
3648,2026-08-09 15:48:10.932
3649,2026-08-09 15:48:10.952
3650,2026-08-09 15:48:10.972
3651,2026-08-09 15:48:10.992
3652,2026-08-09 15:48:11.012
3653,2026-08-09 15:48:11.144
3654,2026-08-09 15:48:11.172
3655,2026-08-09 15:48:11.192
3656,2026-08-09 15:48:11.212
3657,2026-08-09 15:48:11.232
3658,2026-08-09 15:48:11.252
3659,2026-08-09 15:48:11.272
3660,2026-08-09 15:48:11.292
3661,2026-08-09 15:48:11.312
3662,2026-08-09 15:48:11.444
3663,2026-08-09 15:48:11.472
3664,2026-08-09 15:48:11.492
3665,2026-08-09 15:48:11.512
3666,2026-08-09 15:48:11.532
3667,2026-08-09 15:48:11.552
3668,2026-08-09 15:48:11.572
3669,2026-08-09 15:48:11.592
3670,2026-08-09 15:48:11.612
3671,2026-08-09 15:48:11.744
3672,2026-08-09 15:48:11.772
3673,2026-08-09 15:48:11.792
3674,2026-08-09 15:48:11.812
3675,2026-08-09 15:48:11.832
3676,2026-08-09 15:48:11.852
3677,2026-08-09 15:48:11.872
3678,2026-08-09 15:48:11.892
3679,2026-08-09 15:48:11.932
3680,2026-08-09 15:48:12.065
3681,2026-08-09 15:48:12.092
3682,2026-08-09 15:48:12.112
3683,2026-08-09 15:48:12.132
3684,2026-08-09 15:48:12.152
3685,2026-08-09 15:48:12.172
3686,2026-08-09 15:48:12.192
3687,2026-08-09 15:48:12.212
3688,2026-08-09 15:48:12.232
3689,2026-08-09 15:48:12.364
3690,2026-08-09 15:48:12.392
3691,2026-08-09 15:48:12.412
3692,2026-08-09 15:48:12.432
3693,2026-08-09 15:48:12.452
3694,2026-08-09 15:48:12.472
3695,2026-08-09 15:48:12.492
3696,2026-08-09 15:48:12.512
3697,2026-08-09 15:48:12.532
3698,2026-08-09 15:48:12.664
3699,2026-08-09 15:48:12.692
3700,2026-08-09 15:48:12.712
3701,2026-08-09 15:48:12.732
3702,2026-08-09 15:48:12.752
3703,2026-08-09 15:48:12.772
3704,2026-08-09 15:48:12.792
3705,2026-08-09 15:48:12.812
3706,2026-08-09 15:48:12.832
3707,2026-08-09 15:48:12.964
3708,2026-08-09 15:48:12.992
3709,2026-08-09 15:48:13.012
3710,2026-08-09 15:48:13.032
3711,2026-08-09 15:48:13.052
3712,2026-08-09 15:48:13.072
3713,2026-08-09 15:48:13.092
3714,2026-08-09 15:48:13.112
3715,2026-08-09 15:48:13.132
3716,2026-08-09 15:48:13.264
3717,2026-08-09 15:48:13.292
3718,2026-08-09 15:48:13.312
3719,2026-08-09 15:48:13.332
3720,2026-08-09 15:48:13.352
3721,2026-08-09 15:48:13.372
3722,2026-08-09 15:48:13.392
3723,2026-08-09 15:48:13.412
3724,2026-08-09 15:48:13.432
3725,2026-08-09 15:48:13.564
3726,2026-08-09 15:48:13.592
3727,2026-08-09 15:48:13.612
3728,2026-08-09 15:48:13.632
3729,2026-08-09 15:48:13.652
3730,2026-08-09 15:48:13.672
3731,2026-08-09 15:48:13.692
3732,2026-08-09 15:48:13.712
3733,2026-08-09 15:48:13.732
3734,2026-08-09 15:48:13.864
3735,2026-08-09 15:48:13.892
3736,2026-08-09 15:48:13.912
3737,2026-08-09 15:48:13.932
3738,2026-08-09 15:48:13.952
3739,2026-08-09 15:48:13.972
3740,2026-08-09 15:48:13.992
3741,2026-08-09 15:48:14.012
3742,2026-08-09 15:48:14.032
3743,2026-08-09 15:48:14.164
3744,2026-08-09 15:48:14.192
3745,2026-08-09 15:48:14.212
3746,2026-08-09 15:48:14.232
3747,2026-08-09 15:48:14.252
3748,2026-08-09 15:48:14.272
3749,2026-08-09 15:48:14.292
3750,2026-08-09 15:48:14.312
3751,2026-08-09 15:48:14.332
3752,2026-08-09 15:48:14.464
3753,2026-08-09 15:48:14.492
3754,2026-08-09 15:48:14.512
3755,2026-08-09 15:48:14.532
3756,2026-08-09 15:48:14.552
3757,2026-08-09 15:48:14.572
3758,2026-08-09 15:48:14.592
3759,2026-08-09 15:48:14.612
3760,2026-08-09 15:48:14.632
3761,2026-08-09 15:48:14.764
3762,2026-08-09 15:48:14.792
3763,2026-08-09 15:48:14.812
3764,2026-08-09 15:48:14.832
3765,2026-08-09 15:48:14.852
3766,2026-08-09 15:48:14.872
3767,2026-08-09 15:48:14.892
3768,2026-08-09 15:48:14.912
3769,2026-08-09 15:48:14.932
3770,2026-08-09 15:48:15.062
3771,2026-08-09 15:48:15.092
3772,2026-08-09 15:48:15.112
3773,2026-08-09 15:48:15.132
3774,2026-08-09 15:48:15.152
3775,2026-08-09 15:48:15.172
3776,2026-08-09 15:48:15.192
3777,2026-08-09 15:48:15.192
3778,2026-08-09 15:48:15.212
3779,2026-08-09 15:48:15.800
3780,2026-08-09 15:48:15.852
3781,2026-08-09 15:48:15.892
3782,2026-08-09 15:48:15.972
3783,2026-08-09 15:48:16.032
3784,2026-08-09 15:48:16.112
3785,2026-08-09 15:48:16.132
3786,2026-08-09 15:48:16.192
3787,2026-08-09 15:48:26.554
3788,2026-08-09 15:48:26.572
3789,2026-08-09 15:48:26.592
3790,2026-08-09 15:48:26.612
3791,2026-08-09 15:48:26.632
3792,2026-08-09 15:48:26.652
3793,2026-08-09 15:48:26.672
3794,2026-08-09 15:48:26.692
3795,2026-08-09 15:48:26.712
3796,2026-08-09 15:48:26.844
3797,2026-08-09 15:48:26.872
3798,2026-08-09 15:48:26.892
3799,2026-08-09 15:48:26.912
3800,2026-08-09 15:48:26.932
3801,2026-08-09 15:48:26.952
3802,2026-08-09 15:48:26.972
3803,2026-08-09 15:48:26.992
3804,2026-08-09 15:48:27.012
3805,2026-08-09 15:48:27.656
3806,2026-08-09 15:48:27.672
3807,2026-08-09 15:48:27.692
3808,2026-08-09 15:48:27.712
3809,2026-08-09 15:48:27.732
3810,2026-08-09 15:48:27.752
3811,2026-08-09 15:48:27.772
3812,2026-08-09 15:48:27.792
3813,2026-08-09 15:48:27.812
3814,2026-08-09 15:48:27.909
3815,2026-08-09 15:48:27.932
3816,2026-08-09 15:48:27.952
3817,2026-08-09 15:48:27.972
3818,2026-08-09 15:48:27.992
3819,2026-08-09 15:48:28.012
3820,2026-08-09 15:48:28.032
3821,2026-08-09 15:48:28.052
3822,2026-08-09 15:48:28.072
3823,2026-08-09 15:48:28.211
3824,2026-08-09 15:48:28.232
3825,2026-08-09 15:48:28.252
3826,2026-08-09 15:48:28.292
3827,2026-08-09 15:48:28.312
3828,2026-08-09 15:48:28.332
3829,2026-08-09 15:48:28.352
3830,2026-08-09 15:48:28.372
3831,2026-08-09 15:48:28.392
3832,2026-08-09 15:48:28.531
3833,2026-08-09 15:48:28.552
3834,2026-08-09 15:48:28.572
3835,2026-08-09 15:48:28.592
3836,2026-08-09 15:48:28.612
3837,2026-08-09 15:48:28.632
3838,2026-08-09 15:48:28.652
3839,2026-08-09 15:48:28.672
3840,2026-08-09 15:48:28.692
3841,2026-08-09 15:48:28.848
3842,2026-08-09 15:48:28.872
3843,2026-08-09 15:48:28.892
3844,2026-08-09 15:48:28.912
3845,2026-08-09 15:48:28.932
3846,2026-08-09 15:48:28.952
3847,2026-08-09 15:48:28.972
3848,2026-08-09 15:48:28.992
3849,2026-08-09 15:48:29.012
3850,2026-08-09 15:48:29.151
3851,2026-08-09 15:48:29.172
3852,2026-08-09 15:48:29.192
3853,2026-08-09 15:48:29.212
3854,2026-08-09 15:48:29.232
3855,2026-08-09 15:48:29.252
3856,2026-08-09 15:48:29.272
3857,2026-08-09 15:48:29.292
3858,2026-08-09 15:48:29.312
3859,2026-08-09 15:48:29.511
3860,2026-08-09 15:48:29.532
3861,2026-08-09 15:48:29.572
3862,2026-08-09 15:48:29.592
3863,2026-08-09 15:48:29.632
3864,2026-08-09 15:48:29.652
3865,2026-08-09 15:48:29.672
3866,2026-08-09 15:48:29.692
3867,2026-08-09 15:48:29.712
3868,2026-08-09 15:48:29.851
3869,2026-08-09 15:48:29.872
3870,2026-08-09 15:48:29.892
3871,2026-08-09 15:48:29.912
3872,2026-08-09 15:48:29.932
3873,2026-08-09 15:48:29.952
3874,2026-08-09 15:48:29.972
3875,2026-08-09 15:48:29.992
3876,2026-08-09 15:48:30.012
3877,2026-08-09 15:48:30.188
3878,2026-08-09 15:48:30.212
3879,2026-08-09 15:48:30.232
3880,2026-08-09 15:48:30.252
3881,2026-08-09 15:48:30.312
3882,2026-08-09 15:48:30.332
3883,2026-08-09 15:48:30.352
3884,2026-08-09 15:48:30.372
3885,2026-08-09 15:48:30.432
3886,2026-08-09 15:48:30.611
3887,2026-08-09 15:48:30.632
3888,2026-08-09 15:48:30.672
3889,2026-08-09 15:48:30.692
3890,2026-08-09 15:48:30.732
3891,2026-08-09 15:48:30.752
3892,2026-08-09 15:48:30.772
3893,2026-08-09 15:48:30.792
3894,2026-08-09 15:48:30.812
3895,2026-08-09 15:48:30.968
3896,2026-08-09 15:48:30.992
3897,2026-08-09 15:48:31.012
3898,2026-08-09 15:48:31.052
3899,2026-08-09 15:48:31.072
3900,2026-08-09 15:48:31.092
3901,2026-08-09 15:48:31.112
3902,2026-08-09 15:48:31.152
3903,2026-08-09 15:48:31.172
3904,2026-08-09 15:48:31.311
3905,2026-08-09 15:48:31.332
3906,2026-08-09 15:48:31.352
3907,2026-08-09 15:48:31.372
3908,2026-08-09 15:48:31.392
3909,2026-08-09 15:48:31.412
3910,2026-08-09 15:48:31.432
3911,2026-08-09 15:48:31.452
3912,2026-08-09 15:48:31.492
3913,2026-08-09 15:48:31.631
3914,2026-08-09 15:48:31.672
3915,2026-08-09 15:48:31.692
3916,2026-08-09 15:48:31.712
3917,2026-08-09 15:48:31.732
3918,2026-08-09 15:48:31.752
3919,2026-08-09 15:48:31.772
3920,2026-08-09 15:48:31.792
3921,2026-08-09 15:48:31.832
3922,2026-08-09 15:48:31.988
3923,2026-08-09 15:48:32.012
3924,2026-08-09 15:48:32.032
3925,2026-08-09 15:48:32.052
3926,2026-08-09 15:48:32.092
3927,2026-08-09 15:48:32.112
3928,2026-08-09 15:48:32.132
3929,2026-08-09 15:48:32.152
3930,2026-08-09 15:48:32.172
3931,2026-08-09 15:48:32.311
3932,2026-08-09 15:48:32.332
3933,2026-08-09 15:48:32.352
3934,2026-08-09 15:48:32.372
3935,2026-08-09 15:48:32.392
3936,2026-08-09 15:48:32.412
3937,2026-08-09 15:48:32.432
3938,2026-08-09 15:48:32.452
3939,2026-08-09 15:48:32.472
3940,2026-08-09 15:48:32.631
3941,2026-08-09 15:48:32.652
3942,2026-08-09 15:48:32.672
3943,2026-08-09 15:48:32.692
3944,2026-08-09 15:48:32.712
3945,2026-08-09 15:48:32.732
3946,2026-08-09 15:48:32.752
3947,2026-08-09 15:48:32.772
3948,2026-08-09 15:48:32.792
3949,2026-08-09 15:48:32.928
3950,2026-08-09 15:48:32.952
3951,2026-08-09 15:48:32.972
3952,2026-08-09 15:48:32.992
3953,2026-08-09 15:48:33.012
3954,2026-08-09 15:48:33.032
3955,2026-08-09 15:48:33.052
3956,2026-08-09 15:48:33.072
3957,2026-08-09 15:48:33.092
3958,2026-08-09 15:48:33.228
3959,2026-08-09 15:48:33.252
3960,2026-08-09 15:48:33.272
3961,2026-08-09 15:48:33.312
3962,2026-08-09 15:48:33.352
3963,2026-08-09 15:48:33.372
3964,2026-08-09 15:48:33.392
3965,2026-08-09 15:48:33.412
3966,2026-08-09 15:48:33.432
3967,2026-08-09 15:48:33.591
3968,2026-08-09 15:48:33.612
3969,2026-08-09 15:48:33.632
3970,2026-08-09 15:48:33.672
3971,2026-08-09 15:48:33.692
3972,2026-08-09 15:48:33.712
3973,2026-08-09 15:48:33.732
3974,2026-08-09 15:48:33.752
3975,2026-08-09 15:48:33.772
3976,2026-08-09 15:48:33.908
3977,2026-08-09 15:48:33.932
3978,2026-08-09 15:48:33.952
3979,2026-08-09 15:48:33.972
3980,2026-08-09 15:48:33.992
3981,2026-08-09 15:48:34.012
3982,2026-08-09 15:48:34.032
3983,2026-08-09 15:48:34.052
3984,2026-08-09 15:48:34.072
3985,2026-08-09 15:48:34.208
3986,2026-08-09 15:48:34.232
3987,2026-08-09 15:48:34.252
3988,2026-08-09 15:48:34.272
3989,2026-08-09 15:48:34.292
3990,2026-08-09 15:48:34.312
3991,2026-08-09 15:48:34.332
3992,2026-08-09 15:48:34.352
3993,2026-08-09 15:48:34.372
3994,2026-08-09 15:48:34.508
3995,2026-08-09 15:48:34.532
3996,2026-08-09 15:48:34.552
3997,2026-08-09 15:48:34.572
3998,2026-08-09 15:48:34.592
3999,2026-08-09 15:48:34.612
4000,2026-08-09 15:48:34.632
4001,2026-08-09 15:48:34.652
4002,2026-08-09 15:48:34.672
4003,2026-08-09 15:48:34.828
4004,2026-08-09 15:48:34.852
4005,2026-08-09 15:48:34.892
4006,2026-08-09 15:48:34.912
4007,2026-08-09 15:48:34.932
4008,2026-08-09 15:48:34.952
4009,2026-08-09 15:48:34.972
4010,2026-08-09 15:48:34.992
4011,2026-08-09 15:48:35.012
4012,2026-08-09 15:48:35.148
4013,2026-08-09 15:48:35.172
4014,2026-08-09 15:48:35.192
4015,2026-08-09 15:48:35.252
4016,2026-08-09 15:48:35.272
4017,2026-08-09 15:48:35.312
4018,2026-08-09 15:48:35.332
4019,2026-08-09 15:48:35.352
4020,2026-08-09 15:48:35.372
4021,2026-08-09 15:48:35.505
4022,2026-08-09 15:48:35.532
4023,2026-08-09 15:48:35.552
4024,2026-08-09 15:48:35.572
4025,2026-08-09 15:48:35.592
4026,2026-08-09 15:48:35.612
4027,2026-08-09 15:48:35.632
4028,2026-08-09 15:48:35.652
4029,2026-08-09 15:48:35.672
4030,2026-08-09 15:48:35.808
4031,2026-08-09 15:48:35.832
4032,2026-08-09 15:48:35.852
4033,2026-08-09 15:48:35.872
4034,2026-08-09 15:48:35.892
4035,2026-08-09 15:48:35.912
4036,2026-08-09 15:48:35.932
4037,2026-08-09 15:48:35.972
4038,2026-08-09 15:48:35.992
4039,2026-08-09 15:48:36.131
4040,2026-08-09 15:48:36.152
4041,2026-08-09 15:48:36.172
4042,2026-08-09 15:48:36.212
4043,2026-08-09 15:48:36.252
4044,2026-08-09 15:48:36.272
4045,2026-08-09 15:48:36.352
4046,2026-08-09 15:48:36.392
4047,2026-08-09 15:48:37.232
4048,2026-08-09 15:48:37.252
4049,2026-08-09 15:48:37.272
4050,2026-08-09 15:48:37.292
4051,2026-08-09 15:48:37.312
4052,2026-08-09 15:48:37.332
4053,2026-08-09 15:48:37.352
4054,2026-08-09 15:48:37.372
4055,2026-08-09 15:48:37.392
4056,2026-08-09 15:48:37.448
4057,2026-08-09 15:48:37.472
4058,2026-08-09 15:48:37.492
4059,2026-08-09 15:48:37.512
4060,2026-08-09 15:48:37.532
4061,2026-08-09 15:48:37.552
4062,2026-08-09 15:48:37.572
4063,2026-08-09 15:48:37.592
4064,2026-08-09 15:48:37.612
4065,2026-08-09 15:48:37.751
4066,2026-08-09 15:48:37.772
4067,2026-08-09 15:48:37.792
4068,2026-08-09 15:48:37.812
4069,2026-08-09 15:48:37.832
4070,2026-08-09 15:48:37.852
4071,2026-08-09 15:48:37.872
4072,2026-08-09 15:48:37.892
4073,2026-08-09 15:48:37.912
4074,2026-08-09 15:48:38.051
4075,2026-08-09 15:48:38.072
4076,2026-08-09 15:48:38.092
4077,2026-08-09 15:48:38.112
4078,2026-08-09 15:48:38.132
4079,2026-08-09 15:48:38.152
4080,2026-08-09 15:48:38.172
4081,2026-08-09 15:48:38.192
4082,2026-08-09 15:48:38.212
4083,2026-08-09 15:48:38.348
4084,2026-08-09 15:48:38.372
4085,2026-08-09 15:48:38.392
4086,2026-08-09 15:48:38.412
4087,2026-08-09 15:48:38.432
4088,2026-08-09 15:48:38.452
4089,2026-08-09 15:48:38.472
4090,2026-08-09 15:48:38.492
4091,2026-08-09 15:48:38.512
4092,2026-08-09 15:48:38.651
4093,2026-08-09 15:48:49.396
4094,2026-08-09 15:48:49.413
4095,2026-08-09 15:48:49.433
4096,2026-08-09 15:48:49.454
4097,2026-08-09 15:48:49.474
4098,2026-08-09 15:48:49.494
4099,2026-08-09 15:48:49.513
4100,2026-08-09 15:48:49.534
4101,2026-08-09 15:48:49.554
4102,2026-08-09 15:48:49.693
4103,2026-08-09 15:48:49.714
4104,2026-08-09 15:48:49.734
4105,2026-08-09 15:48:49.754
4106,2026-08-09 15:48:49.774
4107,2026-08-09 15:48:49.794
4108,2026-08-09 15:48:49.813
4109,2026-08-09 15:48:49.833
4110,2026-08-09 15:48:49.854
4111,2026-08-09 15:48:49.993
4112,2026-08-09 15:48:50.013
4113,2026-08-09 15:48:50.034
4114,2026-08-09 15:48:50.054
4115,2026-08-09 15:48:50.074
4116,2026-08-09 15:48:50.094
4117,2026-08-09 15:48:50.114
4118,2026-08-09 15:48:50.134
4119,2026-08-09 15:48:50.154
4120,2026-08-09 15:48:50.293
4121,2026-08-09 15:48:50.314
4122,2026-08-09 15:48:50.334
4123,2026-08-09 15:48:50.353
4124,2026-08-09 15:48:50.374
4125,2026-08-09 15:48:50.394
4126,2026-08-09 15:48:50.414
4127,2026-08-09 15:48:50.433
4128,2026-08-09 15:48:50.454
4129,2026-08-09 15:48:50.593
4130,2026-08-09 15:48:50.614
4131,2026-08-09 15:48:50.634
4132,2026-08-09 15:48:50.654
4133,2026-08-09 15:48:50.674
4134,2026-08-09 15:48:50.694
4135,2026-08-09 15:48:50.714
4136,2026-08-09 15:48:50.734
4137,2026-08-09 15:48:50.754
4138,2026-08-09 15:48:50.893
4139,2026-08-09 15:48:50.914
4140,2026-08-09 15:48:50.934
4141,2026-08-09 15:48:50.954
4142,2026-08-09 15:48:51.792
4143,2026-08-09 15:49:13.812
4144,2026-08-09 15:49:13.830
4145,2026-08-09 15:49:33.830
4146,2026-08-09 15:49:33.848
4147,2026-08-09 15:49:33.868
4148,2026-08-09 15:49:33.889
4149,2026-08-09 15:49:33.908
4150,2026-08-09 15:49:33.928
4151,2026-08-09 15:49:33.948
4152,2026-08-09 15:49:33.968
4153,2026-08-09 15:49:33.988
4154,2026-08-09 15:49:34.120
4155,2026-08-09 15:49:34.148
4156,2026-08-09 15:49:34.168
4157,2026-08-09 15:49:34.188
4158,2026-08-09 15:49:34.208
4159,2026-08-09 15:49:34.228
4160,2026-08-09 15:49:34.248
4161,2026-08-09 15:49:34.268
4162,2026-08-09 15:49:34.288
4163,2026-08-09 15:49:34.420
4164,2026-08-09 15:49:34.448
4165,2026-08-09 15:49:34.468
4166,2026-08-09 15:49:34.488
4167,2026-08-09 15:49:34.508
4168,2026-08-09 15:49:34.528
4169,2026-08-09 15:49:34.548
4170,2026-08-09 15:49:34.568
4171,2026-08-09 15:49:34.588
4172,2026-08-09 15:49:34.718
4173,2026-08-09 15:49:34.748
4174,2026-08-09 15:49:34.768
4175,2026-08-09 15:49:34.788
4176,2026-08-09 15:49:34.808
4177,2026-08-09 15:49:34.828
4178,2026-08-09 15:49:34.848
4179,2026-08-09 15:49:34.868
4180,2026-08-09 15:49:34.888
4181,2026-08-09 15:49:35.020
4182,2026-08-09 15:49:35.048
4183,2026-08-09 15:49:35.068
4184,2026-08-09 15:49:35.088
4185,2026-08-09 15:49:35.108
4186,2026-08-09 15:49:35.128
4187,2026-08-09 15:49:35.148
4188,2026-08-09 15:49:35.168
4189,2026-08-09 15:49:35.188
4190,2026-08-09 15:49:35.320
4191,2026-08-09 15:49:35.348
4192,2026-08-09 15:49:35.368
4193,2026-08-09 15:49:35.388
4194,2026-08-09 15:49:35.408
4195,2026-08-09 15:49:35.428
4196,2026-08-09 15:49:35.448
4197,2026-08-09 15:49:35.468
4198,2026-08-09 15:49:35.488
4199,2026-08-09 15:49:35.620
4200,2026-08-09 15:49:35.648
4201,2026-08-09 15:49:35.668
4202,2026-08-09 15:49:35.688
4203,2026-08-09 15:49:35.708
4204,2026-08-09 15:49:35.728
4205,2026-08-09 15:49:35.748
4206,2026-08-09 15:49:35.768
4207,2026-08-09 15:49:35.788
4208,2026-08-09 15:49:35.920
4209,2026-08-09 15:49:35.948
4210,2026-08-09 15:49:35.968
4211,2026-08-09 15:49:35.988
4212,2026-08-09 15:49:36.008
4213,2026-08-09 15:49:36.028
4214,2026-08-09 15:49:36.048
4215,2026-08-09 15:49:36.068
4216,2026-08-09 15:49:36.088
4217,2026-08-09 15:49:36.220
4218,2026-08-09 15:49:36.248
4219,2026-08-09 15:49:36.268
4220,2026-08-09 15:49:36.288
4221,2026-08-09 15:49:36.308
4222,2026-08-09 15:49:36.328
4223,2026-08-09 15:49:36.348
4224,2026-08-09 15:49:36.368
4225,2026-08-09 15:49:36.388
4226,2026-08-09 15:49:36.520
4227,2026-08-09 15:49:36.548
4228,2026-08-09 15:49:36.568
4229,2026-08-09 15:49:36.588
4230,2026-08-09 15:49:36.608
4231,2026-08-09 15:49:36.628
4232,2026-08-09 15:49:36.648
4233,2026-08-09 15:49:36.668
4234,2026-08-09 15:49:36.688
4235,2026-08-09 15:49:36.820
4236,2026-08-09 15:49:36.848
4237,2026-08-09 15:49:36.868
4238,2026-08-09 15:49:36.888
4239,2026-08-09 15:49:36.908
4240,2026-08-09 15:49:36.928
4241,2026-08-09 15:49:36.948
4242,2026-08-09 15:49:36.968
4243,2026-08-09 15:49:36.988
4244,2026-08-09 15:49:37.120
4245,2026-08-09 15:49:37.148
4246,2026-08-09 15:49:37.168
4247,2026-08-09 15:49:37.188
4248,2026-08-09 15:49:37.208
4249,2026-08-09 15:49:37.228
4250,2026-08-09 15:49:37.248
4251,2026-08-09 15:49:37.268
4252,2026-08-09 15:49:37.288
4253,2026-08-09 15:49:37.420
4254,2026-08-09 15:49:37.448
4255,2026-08-09 15:49:37.468
4256,2026-08-09 15:49:37.488
4257,2026-08-09 15:49:37.508
4258,2026-08-09 15:49:37.528
4259,2026-08-09 15:49:37.548
4260,2026-08-09 15:49:37.568
4261,2026-08-09 15:49:37.588
4262,2026-08-09 15:49:37.720
4263,2026-08-09 15:49:37.748
4264,2026-08-09 15:49:37.768
4265,2026-08-09 15:49:37.788
4266,2026-08-09 15:49:37.808
4267,2026-08-09 15:49:37.828
4268,2026-08-09 15:49:37.848
4269,2026-08-09 15:49:37.868
4270,2026-08-09 15:49:37.888
4271,2026-08-09 15:49:38.020
4272,2026-08-09 15:49:38.048
4273,2026-08-09 15:49:38.068
4274,2026-08-09 15:49:38.088
4275,2026-08-09 15:49:38.108
4276,2026-08-09 15:49:38.128
4277,2026-08-09 15:49:38.148
4278,2026-08-09 15:49:38.168
4279,2026-08-09 15:49:38.188
4280,2026-08-09 15:49:38.320
4281,2026-08-09 15:49:38.348
4282,2026-08-09 15:49:38.368
4283,2026-08-09 15:49:38.388
4284,2026-08-09 15:49:38.408
4285,2026-08-09 15:49:38.428
4286,2026-08-09 15:49:38.448
4287,2026-08-09 15:49:38.468
4288,2026-08-09 15:49:38.488
4289,2026-08-09 15:49:38.620
4290,2026-08-09 15:49:39.367
4291,2026-08-09 15:49:39.385
4292,2026-08-09 15:49:39.405
4293,2026-08-09 15:49:39.425
4294,2026-08-09 15:49:41.639
4295,2026-08-09 15:49:41.657
4296,2026-08-09 15:49:41.677
4297,2026-08-09 15:49:41.697
4298,2026-08-09 15:49:41.737
4299,2026-08-09 15:49:42.557
4300,2026-08-09 15:49:42.574
4301,2026-08-09 15:49:43.628
4302,2026-08-09 15:49:44.744
4303,2026-08-09 15:49:44.762
4304,2026-08-09 15:49:44.982
4305,2026-08-09 15:49:45.836
4306,2026-08-09 15:49:54.190
4307,2026-08-09 15:49:54.208
4308,2026-08-09 15:49:54.228
4309,2026-08-09 15:49:54.248
4310,2026-08-09 15:49:54.268
4311,2026-08-09 15:49:54.288
4312,2026-08-09 15:49:54.308
4313,2026-08-09 15:49:54.328
4314,2026-08-09 15:49:54.348
4315,2026-08-09 15:49:54.484
4316,2026-08-09 15:49:54.508
4317,2026-08-09 15:49:54.528
4318,2026-08-09 15:49:54.548
4319,2026-08-09 15:49:54.568
4320,2026-08-09 15:49:54.588
4321,2026-08-09 15:49:54.608
4322,2026-08-09 15:49:54.628
4323,2026-08-09 15:49:54.648
4324,2026-08-09 15:49:54.784
4325,2026-08-09 15:49:54.808
4326,2026-08-09 15:49:54.828
4327,2026-08-09 15:49:54.848
4328,2026-08-09 15:49:54.868
4329,2026-08-09 15:49:54.888
4330,2026-08-09 15:49:54.908
4331,2026-08-09 15:49:54.928
4332,2026-08-09 15:49:54.948
4333,2026-08-09 15:49:55.084
4334,2026-08-09 15:49:55.108
4335,2026-08-09 15:49:55.128
4336,2026-08-09 15:49:55.148
4337,2026-08-09 15:49:55.168
4338,2026-08-09 15:49:55.188
4339,2026-08-09 15:49:55.208
4340,2026-08-09 15:49:55.228
4341,2026-08-09 15:49:55.248
4342,2026-08-09 15:49:55.384
4343,2026-08-09 15:49:55.408
4344,2026-08-09 15:49:55.428
4345,2026-08-09 15:49:55.448
4346,2026-08-09 15:49:55.468
4347,2026-08-09 15:49:55.488
4348,2026-08-09 15:49:55.508
4349,2026-08-09 15:49:55.528
4350,2026-08-09 15:49:55.548
4351,2026-08-09 15:49:55.684
4352,2026-08-09 15:49:55.708
4353,2026-08-09 15:49:55.728
4354,2026-08-09 15:49:55.748
4355,2026-08-09 15:49:55.768
4356,2026-08-09 15:49:55.788
4357,2026-08-09 15:49:55.808
4358,2026-08-09 15:49:55.828
4359,2026-08-09 15:49:55.848
4360,2026-08-09 15:49:57.621
4361,2026-08-09 15:49:58.720
4362,2026-08-09 15:49:58.758
4363,2026-08-09 15:49:58.777
4364,2026-08-09 15:49:59.000
4365,2026-08-09 15:49:59.815
4366,2026-08-09 15:49:59.832
4367,2026-08-09 15:49:59.892
4368,2026-08-09 15:50:00.973
4369,2026-08-09 15:50:15.123
4370,2026-08-09 15:50:15.140
4371,2026-08-09 15:50:15.160
4372,2026-08-09 15:50:15.180
4373,2026-08-09 15:50:16.037
4374,2026-08-09 15:50:16.055
4375,2026-08-09 15:50:20.476
4376,2026-08-09 15:50:20.494
4377,2026-08-09 15:50:20.514
4378,2026-08-09 15:50:20.736
4379,2026-08-09 15:50:35.528
4380,2026-08-09 15:50:35.529
4381,2026-08-09 15:50:35.546
4382,2026-08-09 15:50:35.666
4383,2026-08-09 15:50:35.686
4384,2026-08-09 15:50:35.706
4385,2026-08-09 15:50:35.726
4386,2026-08-09 15:50:35.746
4387,2026-08-09 15:50:35.766
4388,2026-08-09 15:50:36.801
4389,2026-08-09 15:50:40.685
4390,2026-08-09 15:50:43.201
4391,2026-08-09 15:50:43.219
4392,2026-08-09 15:50:43.239
4393,2026-08-09 15:50:44.340
4394,2026-08-09 15:50:48.773
4395,2026-08-09 15:50:49.866
4396,2026-08-09 15:50:50.086
4397,2026-08-09 15:50:52.106
4398,2026-08-09 15:50:52.124
4399,2026-08-09 15:50:52.184
4400,2026-08-09 15:50:52.406
4401,2026-08-09 15:51:01.282
4402,2026-08-09 15:51:01.300
4403,2026-08-09 15:51:01.320
4404,2026-08-09 15:51:01.340
4405,2026-08-09 15:51:01.360
4406,2026-08-09 15:51:01.380
4407,2026-08-09 15:51:01.400
4408,2026-08-09 15:51:01.420
4409,2026-08-09 15:51:01.440
4410,2026-08-09 15:51:01.576
4411,2026-08-09 15:51:01.600
4412,2026-08-09 15:51:01.620
4413,2026-08-09 15:51:01.640
4414,2026-08-09 15:51:01.660
4415,2026-08-09 15:51:01.680
4416,2026-08-09 15:51:01.700
4417,2026-08-09 15:51:01.720
4418,2026-08-09 15:51:01.740
4419,2026-08-09 15:51:01.876
4420,2026-08-09 15:51:01.900
4421,2026-08-09 15:51:01.920
4422,2026-08-09 15:51:01.940
4423,2026-08-09 15:51:01.960
4424,2026-08-09 15:51:01.980
4425,2026-08-09 15:51:02.000
4426,2026-08-09 15:51:02.020
4427,2026-08-09 15:51:02.040
4428,2026-08-09 15:51:02.176
4429,2026-08-09 15:51:02.200
4430,2026-08-09 15:51:02.220
4431,2026-08-09 15:51:02.240
4432,2026-08-09 15:51:02.260
4433,2026-08-09 15:51:02.280
4434,2026-08-09 15:51:02.300
4435,2026-08-09 15:51:02.320
4436,2026-08-09 15:51:02.340
4437,2026-08-09 15:51:02.476
4438,2026-08-09 15:51:02.500
4439,2026-08-09 15:51:02.520
4440,2026-08-09 15:51:02.540
4441,2026-08-09 15:51:02.560
4442,2026-08-09 15:51:02.580
4443,2026-08-09 15:51:02.600
4444,2026-08-09 15:51:02.620
4445,2026-08-09 15:51:02.640
4446,2026-08-09 15:51:02.776
4447,2026-08-09 15:51:02.800
4448,2026-08-09 15:51:02.820
4449,2026-08-09 15:51:02.840
4450,2026-08-09 15:51:02.860
4451,2026-08-09 15:51:02.880
4452,2026-08-09 15:51:02.900
4453,2026-08-09 15:51:02.920
4454,2026-08-09 15:51:02.940
4455,2026-08-09 15:51:03.076
4456,2026-08-09 15:51:03.100
4457,2026-08-09 15:51:03.120
4458,2026-08-09 15:51:03.140
4459,2026-08-09 15:51:03.160
4460,2026-08-09 15:51:03.180
4461,2026-08-09 15:51:03.200
4462,2026-08-09 15:51:03.220
4463,2026-08-09 15:51:03.240
4464,2026-08-09 15:51:03.376
4465,2026-08-09 15:51:03.400
4466,2026-08-09 15:51:03.420
4467,2026-08-09 15:51:03.440
4468,2026-08-09 15:51:03.460
4469,2026-08-09 15:51:03.480
4470,2026-08-09 15:51:03.500
4471,2026-08-09 15:51:03.520
4472,2026-08-09 15:51:03.540
4473,2026-08-09 15:51:03.676
4474,2026-08-09 15:51:03.700
4475,2026-08-09 15:51:03.720
4476,2026-08-09 15:51:03.740
4477,2026-08-09 15:51:03.760
4478,2026-08-09 15:51:03.780
4479,2026-08-09 15:51:03.800
4480,2026-08-09 15:51:03.820
4481,2026-08-09 15:51:03.840
4482,2026-08-09 15:51:03.976
4483,2026-08-09 15:51:04.000
4484,2026-08-09 15:51:04.020
4485,2026-08-09 15:51:04.040
4486,2026-08-09 15:51:04.060
4487,2026-08-09 15:51:04.080
4488,2026-08-09 15:51:04.100
4489,2026-08-09 15:51:04.120
4490,2026-08-09 15:51:04.140
4491,2026-08-09 15:51:04.276
4492,2026-08-09 15:51:04.300
4493,2026-08-09 15:51:04.320
4494,2026-08-09 15:51:04.340
4495,2026-08-09 15:51:04.360
4496,2026-08-09 15:51:04.380
4497,2026-08-09 15:51:04.400
4498,2026-08-09 15:51:04.420
4499,2026-08-09 15:51:04.440
4500,2026-08-09 15:51:04.576
4501,2026-08-09 15:51:04.600
4502,2026-08-09 15:51:04.620
4503,2026-08-09 15:51:04.640
4504,2026-08-09 15:51:04.660
4505,2026-08-09 15:51:04.680
4506,2026-08-09 15:51:04.700
4507,2026-08-09 15:51:04.720
4508,2026-08-09 15:51:04.740
4509,2026-08-09 15:51:04.876
4510,2026-08-09 15:51:04.900
4511,2026-08-09 15:51:04.920
4512,2026-08-09 15:51:04.940
4513,2026-08-09 15:51:04.960
4514,2026-08-09 15:51:04.980
4515,2026-08-09 15:51:05.000
4516,2026-08-09 15:51:05.020
4517,2026-08-09 15:51:05.040
4518,2026-08-09 15:51:05.173
4519,2026-08-09 15:51:05.200
4520,2026-08-09 15:51:05.220
4521,2026-08-09 15:51:05.240
4522,2026-08-09 15:51:05.260
4523,2026-08-09 15:51:05.280
4524,2026-08-09 15:51:05.300
4525,2026-08-09 15:51:05.320
4526,2026-08-09 15:51:05.340
4527,2026-08-09 15:51:05.476
4528,2026-08-09 15:51:05.500
4529,2026-08-09 15:51:05.520
4530,2026-08-09 15:51:05.540
4531,2026-08-09 15:51:05.560
4532,2026-08-09 15:51:05.580
4533,2026-08-09 15:51:05.600
4534,2026-08-09 15:51:05.620
4535,2026-08-09 15:51:05.640
4536,2026-08-09 15:51:05.776
4537,2026-08-09 15:51:05.800
4538,2026-08-09 15:51:05.820
4539,2026-08-09 15:51:05.840
4540,2026-08-09 15:51:05.860
4541,2026-08-09 15:51:05.880
4542,2026-08-09 15:51:05.900
4543,2026-08-09 15:51:05.920
4544,2026-08-09 15:51:05.940
4545,2026-08-09 15:51:06.076
4546,2026-08-09 15:51:06.100
4547,2026-08-09 15:51:06.120
4548,2026-08-09 15:51:06.140
4549,2026-08-09 15:51:06.160
4550,2026-08-09 15:51:06.180
4551,2026-08-09 15:51:06.200
4552,2026-08-09 15:51:06.220
4553,2026-08-09 15:51:06.240
4554,2026-08-09 15:51:06.376
4555,2026-08-09 15:51:06.400
4556,2026-08-09 15:51:06.420
4557,2026-08-09 15:51:06.440
4558,2026-08-09 15:51:06.460
4559,2026-08-09 15:51:06.480
4560,2026-08-09 15:51:06.500
4561,2026-08-09 15:51:06.520
4562,2026-08-09 15:51:06.540
4563,2026-08-09 15:51:06.676
4564,2026-08-09 15:51:06.700
4565,2026-08-09 15:51:06.720
4566,2026-08-09 15:51:06.740
4567,2026-08-09 15:51:06.760
4568,2026-08-09 15:51:06.780
4569,2026-08-09 15:51:06.800
4570,2026-08-09 15:51:06.820
4571,2026-08-09 15:51:06.840
4572,2026-08-09 15:51:06.976
4573,2026-08-09 15:51:07.000
4574,2026-08-09 15:51:07.020
4575,2026-08-09 15:51:07.040
4576,2026-08-09 15:51:07.060
4577,2026-08-09 15:51:07.080
4578,2026-08-09 15:51:07.100
4579,2026-08-09 15:51:07.120
4580,2026-08-09 15:51:07.140
4581,2026-08-09 15:51:07.276
4582,2026-08-09 15:51:07.300
4583,2026-08-09 15:51:07.320
4584,2026-08-09 15:51:07.340
4585,2026-08-09 15:51:07.360
4586,2026-08-09 15:51:07.380
4587,2026-08-09 15:51:07.400
4588,2026-08-09 15:51:07.420
4589,2026-08-09 15:51:07.440
4590,2026-08-09 15:51:07.576
4591,2026-08-09 15:51:07.600
4592,2026-08-09 15:51:07.620
4593,2026-08-09 15:51:07.640
4594,2026-08-09 15:51:07.660
4595,2026-08-09 15:51:07.680
4596,2026-08-09 15:51:07.700
4597,2026-08-09 15:51:07.720
4598,2026-08-09 15:51:07.740
4599,2026-08-09 15:51:07.876
4600,2026-08-09 15:51:07.900
4601,2026-08-09 15:51:07.920
4602,2026-08-09 15:51:07.940
4603,2026-08-09 15:51:07.960
4604,2026-08-09 15:51:07.980
4605,2026-08-09 15:51:08.000
4606,2026-08-09 15:51:08.020
4607,2026-08-09 15:51:08.040
4608,2026-08-09 15:51:08.176
4609,2026-08-09 15:51:08.200
4610,2026-08-09 15:51:08.220
4611,2026-08-09 15:51:08.240
4612,2026-08-09 15:51:08.260
4613,2026-08-09 15:51:08.280
4614,2026-08-09 15:51:08.300
4615,2026-08-09 15:51:08.320
4616,2026-08-09 15:51:08.340
4617,2026-08-09 15:51:08.473
4618,2026-08-09 15:51:08.500
4619,2026-08-09 15:51:08.520
4620,2026-08-09 15:51:08.540
4621,2026-08-09 15:51:08.560
4622,2026-08-09 15:51:08.580
4623,2026-08-09 15:51:08.600
4624,2026-08-09 15:51:08.620
4625,2026-08-09 15:51:08.640
4626,2026-08-09 15:51:08.776
4627,2026-08-09 15:51:08.800
4628,2026-08-09 15:51:08.820
4629,2026-08-09 15:51:08.840
4630,2026-08-09 15:51:08.860
4631,2026-08-09 15:51:08.880
4632,2026-08-09 15:51:08.900
4633,2026-08-09 15:51:08.920
4634,2026-08-09 15:51:08.940
4635,2026-08-09 15:51:09.076
4636,2026-08-09 15:51:09.100
4637,2026-08-09 15:51:09.120
4638,2026-08-09 15:51:09.140
4639,2026-08-09 15:51:09.160
4640,2026-08-09 15:51:09.180
4641,2026-08-09 15:51:09.200
4642,2026-08-09 15:51:09.220
4643,2026-08-09 15:51:09.240
4644,2026-08-09 15:51:09.376
4645,2026-08-09 15:51:09.400
4646,2026-08-09 15:51:09.420
4647,2026-08-09 15:51:09.440
4648,2026-08-09 15:51:09.460
4649,2026-08-09 15:51:09.480
4650,2026-08-09 15:51:09.500
4651,2026-08-09 15:51:09.520
4652,2026-08-09 15:51:09.540
4653,2026-08-09 15:51:09.676
4654,2026-08-09 15:51:09.700
4655,2026-08-09 15:51:09.720
4656,2026-08-09 15:51:09.740
4657,2026-08-09 15:51:09.760
4658,2026-08-09 15:51:09.780
4659,2026-08-09 15:51:09.800
4660,2026-08-09 15:51:09.820
4661,2026-08-09 15:51:09.840
4662,2026-08-09 15:51:10.541
4663,2026-08-09 15:51:10.761
4664,2026-08-09 15:51:11.616
4665,2026-08-09 15:51:11.673
4666,2026-08-09 15:51:12.772
4667,2026-08-09 15:51:14.981
4668,2026-08-09 15:51:14.999
4669,2026-08-09 15:52:23.326
4670,2026-08-09 15:52:34.048
4671,2026-08-09 15:52:34.106
4672,2026-08-09 15:52:34.125
4673,2026-08-09 15:52:34.145
4674,2026-08-09 15:52:34.165
4675,2026-08-09 15:52:34.225
4676,2026-08-09 15:52:34.245
4677,2026-08-09 15:52:34.305
4678,2026-08-09 15:52:34.326
4679,2026-08-09 15:52:34.505
4680,2026-08-09 15:52:34.565
4681,2026-08-09 15:52:34.585
4682,2026-08-09 15:52:34.625
4683,2026-08-09 15:52:34.645
4684,2026-08-09 15:52:34.685
4685,2026-08-09 15:52:34.705
4686,2026-08-09 15:52:34.746
4687,2026-08-09 15:52:34.766
4688,2026-08-09 15:52:34.905
4689,2026-08-09 15:52:34.945
4690,2026-08-09 15:52:35.005
4691,2026-08-09 15:52:35.085
4692,2026-08-09 15:52:35.126
4693,2026-08-09 15:52:35.205
4694,2026-08-09 15:52:35.225
4695,2026-08-09 15:52:35.305
4696,2026-08-09 15:52:35.365
4697,2026-08-09 15:52:35.505
4698,2026-08-09 15:52:35.545
4699,2026-08-09 15:52:35.565
4700,2026-08-09 15:52:35.585
4701,2026-08-09 15:52:35.625
4702,2026-08-09 15:52:35.665
4703,2026-08-09 15:52:35.705
4704,2026-08-09 15:52:35.745
4705,2026-08-09 15:52:35.765
4706,2026-08-09 15:52:35.905
4707,2026-08-09 15:52:36.028
4708,2026-08-09 15:52:36.045
4709,2026-08-09 15:52:36.065
4710,2026-08-09 15:52:36.085
4711,2026-08-09 15:52:36.105
4712,2026-08-09 15:52:36.185
4713,2026-08-09 15:52:36.205
4714,2026-08-09 15:52:36.225
4715,2026-08-09 15:52:36.485
4716,2026-08-09 15:52:36.505
4717,2026-08-09 15:52:36.525
4718,2026-08-09 15:52:36.565
4719,2026-08-09 15:52:36.585
4720,2026-08-09 15:52:36.625
4721,2026-08-09 15:52:36.645
4722,2026-08-09 15:52:36.705
4723,2026-08-09 15:52:36.725
4724,2026-08-09 15:52:37.002
4725,2026-08-09 15:52:37.045
4726,2026-08-09 15:52:37.105
4727,2026-08-09 15:52:37.125
4728,2026-08-09 15:52:37.165
4729,2026-08-09 15:52:37.185
4730,2026-08-09 15:52:37.225
4731,2026-08-09 15:52:37.326
4732,2026-08-09 15:52:37.345
4733,2026-08-09 15:52:37.502
4734,2026-08-09 15:52:37.525
4735,2026-08-09 15:52:37.545
4736,2026-08-09 15:52:37.668
4737,2026-08-09 15:52:37.685
4738,2026-08-09 15:52:37.705
4739,2026-08-09 15:52:37.725
4740,2026-08-09 15:52:37.785
4741,2026-08-09 15:52:37.806
4742,2026-08-09 15:52:37.962
4743,2026-08-09 15:52:37.985
4744,2026-08-09 15:52:38.086
4745,2026-08-09 15:52:38.186
4746,2026-08-09 15:52:38.205
4747,2026-08-09 15:52:38.265
4748,2026-08-09 15:52:38.285
4749,2026-08-09 15:52:38.345
4750,2026-08-09 15:52:38.365
4751,2026-08-09 15:52:38.665
4752,2026-08-09 15:52:38.685
4753,2026-08-09 15:52:38.745
4754,2026-08-09 15:52:38.765
4755,2026-08-09 15:52:38.785
4756,2026-08-09 15:52:38.805
4757,2026-08-09 15:52:38.845
4758,2026-08-09 15:52:38.885
4759,2026-08-09 15:52:38.965
4760,2026-08-09 15:52:39.165
4761,2026-08-09 15:52:39.185
4762,2026-08-09 15:52:39.265
4763,2026-08-09 15:52:39.285
4764,2026-08-09 15:52:39.305
4765,2026-08-09 15:52:39.325
4766,2026-08-09 15:52:39.365
4767,2026-08-09 15:52:39.405
4768,2026-08-09 15:52:39.425
4769,2026-08-09 15:52:39.605
4770,2026-08-09 15:52:39.625
4771,2026-08-09 15:52:39.665
4772,2026-08-09 15:52:39.685
4773,2026-08-09 15:52:39.705
4774,2026-08-09 15:52:39.745
4775,2026-08-09 15:52:39.785
4776,2026-08-09 15:52:39.825
4777,2026-08-09 15:52:39.845
4778,2026-08-09 15:52:39.982
4779,2026-08-09 15:52:40.005
4780,2026-08-09 15:52:40.065
4781,2026-08-09 15:52:40.085
4782,2026-08-09 15:52:40.125
4783,2026-08-09 15:52:40.145
4784,2026-08-09 15:52:40.225
4785,2026-08-09 15:52:40.305
4786,2026-08-09 15:52:40.325
4787,2026-08-09 15:52:40.465
4788,2026-08-09 15:52:40.485
4789,2026-08-09 15:52:40.546
4790,2026-08-09 15:52:40.566
4791,2026-08-09 15:52:40.585
4792,2026-08-09 15:52:40.645
4793,2026-08-09 15:52:40.665
4794,2026-08-09 15:52:40.685
4795,2026-08-09 15:52:40.705
4796,2026-08-09 15:52:41.001
4797,2026-08-09 15:52:41.025
4798,2026-08-09 15:52:41.105
4799,2026-08-09 15:52:41.125
4800,2026-08-09 15:52:41.185
4801,2026-08-09 15:52:41.245
4802,2026-08-09 15:52:41.265
4803,2026-08-09 15:52:41.285
4804,2026-08-09 15:52:41.305
4805,2026-08-09 15:52:41.465
4806,2026-08-09 15:52:41.486
4807,2026-08-09 15:52:41.505
4808,2026-08-09 15:52:41.545
4809,2026-08-09 15:52:41.625
4810,2026-08-09 15:52:41.665
4811,2026-08-09 15:52:41.685
4812,2026-08-09 15:52:41.705
4813,2026-08-09 15:52:41.725
4814,2026-08-09 15:52:41.882
4815,2026-08-09 15:52:41.905
4816,2026-08-09 15:52:41.945
4817,2026-08-09 15:52:41.965
4818,2026-08-09 15:52:42.005
4819,2026-08-09 15:52:42.045
4820,2026-08-09 15:52:42.065
4821,2026-08-09 15:52:42.085
4822,2026-08-09 15:52:42.105
4823,2026-08-09 15:52:42.262
4824,2026-08-09 15:52:42.368
4825,2026-08-09 15:52:42.405
4826,2026-08-09 15:52:42.425
4827,2026-08-09 15:52:42.445
4828,2026-08-09 15:52:42.465
4829,2026-08-09 15:52:42.485
4830,2026-08-09 15:52:42.505
4831,2026-08-09 15:52:42.525
4832,2026-08-09 15:52:42.759
4833,2026-08-09 15:52:42.785
4834,2026-08-09 15:52:42.805
4835,2026-08-09 15:52:42.845
4836,2026-08-09 15:52:42.905
4837,2026-08-09 15:52:43.752
4838,2026-08-09 15:52:43.806
4839,2026-08-09 15:52:43.827
4840,2026-08-09 15:52:43.845
4841,2026-08-09 15:52:43.865
4842,2026-08-09 15:52:43.885
4843,2026-08-09 15:52:44.008
4844,2026-08-09 15:52:44.025
4845,2026-08-09 15:52:44.045
4846,2026-08-09 15:52:44.122
4847,2026-08-09 15:52:44.165
4848,2026-08-09 15:52:44.185
4849,2026-08-09 15:52:44.205
4850,2026-08-09 15:52:44.225
4851,2026-08-09 15:52:44.245
4852,2026-08-09 15:52:44.265
4853,2026-08-09 15:52:44.285
4854,2026-08-09 15:52:45.128
4855,2026-08-09 15:52:45.145
4856,2026-08-09 15:52:45.165
4857,2026-08-09 15:52:45.205
4858,2026-08-09 15:52:45.245
4859,2026-08-09 15:52:45.265
4860,2026-08-09 15:52:45.285
4861,2026-08-09 15:52:45.325
4862,2026-08-09 15:52:45.345
4863,2026-08-09 15:52:45.402
4864,2026-08-09 15:52:45.425
4865,2026-08-09 15:52:45.465
4866,2026-08-09 15:52:45.485
4867,2026-08-09 15:52:45.526
4868,2026-08-09 15:52:45.585
4869,2026-08-09 15:52:45.605
4870,2026-08-09 15:52:45.665
4871,2026-08-09 15:52:45.725
4872,2026-08-09 15:52:45.925
4873,2026-08-09 15:52:45.945
4874,2026-08-09 15:52:45.965
4875,2026-08-09 15:52:45.985
4876,2026-08-09 15:52:46.086
4877,2026-08-09 15:52:46.186
4878,2026-08-09 15:52:46.205
4879,2026-08-09 15:52:46.225
4880,2026-08-09 15:52:46.245
4881,2026-08-09 15:52:46.444
4882,2026-08-09 15:52:46.465
4883,2026-08-09 15:52:46.505
4884,2026-08-09 15:52:46.565
4885,2026-08-09 15:52:46.605
4886,2026-08-09 15:52:46.625
4887,2026-08-09 15:52:46.645
4888,2026-08-09 15:52:46.685
4889,2026-08-09 15:52:46.705
4890,2026-08-09 15:52:46.865
4891,2026-08-09 15:52:46.885
4892,2026-08-09 15:52:46.905
4893,2026-08-09 15:52:46.925
4894,2026-08-09 15:52:46.945
4895,2026-08-09 15:52:46.985
4896,2026-08-09 15:52:47.005
4897,2026-08-09 15:52:47.065
4898,2026-08-09 15:52:47.085
4899,2026-08-09 15:52:47.222
4900,2026-08-09 15:52:47.245
4901,2026-08-09 15:52:47.265
4902,2026-08-09 15:52:47.285
4903,2026-08-09 15:52:47.305
4904,2026-08-09 15:52:47.325
4905,2026-08-09 15:52:47.345
4906,2026-08-09 15:52:47.366
4907,2026-08-09 15:52:47.405
4908,2026-08-09 15:52:47.585
4909,2026-08-09 15:52:47.625
4910,2026-08-09 15:52:47.645
4911,2026-08-09 15:52:47.665
4912,2026-08-09 15:52:47.788
4913,2026-08-09 15:52:47.805
4914,2026-08-09 15:52:47.826
4915,2026-08-09 15:52:47.865
4916,2026-08-09 15:52:47.885
4917,2026-08-09 15:52:48.025
4918,2026-08-09 15:52:48.085
4919,2026-08-09 15:52:48.105
4920,2026-08-09 15:52:48.125
4921,2026-08-09 15:52:48.145
4922,2026-08-09 15:52:48.165
4923,2026-08-09 15:52:48.225
4924,2026-08-09 15:52:48.245
4925,2026-08-09 15:52:48.265
4926,2026-08-09 15:52:48.405
4927,2026-08-09 15:52:48.445
4928,2026-08-09 15:52:48.465
4929,2026-08-09 15:52:48.485
4930,2026-08-09 15:52:48.505
4931,2026-08-09 15:52:48.525
4932,2026-08-09 15:52:48.545
4933,2026-08-09 15:52:48.565
4934,2026-08-09 15:52:48.585
4935,2026-08-09 15:52:48.745
4936,2026-08-09 15:52:48.765
4937,2026-08-09 15:52:48.785
4938,2026-08-09 15:52:48.825
4939,2026-08-09 15:52:48.845
4940,2026-08-09 15:52:48.865
4941,2026-08-09 15:52:48.885
4942,2026-08-09 15:52:48.905
4943,2026-08-09 15:52:48.925
4944,2026-08-09 15:52:49.144
4945,2026-08-09 15:52:49.165
4946,2026-08-09 15:52:49.185
4947,2026-08-09 15:52:49.205
4948,2026-08-09 15:52:49.225
4949,2026-08-09 15:52:49.265
4950,2026-08-09 15:52:49.366
4951,2026-08-09 15:52:49.385
4952,2026-08-09 15:52:49.405
4953,2026-08-09 15:52:49.542
4954,2026-08-09 15:52:49.565
4955,2026-08-09 15:52:49.585
4956,2026-08-09 15:52:49.625
4957,2026-08-09 15:52:49.645
4958,2026-08-09 15:52:49.665
4959,2026-08-09 15:52:49.685
4960,2026-08-09 15:52:49.725
4961,2026-08-09 15:52:49.765
4962,2026-08-09 15:52:49.985
4963,2026-08-09 15:52:50.005
4964,2026-08-09 15:52:50.025
4965,2026-08-09 15:52:50.105
4966,2026-08-09 15:52:50.125
4967,2026-08-09 15:52:50.145
4968,2026-08-09 15:52:50.165
4969,2026-08-09 15:52:50.185
4970,2026-08-09 15:52:50.205
4971,2026-08-09 15:52:50.345
4972,2026-08-09 15:52:50.385
4973,2026-08-09 15:52:50.405
4974,2026-08-09 15:52:50.425
4975,2026-08-09 15:52:50.445
4976,2026-08-09 15:52:50.465
4977,2026-08-09 15:52:50.485
4978,2026-08-09 15:52:50.505
4979,2026-08-09 15:52:50.525
4980,2026-08-09 15:52:50.685
4981,2026-08-09 15:52:50.705
4982,2026-08-09 15:52:50.765
4983,2026-08-09 15:52:50.805
4984,2026-08-09 15:52:50.825
4985,2026-08-09 15:52:50.845
4986,2026-08-09 15:52:50.865
4987,2026-08-09 15:52:50.905
4988,2026-08-09 15:52:50.925
4989,2026-08-09 15:52:51.165
4990,2026-08-09 15:52:51.185
4991,2026-08-09 15:52:51.205
4992,2026-08-09 15:52:51.225
4993,2026-08-09 15:52:51.245
4994,2026-08-09 15:52:51.265
4995,2026-08-09 15:52:51.285
4996,2026-08-09 15:52:51.305
4997,2026-08-09 15:52:51.345
4998,2026-08-09 15:52:51.541
4999,2026-08-09 15:52:51.585
5000,2026-08-09 15:52:51.605
5001,2026-08-09 15:52:51.625
5002,2026-08-09 15:52:51.705
5003,2026-08-09 15:52:51.725
5004,2026-08-09 15:52:51.766
5005,2026-08-09 15:52:51.785
5006,2026-08-09 15:52:51.805
5007,2026-08-09 15:52:52.025
5008,2026-08-09 15:52:52.065
5009,2026-08-09 15:52:52.085
5010,2026-08-09 15:52:52.165
5011,2026-08-09 15:52:52.205
5012,2026-08-09 15:52:52.225
5013,2026-08-09 15:52:52.285
5014,2026-08-09 15:52:52.325
5015,2026-08-09 15:52:52.345
5016,2026-08-09 15:52:52.822
5017,2026-08-09 15:52:52.865
5018,2026-08-09 15:52:52.885
5019,2026-08-09 15:52:52.905
5020,2026-08-09 15:52:52.945
5021,2026-08-09 15:52:52.965
5022,2026-08-09 15:52:53.045
5023,2026-08-09 15:52:53.065
5024,2026-08-09 15:52:53.105
5025,2026-08-09 15:52:53.241
5026,2026-08-09 15:52:53.265
5027,2026-08-09 15:52:53.285
5028,2026-08-09 15:52:53.305
5029,2026-08-09 15:52:53.325
5030,2026-08-09 15:52:53.345
1,2026-08-09 15:52:53.366
2,2026-08-09 15:52:53.385
3,2026-08-09 15:52:53.405
4,2026-08-09 15:52:53.604
5,2026-08-09 15:52:53.625
6,2026-08-09 15:52:53.645
7,2026-08-09 15:52:53.665
8,2026-08-09 15:52:53.685
9,2026-08-09 15:52:53.705
10,2026-08-09 15:52:53.725
11,2026-08-09 15:52:53.745
12,2026-08-09 15:52:53.765
13,2026-08-09 15:52:53.924
14,2026-08-09 15:52:53.945
15,2026-08-09 15:52:53.965
16,2026-08-09 15:52:53.985
17,2026-08-09 15:52:54.005
18,2026-08-09 15:52:54.045
19,2026-08-09 15:52:54.065
20,2026-08-09 15:52:54.085
21,2026-08-09 15:52:54.125
22,2026-08-09 15:52:54.341
23,2026-08-09 15:52:54.365
24,2026-08-09 15:52:54.385
25,2026-08-09 15:52:54.405
26,2026-08-09 15:52:54.425
27,2026-08-09 15:52:54.445
28,2026-08-09 15:52:54.465
29,2026-08-09 15:52:54.485
30,2026-08-09 15:52:54.505
31,2026-08-09 15:52:54.721
32,2026-08-09 15:52:54.745
33,2026-08-09 15:52:55.568
34,2026-08-09 15:52:55.623
35,2026-08-09 15:52:55.643
36,2026-08-09 15:52:55.786
37,2026-08-09 15:52:55.823
38,2026-08-09 15:52:55.986
39,2026-08-09 15:52:56.023
40,2026-08-09 15:52:56.043
41,2026-08-09 15:52:56.888
42,2026-08-09 15:53:06.668
43,2026-08-09 15:53:06.685
44,2026-08-09 15:53:06.705
45,2026-08-09 15:53:06.725
46,2026-08-09 15:53:06.745
47,2026-08-09 15:53:06.765
48,2026-08-09 15:53:06.785
49,2026-08-09 15:53:06.785
50,2026-08-09 15:53:06.805
51,2026-08-09 15:53:07.432
52,2026-08-09 15:53:07.465
53,2026-08-09 15:53:07.485
54,2026-08-09 15:53:07.505
55,2026-08-09 15:53:07.525
56,2026-08-09 15:53:07.545
57,2026-08-09 15:53:07.565
58,2026-08-09 15:53:07.585
59,2026-08-09 15:53:07.605
60,2026-08-09 15:53:07.662
61,2026-08-09 15:53:07.685
62,2026-08-09 15:53:07.705
63,2026-08-09 15:53:07.725
64,2026-08-09 15:53:07.745
65,2026-08-09 15:53:07.765
66,2026-08-09 15:53:07.785
67,2026-08-09 15:53:07.805
68,2026-08-09 15:53:07.825
69,2026-08-09 15:53:07.965
70,2026-08-09 15:53:07.985
71,2026-08-09 15:53:08.005
72,2026-08-09 15:53:08.025
73,2026-08-09 15:53:08.045
74,2026-08-09 15:53:08.065
75,2026-08-09 15:53:08.105
76,2026-08-09 15:53:08.106
77,2026-08-09 15:53:08.125
78,2026-08-09 15:53:08.952
79,2026-08-09 15:53:08.985
80,2026-08-09 15:53:09.005
81,2026-08-09 15:53:09.025
82,2026-08-09 15:53:09.045
83,2026-08-09 15:53:09.065
84,2026-08-09 15:53:09.085
85,2026-08-09 15:53:09.105
86,2026-08-09 15:53:09.125
87,2026-08-09 15:53:19.886
88,2026-08-09 15:53:19.903
89,2026-08-09 15:53:19.923
90,2026-08-09 15:53:19.943
91,2026-08-09 15:53:20.784
92,2026-08-09 15:53:20.803
93,2026-08-09 15:53:20.823
94,2026-08-09 15:53:20.843
95,2026-08-09 15:53:20.863
96,2026-08-09 15:53:20.883
97,2026-08-09 15:53:20.903
98,2026-08-09 15:53:20.923
99,2026-08-09 15:53:20.943
100,2026-08-09 15:53:21.000
101,2026-08-09 15:53:21.023
102,2026-08-09 15:53:21.043
103,2026-08-09 15:53:21.063
104,2026-08-09 15:53:21.103
105,2026-08-09 15:53:21.123
106,2026-08-09 15:53:21.143
107,2026-08-09 15:53:21.203
108,2026-08-09 15:53:21.223
109,2026-08-09 15:53:21.362
110,2026-08-09 15:53:21.383
111,2026-08-09 15:53:21.423
112,2026-08-09 15:53:21.443
113,2026-08-09 15:53:21.463
114,2026-08-09 15:53:21.483
115,2026-08-09 15:53:21.503
116,2026-08-09 15:53:21.523
117,2026-08-09 15:53:21.543
118,2026-08-09 15:53:21.683
119,2026-08-09 15:53:21.703
120,2026-08-09 15:53:21.723
121,2026-08-09 15:53:21.743
122,2026-08-09 15:53:21.763
123,2026-08-09 15:53:21.783
124,2026-08-09 15:53:21.803
125,2026-08-09 15:53:21.823
126,2026-08-09 15:53:21.843
127,2026-08-09 15:53:21.982
128,2026-08-09 15:53:22.003
129,2026-08-09 15:53:22.043
130,2026-08-09 15:53:22.063
131,2026-08-09 15:53:22.083
132,2026-08-09 15:53:22.103
133,2026-08-09 15:53:22.143
134,2026-08-09 15:53:22.163
135,2026-08-09 15:53:22.183
136,2026-08-09 15:53:22.322
137,2026-08-09 15:53:22.343
138,2026-08-09 15:53:22.363
139,2026-08-09 15:53:22.403
140,2026-08-09 15:53:22.423
141,2026-08-09 15:53:22.443
142,2026-08-09 15:53:22.463
143,2026-08-09 15:53:22.483
144,2026-08-09 15:53:22.503
145,2026-08-09 15:53:22.642
146,2026-08-09 15:53:22.663
147,2026-08-09 15:53:22.683
148,2026-08-09 15:53:22.703
149,2026-08-09 15:53:22.723
150,2026-08-09 15:53:22.763
151,2026-08-09 15:53:22.783
152,2026-08-09 15:53:22.823
153,2026-08-09 15:53:22.843
154,2026-08-09 15:53:23.002
155,2026-08-09 15:53:23.023
156,2026-08-09 15:53:23.043
157,2026-08-09 15:53:23.063
158,2026-08-09 15:53:23.083
159,2026-08-09 15:53:23.103
160,2026-08-09 15:53:23.123
161,2026-08-09 15:53:23.143
162,2026-08-09 15:53:23.163
163,2026-08-09 15:53:23.299
164,2026-08-09 15:53:23.323
165,2026-08-09 15:53:23.343
166,2026-08-09 15:53:23.403
167,2026-08-09 15:53:23.423
168,2026-08-09 15:53:23.461
169,2026-08-09 15:53:24.705
170,2026-08-09 15:53:24.722
171,2026-08-09 15:53:24.742
172,2026-08-09 15:53:36.060
173,2026-08-09 15:53:36.078
174,2026-08-09 15:53:36.098
175,2026-08-09 15:53:36.118
176,2026-08-09 15:53:36.138
177,2026-08-09 15:53:36.158
178,2026-08-09 15:53:36.178
179,2026-08-09 15:53:36.198
180,2026-08-09 15:53:36.218
181,2026-08-09 15:53:36.350
182,2026-08-09 15:53:36.378
183,2026-08-09 15:53:36.398
184,2026-08-09 15:53:36.418
185,2026-08-09 15:53:36.438
186,2026-08-09 15:53:36.458
187,2026-08-09 15:53:36.478
188,2026-08-09 15:53:36.498
189,2026-08-09 15:53:36.518
190,2026-08-09 15:53:36.650
191,2026-08-09 15:53:36.680
192,2026-08-09 15:53:36.698
193,2026-08-09 15:53:36.718
194,2026-08-09 15:53:36.738
195,2026-08-09 15:53:36.758
196,2026-08-09 15:53:36.778
197,2026-08-09 15:53:36.798
198,2026-08-09 15:53:36.818
199,2026-08-09 15:53:36.950
200,2026-08-09 15:53:36.978
201,2026-08-09 15:53:36.998
202,2026-08-09 15:53:37.018
203,2026-08-09 15:53:37.038
204,2026-08-09 15:53:37.058
205,2026-08-09 15:53:37.078
206,2026-08-09 15:53:37.098
207,2026-08-09 15:53:37.118
208,2026-08-09 15:53:37.250
209,2026-08-09 15:53:37.278
210,2026-08-09 15:53:37.298
211,2026-08-09 15:53:37.318
212,2026-08-09 15:53:37.338
213,2026-08-09 15:53:37.358
214,2026-08-09 15:53:37.378
215,2026-08-09 15:53:37.398
216,2026-08-09 15:53:37.418
217,2026-08-09 15:53:37.550
218,2026-08-09 15:53:37.578
219,2026-08-09 15:53:37.598
220,2026-08-09 15:53:37.618
221,2026-08-09 15:53:37.638
222,2026-08-09 15:53:37.658
223,2026-08-09 15:53:37.678
224,2026-08-09 15:53:37.698
225,2026-08-09 15:53:37.718
226,2026-08-09 15:53:37.850
227,2026-08-09 15:53:37.878
228,2026-08-09 15:53:37.898
229,2026-08-09 15:53:37.918
230,2026-08-09 15:53:37.938
231,2026-08-09 15:53:37.958
232,2026-08-09 15:53:37.978
233,2026-08-09 15:53:37.998
234,2026-08-09 15:53:38.018
235,2026-08-09 15:53:38.150
236,2026-08-09 15:53:38.178
237,2026-08-09 15:53:38.198
238,2026-08-09 15:53:38.218
239,2026-08-09 15:53:38.238
240,2026-08-09 15:53:38.258
241,2026-08-09 15:53:38.278
242,2026-08-09 15:53:38.298
243,2026-08-09 15:53:38.318
244,2026-08-09 15:53:38.450
245,2026-08-09 15:53:38.478
246,2026-08-09 15:53:38.498
247,2026-08-09 15:53:38.518
248,2026-08-09 15:53:38.538
249,2026-08-09 15:53:38.558
250,2026-08-09 15:53:38.578
251,2026-08-09 15:53:38.598
252,2026-08-09 15:53:38.618
253,2026-08-09 15:53:38.750
254,2026-08-09 15:53:38.778
255,2026-08-09 15:53:38.798
256,2026-08-09 15:53:38.818
257,2026-08-09 15:53:38.838
258,2026-08-09 15:53:38.858
259,2026-08-09 15:53:38.878
260,2026-08-09 15:53:38.898
261,2026-08-09 15:53:38.918
262,2026-08-09 15:53:39.050
263,2026-08-09 15:53:39.078
264,2026-08-09 15:53:39.098
265,2026-08-09 15:53:39.118
266,2026-08-09 15:53:39.138
267,2026-08-09 15:53:39.158
268,2026-08-09 15:53:39.178
269,2026-08-09 15:53:39.198
270,2026-08-09 15:53:39.218
271,2026-08-09 15:53:39.350
272,2026-08-09 15:53:39.378
273,2026-08-09 15:53:39.398
274,2026-08-09 15:53:39.418
275,2026-08-09 15:53:39.438
276,2026-08-09 15:53:39.458
277,2026-08-09 15:53:39.478
278,2026-08-09 15:53:39.498
279,2026-08-09 15:53:39.518
280,2026-08-09 15:53:39.650
281,2026-08-09 15:53:39.678
282,2026-08-09 15:53:39.698
283,2026-08-09 15:53:39.718
284,2026-08-09 15:53:39.738
285,2026-08-09 15:53:39.758
286,2026-08-09 15:53:39.778
287,2026-08-09 15:53:39.798
288,2026-08-09 15:53:39.818
289,2026-08-09 15:53:39.947
290,2026-08-09 15:53:39.978
291,2026-08-09 15:53:39.998
292,2026-08-09 15:53:40.018
293,2026-08-09 15:53:40.038
294,2026-08-09 15:53:40.058
295,2026-08-09 15:53:40.078
296,2026-08-09 15:53:40.098
297,2026-08-09 15:53:40.118
298,2026-08-09 15:53:40.250
299,2026-08-09 15:53:40.278
300,2026-08-09 15:53:40.298
301,2026-08-09 15:53:40.318
302,2026-08-09 15:53:40.338
303,2026-08-09 15:53:40.358
304,2026-08-09 15:53:40.378
305,2026-08-09 15:53:40.398
306,2026-08-09 15:53:40.418
307,2026-08-09 15:53:40.550
308,2026-08-09 15:53:40.578
309,2026-08-09 15:53:40.598
310,2026-08-09 15:53:40.618
311,2026-08-09 15:53:40.638
312,2026-08-09 15:53:40.658
313,2026-08-09 15:53:40.678
314,2026-08-09 15:53:40.698
315,2026-08-09 15:53:40.718
316,2026-08-09 15:53:40.850
317,2026-08-09 15:53:40.878
318,2026-08-09 15:53:40.898
319,2026-08-09 15:53:40.918
320,2026-08-09 15:53:40.938
321,2026-08-09 15:53:40.958
322,2026-08-09 15:53:40.978
323,2026-08-09 15:53:40.998
324,2026-08-09 15:53:41.018
325,2026-08-09 15:53:41.150
326,2026-08-09 15:53:41.178
327,2026-08-09 15:53:41.198
328,2026-08-09 15:53:41.218
329,2026-08-09 15:53:41.238
330,2026-08-09 15:53:41.258
331,2026-08-09 15:53:41.278
332,2026-08-09 15:53:41.298
333,2026-08-09 15:53:41.318
334,2026-08-09 15:53:41.450
335,2026-08-09 15:53:41.478
336,2026-08-09 15:53:41.498
337,2026-08-09 15:53:41.518
338,2026-08-09 15:53:41.538
339,2026-08-09 15:53:41.558
340,2026-08-09 15:53:41.578
341,2026-08-09 15:53:41.598
342,2026-08-09 15:53:41.618
343,2026-08-09 15:53:41.750
344,2026-08-09 15:53:41.778
345,2026-08-09 15:53:41.798
346,2026-08-09 15:53:41.818
347,2026-08-09 15:53:41.838
348,2026-08-09 15:53:42.981
349,2026-08-09 15:53:55.577
350,2026-08-09 15:53:55.594
351,2026-08-09 15:53:55.614
352,2026-08-09 15:53:55.634
353,2026-08-09 15:53:55.654
354,2026-08-09 15:53:55.675
355,2026-08-09 15:53:55.694
356,2026-08-09 15:53:55.715
357,2026-08-09 15:53:55.735
358,2026-08-09 15:53:55.867
359,2026-08-09 15:53:55.894
360,2026-08-09 15:53:55.915
361,2026-08-09 15:53:55.934
362,2026-08-09 15:53:55.955
363,2026-08-09 15:53:55.974
364,2026-08-09 15:53:55.994
365,2026-08-09 15:53:56.015
366,2026-08-09 15:53:56.034
367,2026-08-09 15:53:56.167
368,2026-08-09 15:53:56.194
369,2026-08-09 15:53:56.215
370,2026-08-09 15:53:56.234
371,2026-08-09 15:53:56.254
372,2026-08-09 15:53:56.274
373,2026-08-09 15:53:56.294
374,2026-08-09 15:53:56.315
375,2026-08-09 15:53:56.334
376,2026-08-09 15:53:56.467
377,2026-08-09 15:53:56.495
378,2026-08-09 15:53:56.515
379,2026-08-09 15:53:56.534
380,2026-08-09 15:53:56.554
381,2026-08-09 15:53:56.575
382,2026-08-09 15:53:56.594
383,2026-08-09 15:53:56.614
384,2026-08-09 15:53:56.634
385,2026-08-09 15:53:56.767
386,2026-08-09 15:53:56.794
387,2026-08-09 15:53:56.815
388,2026-08-09 15:53:56.835
389,2026-08-09 15:53:56.854
390,2026-08-09 15:53:56.874
391,2026-08-09 15:53:56.895
392,2026-08-09 15:53:56.915
393,2026-08-09 15:53:56.934
394,2026-08-09 15:53:57.067
395,2026-08-09 15:53:57.095
396,2026-08-09 15:53:57.114
397,2026-08-09 15:53:57.135
398,2026-08-09 15:53:57.155
399,2026-08-09 15:53:57.175
400,2026-08-09 15:53:57.194
401,2026-08-09 15:53:57.214
402,2026-08-09 15:53:57.234
403,2026-08-09 15:53:57.367
404,2026-08-09 15:53:57.394
405,2026-08-09 15:53:57.415
406,2026-08-09 15:53:57.434
407,2026-08-09 15:53:57.454
408,2026-08-09 15:53:57.475
409,2026-08-09 15:53:57.495
410,2026-08-09 15:53:57.515
411,2026-08-09 15:53:57.534
412,2026-08-09 15:53:57.667
413,2026-08-09 15:53:57.695
414,2026-08-09 15:53:57.715
415,2026-08-09 15:53:57.734
416,2026-08-09 15:53:57.754
417,2026-08-09 15:53:57.775
418,2026-08-09 15:53:57.794
419,2026-08-09 15:53:57.815
420,2026-08-09 15:53:57.834
421,2026-08-09 15:53:57.967
422,2026-08-09 15:53:57.994
423,2026-08-09 15:53:58.014
424,2026-08-09 15:53:58.034
425,2026-08-09 15:53:58.055
426,2026-08-09 15:53:58.075
427,2026-08-09 15:53:58.094
428,2026-08-09 15:53:58.114
429,2026-08-09 15:53:58.135
430,2026-08-09 15:53:58.267
431,2026-08-09 15:53:58.294
432,2026-08-09 15:53:58.314
433,2026-08-09 15:53:58.335
434,2026-08-09 15:53:58.354
435,2026-08-09 15:53:59.293
436,2026-08-09 15:54:11.006
437,2026-08-09 15:54:11.921
438,2026-08-09 15:54:11.939
439,2026-08-09 15:54:12.121
440,2026-08-09 15:54:13.460
441,2026-08-09 15:54:14.135
442,2026-08-09 15:54:14.315
443,2026-08-09 15:54:14.332
444,2026-08-09 15:54:14.352
445,2026-08-09 15:54:14.372
446,2026-08-09 15:54:14.392
447,2026-08-09 15:54:16.308
448,2026-08-09 15:54:18.827
449,2026-08-09 15:54:19.067
450,2026-08-09 15:54:29.658
451,2026-08-09 15:54:29.840
452,2026-08-09 15:54:29.858
453,2026-08-09 15:54:29.878
454,2026-08-09 15:54:29.898
455,2026-08-09 15:54:31.411
456,2026-08-09 15:54:51.834
457,2026-08-09 15:54:51.852
458,2026-08-09 15:54:51.872
459,2026-08-09 15:54:51.892
460,2026-08-09 15:54:51.912
461,2026-08-09 15:54:51.932
462,2026-08-09 15:54:51.952
463,2026-08-09 15:54:51.972
464,2026-08-09 15:54:51.992
465,2026-08-09 15:54:52.124
466,2026-08-09 15:54:52.152
467,2026-08-09 15:54:52.172
468,2026-08-09 15:54:52.192
469,2026-08-09 15:54:52.212
470,2026-08-09 15:54:52.232
471,2026-08-09 15:54:52.252
472,2026-08-09 15:54:52.272
473,2026-08-09 15:54:52.292
474,2026-08-09 15:54:52.424
475,2026-08-09 15:54:52.452
476,2026-08-09 15:54:52.472
477,2026-08-09 15:54:52.492
478,2026-08-09 15:54:52.512
479,2026-08-09 15:54:52.532
480,2026-08-09 15:54:52.552
481,2026-08-09 15:54:52.572
482,2026-08-09 15:54:52.592
483,2026-08-09 15:54:52.724
484,2026-08-09 15:54:52.752
485,2026-08-09 15:54:52.772
486,2026-08-09 15:54:52.792
487,2026-08-09 15:54:52.812
488,2026-08-09 15:54:52.832
489,2026-08-09 15:54:52.852
490,2026-08-09 15:54:52.872
491,2026-08-09 15:54:52.892
492,2026-08-09 15:54:53.024
493,2026-08-09 15:54:53.052
494,2026-08-09 15:54:53.072
495,2026-08-09 15:54:53.092
496,2026-08-09 15:54:53.112
497,2026-08-09 15:54:53.132
498,2026-08-09 15:54:53.152
499,2026-08-09 15:54:53.172
500,2026-08-09 15:54:53.192
501,2026-08-09 15:54:53.324
502,2026-08-09 15:54:53.352
503,2026-08-09 15:54:53.372
504,2026-08-09 15:54:53.392
505,2026-08-09 15:54:53.412
506,2026-08-09 15:54:53.432
507,2026-08-09 15:54:53.452
508,2026-08-09 15:54:53.472
509,2026-08-09 15:54:53.492
510,2026-08-09 15:54:53.623
511,2026-08-09 15:54:53.652
512,2026-08-09 15:54:53.672
513,2026-08-09 15:54:53.692
514,2026-08-09 15:54:53.712
515,2026-08-09 15:54:53.732
516,2026-08-09 15:54:53.752
517,2026-08-09 15:54:53.772
518,2026-08-09 15:54:53.792
519,2026-08-09 15:54:53.924
520,2026-08-09 15:54:53.952
521,2026-08-09 15:54:53.972
522,2026-08-09 15:54:53.992
523,2026-08-09 15:54:54.012
524,2026-08-09 15:54:54.032
525,2026-08-09 15:54:54.052
526,2026-08-09 15:54:54.072
527,2026-08-09 15:54:54.092
528,2026-08-09 15:54:54.224
529,2026-08-09 15:54:54.252
530,2026-08-09 15:54:54.272
531,2026-08-09 15:54:54.292
532,2026-08-09 15:54:54.312
533,2026-08-09 15:54:54.332
534,2026-08-09 15:54:54.352
535,2026-08-09 15:54:54.372
536,2026-08-09 15:54:54.392
537,2026-08-09 15:54:54.524
538,2026-08-09 15:54:54.552
539,2026-08-09 15:54:54.572
540,2026-08-09 15:54:54.592
541,2026-08-09 15:54:54.612
542,2026-08-09 15:54:54.632
543,2026-08-09 15:54:54.652
544,2026-08-09 15:54:54.672
545,2026-08-09 15:54:54.692
546,2026-08-09 15:54:55.327
547,2026-08-09 15:54:55.344
548,2026-08-09 15:54:55.526
549,2026-08-09 15:54:55.544
550,2026-08-09 15:54:55.564
551,2026-08-09 15:54:55.584
552,2026-08-09 15:54:55.604
553,2026-08-09 15:54:56.442
554,2026-08-09 15:54:57.554
555,2026-08-09 15:54:57.572
556,2026-08-09 15:55:00.589
557,2026-08-09 15:55:00.607
558,2026-08-09 15:55:00.627
559,2026-08-09 15:55:00.869
560,2026-08-09 15:55:03.826
561,2026-08-09 15:55:13.747
562,2026-08-09 15:55:13.765
563,2026-08-09 15:55:15.160
564,2026-08-09 15:55:16.101
565,2026-08-09 15:55:16.321
566,2026-08-09 15:55:17.774
567,2026-08-09 15:55:34.359
568,2026-08-09 15:55:34.379
569,2026-08-09 15:55:54.732
570,2026-08-09 15:55:54.750
571,2026-08-09 15:55:54.770
572,2026-08-09 15:55:54.790
573,2026-08-09 15:55:54.810
574,2026-08-09 15:55:54.830
575,2026-08-09 15:55:54.850
576,2026-08-09 15:55:54.870
577,2026-08-09 15:55:54.890
578,2026-08-09 15:55:55.026
579,2026-08-09 15:55:55.050
580,2026-08-09 15:55:55.070
581,2026-08-09 15:55:55.090
582,2026-08-09 15:55:55.110
583,2026-08-09 15:55:55.130
584,2026-08-09 15:55:55.150
585,2026-08-09 15:55:55.170
586,2026-08-09 15:55:55.190
587,2026-08-09 15:55:55.326
588,2026-08-09 15:55:55.350
589,2026-08-09 15:55:55.370
590,2026-08-09 15:55:55.390
591,2026-08-09 15:55:55.410
592,2026-08-09 15:55:55.430
593,2026-08-09 15:55:55.450
594,2026-08-09 15:55:55.470
595,2026-08-09 15:55:55.490
596,2026-08-09 15:55:55.626
597,2026-08-09 15:55:55.650
598,2026-08-09 15:55:55.670
599,2026-08-09 15:55:55.690
600,2026-08-09 15:55:55.710
601,2026-08-09 15:55:55.730
602,2026-08-09 15:55:55.750
603,2026-08-09 15:55:55.770
604,2026-08-09 15:55:55.790
605,2026-08-09 15:55:55.926
606,2026-08-09 15:55:55.950
607,2026-08-09 15:55:55.970
608,2026-08-09 15:55:55.990
609,2026-08-09 15:55:56.010
610,2026-08-09 15:55:56.030
611,2026-08-09 15:55:56.050
612,2026-08-09 15:55:56.070
613,2026-08-09 15:55:56.090
614,2026-08-09 15:55:56.226
615,2026-08-09 15:55:56.250
616,2026-08-09 15:55:56.270
617,2026-08-09 15:55:56.290
618,2026-08-09 15:55:56.310
619,2026-08-09 15:55:56.330
620,2026-08-09 15:55:56.350
621,2026-08-09 15:55:56.370
622,2026-08-09 15:55:56.390
623,2026-08-09 15:55:56.527
624,2026-08-09 15:55:56.550
625,2026-08-09 15:55:56.572
626,2026-08-09 15:55:56.590
627,2026-08-09 15:55:56.610
628,2026-08-09 15:55:56.630
629,2026-08-09 15:55:56.650
630,2026-08-09 15:55:56.670
631,2026-08-09 15:55:56.690
632,2026-08-09 15:55:56.826
633,2026-08-09 15:55:56.850
634,2026-08-09 15:55:56.870
635,2026-08-09 15:55:56.890
636,2026-08-09 15:55:56.910
637,2026-08-09 15:55:56.930
638,2026-08-09 15:55:56.950
639,2026-08-09 15:55:56.970
640,2026-08-09 15:55:56.990
641,2026-08-09 15:55:57.126
642,2026-08-09 15:55:57.150
643,2026-08-09 15:55:57.170
644,2026-08-09 15:55:57.190
645,2026-08-09 15:55:57.210
646,2026-08-09 15:55:57.230
647,2026-08-09 15:55:57.250
648,2026-08-09 15:55:57.270
649,2026-08-09 15:55:57.290
650,2026-08-09 15:55:57.426
651,2026-08-09 15:55:57.450
652,2026-08-09 15:55:57.470
653,2026-08-09 15:55:57.490
654,2026-08-09 15:55:57.510
655,2026-08-09 15:55:57.530
656,2026-08-09 15:55:57.550
657,2026-08-09 15:55:57.570
658,2026-08-09 15:55:57.590
659,2026-08-09 15:55:57.726
660,2026-08-09 15:55:57.750
661,2026-08-09 15:55:57.770
662,2026-08-09 15:55:57.790
663,2026-08-09 15:55:57.810
664,2026-08-09 15:55:57.830
665,2026-08-09 15:55:57.850
666,2026-08-09 15:55:57.870
667,2026-08-09 15:55:57.890
668,2026-08-09 15:55:58.026
669,2026-08-09 15:55:58.050
670,2026-08-09 15:55:58.070
671,2026-08-09 15:55:58.090
672,2026-08-09 15:55:58.110
673,2026-08-09 15:55:58.130
674,2026-08-09 15:55:58.150
675,2026-08-09 15:55:58.170
676,2026-08-09 15:55:58.190
677,2026-08-09 15:55:58.326
678,2026-08-09 15:55:58.350
679,2026-08-09 15:55:58.370
680,2026-08-09 15:55:58.390
681,2026-08-09 15:55:58.410
682,2026-08-09 15:55:58.430
683,2026-08-09 15:55:58.450
684,2026-08-09 15:55:58.470
685,2026-08-09 15:55:58.490
686,2026-08-09 15:55:58.626
687,2026-08-09 15:55:58.650
688,2026-08-09 15:55:58.670
689,2026-08-09 15:55:58.690
690,2026-08-09 15:55:58.710
691,2026-08-09 15:55:58.730
692,2026-08-09 15:55:58.750
693,2026-08-09 15:55:58.770
694,2026-08-09 15:55:58.790
695,2026-08-09 15:55:58.926
696,2026-08-09 15:55:58.950
697,2026-08-09 15:55:58.970
698,2026-08-09 15:55:58.990
699,2026-08-09 15:55:59.010
700,2026-08-09 15:55:59.030
701,2026-08-09 15:55:59.050
702,2026-08-09 15:55:59.070
703,2026-08-09 15:55:59.090
704,2026-08-09 15:55:59.226
705,2026-08-09 15:55:59.250
706,2026-08-09 15:55:59.270
707,2026-08-09 15:55:59.290
708,2026-08-09 15:55:59.310
709,2026-08-09 15:55:59.330
710,2026-08-09 15:55:59.350
711,2026-08-09 15:55:59.370
712,2026-08-09 15:55:59.390
713,2026-08-09 15:55:59.526
714,2026-08-09 15:55:59.550
715,2026-08-09 15:55:59.570
716,2026-08-09 15:55:59.590
717,2026-08-09 15:55:59.610
718,2026-08-09 15:55:59.630
719,2026-08-09 15:55:59.650
720,2026-08-09 15:55:59.670
721,2026-08-09 15:55:59.690
722,2026-08-09 15:55:59.826
723,2026-08-09 15:55:59.850
724,2026-08-09 15:55:59.870
725,2026-08-09 15:56:00.951
726,2026-08-09 15:56:00.969
727,2026-08-09 15:56:01.726
728,2026-08-09 15:56:01.744
729,2026-08-09 15:56:01.763
730,2026-08-09 15:56:14.485
731,2026-08-09 15:56:14.503
732,2026-08-09 15:56:14.523
733,2026-08-09 15:56:14.745
734,2026-08-09 15:56:14.965
735,2026-08-09 15:56:15.205
736,2026-08-09 15:56:36.481
737,2026-08-09 15:56:36.498
738,2026-08-09 15:56:36.518
739,2026-08-09 15:56:36.538
740,2026-08-09 15:56:36.558
741,2026-08-09 15:56:36.578
742,2026-08-09 15:56:36.600
743,2026-08-09 15:56:36.618
744,2026-08-09 15:56:36.638
745,2026-08-09 15:56:36.775
746,2026-08-09 15:56:36.799
747,2026-08-09 15:56:36.818
748,2026-08-09 15:56:36.838
749,2026-08-09 15:56:36.858
750,2026-08-09 15:56:36.878
751,2026-08-09 15:56:36.899
752,2026-08-09 15:56:36.918
753,2026-08-09 15:56:36.938
754,2026-08-09 15:56:37.075
755,2026-08-09 15:56:37.099
756,2026-08-09 15:56:37.119
757,2026-08-09 15:56:37.138
758,2026-08-09 15:56:37.158
759,2026-08-09 15:56:37.178
760,2026-08-09 15:56:37.198
761,2026-08-09 15:56:37.218
762,2026-08-09 15:56:37.238
763,2026-08-09 15:56:37.375
764,2026-08-09 15:56:37.399
765,2026-08-09 15:56:37.419
766,2026-08-09 15:56:37.439
767,2026-08-09 15:56:37.459
768,2026-08-09 15:56:37.478
769,2026-08-09 15:56:37.498
770,2026-08-09 15:56:37.518
771,2026-08-09 15:56:37.538
772,2026-08-09 15:56:37.675
773,2026-08-09 15:56:37.699
774,2026-08-09 15:56:37.719
775,2026-08-09 15:56:37.739
776,2026-08-09 15:56:37.759
777,2026-08-09 15:56:37.779
778,2026-08-09 15:56:37.799
779,2026-08-09 15:56:37.818
780,2026-08-09 15:56:37.838
781,2026-08-09 15:56:37.975
782,2026-08-09 15:56:37.999
783,2026-08-09 15:56:38.019
784,2026-08-09 15:56:38.039
785,2026-08-09 15:56:38.059
786,2026-08-09 15:56:38.079
787,2026-08-09 15:56:38.099
788,2026-08-09 15:56:38.119
789,2026-08-09 15:56:38.139
790,2026-08-09 15:56:38.275
791,2026-08-09 15:56:38.298
792,2026-08-09 15:56:38.319
793,2026-08-09 15:56:38.339
794,2026-08-09 15:56:38.359
795,2026-08-09 15:56:38.379
796,2026-08-09 15:56:38.398
797,2026-08-09 15:56:38.419
798,2026-08-09 15:56:38.439
799,2026-08-09 15:56:38.575
800,2026-08-09 15:56:38.598
801,2026-08-09 15:56:38.619
802,2026-08-09 15:56:38.638
803,2026-08-09 15:56:38.658
804,2026-08-09 15:56:38.679
805,2026-08-09 15:56:38.698
806,2026-08-09 15:56:38.719
807,2026-08-09 15:56:38.739
808,2026-08-09 15:56:38.875
809,2026-08-09 15:56:38.898
810,2026-08-09 15:56:38.919
811,2026-08-09 15:56:38.938
812,2026-08-09 15:56:38.978
813,2026-08-09 15:56:38.999
814,2026-08-09 15:56:39.018
815,2026-08-09 15:56:39.039
816,2026-08-09 15:56:39.059
817,2026-08-09 15:56:39.195
818,2026-08-09 15:56:39.218
819,2026-08-09 15:56:39.238
820,2026-08-09 15:56:39.258
821,2026-08-09 15:56:39.278
822,2026-08-09 15:56:39.298
823,2026-08-09 15:56:39.318
824,2026-08-09 15:56:39.338
825,2026-08-09 15:56:39.358
826,2026-08-09 15:56:39.495
827,2026-08-09 15:56:39.518
828,2026-08-09 15:56:39.539
829,2026-08-09 15:56:39.558
830,2026-08-09 15:56:39.578
831,2026-08-09 15:56:39.598
832,2026-08-09 15:56:39.618
833,2026-08-09 15:56:39.638
834,2026-08-09 15:56:39.658
835,2026-08-09 15:56:39.795
836,2026-08-09 15:56:39.819
837,2026-08-09 15:56:39.839
838,2026-08-09 15:56:39.859
839,2026-08-09 15:56:39.878
840,2026-08-09 15:56:39.898
841,2026-08-09 15:56:39.918
842,2026-08-09 15:56:39.938
843,2026-08-09 15:56:39.958
844,2026-08-09 15:56:40.115
845,2026-08-09 15:56:40.138
846,2026-08-09 15:56:40.159
847,2026-08-09 15:56:40.179
848,2026-08-09 15:56:40.198
849,2026-08-09 15:56:40.218
850,2026-08-09 15:56:40.238
851,2026-08-09 15:56:40.259
852,2026-08-09 15:56:40.278
853,2026-08-09 15:56:40.415
854,2026-08-09 15:56:40.439
855,2026-08-09 15:56:40.459
856,2026-08-09 15:56:40.478
857,2026-08-09 15:56:40.498
858,2026-08-09 15:56:40.519
859,2026-08-09 15:56:40.538
860,2026-08-09 15:56:40.578
861,2026-08-09 15:56:40.598
862,2026-08-09 15:56:40.732
863,2026-08-09 15:56:40.759
864,2026-08-09 15:56:40.779
865,2026-08-09 15:56:40.799
866,2026-08-09 15:56:40.819
867,2026-08-09 15:56:40.859
868,2026-08-09 15:56:40.878
869,2026-08-09 15:56:40.898
870,2026-08-09 15:56:40.918
871,2026-08-09 15:56:41.078
872,2026-08-09 15:56:41.119
873,2026-08-09 15:56:41.139
874,2026-08-09 15:56:41.159
875,2026-08-09 15:56:41.218
876,2026-08-09 15:56:41.238
877,2026-08-09 15:56:41.259
878,2026-08-09 15:56:41.278
879,2026-08-09 15:56:41.298
880,2026-08-09 15:56:41.435
881,2026-08-09 15:56:41.459
882,2026-08-09 15:56:41.478
883,2026-08-09 15:56:41.499
884,2026-08-09 15:56:41.519
885,2026-08-09 15:56:41.539
886,2026-08-09 15:56:41.558
887,2026-08-09 15:56:41.578
888,2026-08-09 15:56:41.598
889,2026-08-09 15:56:41.735
890,2026-08-09 15:56:41.758
891,2026-08-09 15:56:41.779
892,2026-08-09 15:56:41.799
893,2026-08-09 15:56:41.818
894,2026-08-09 15:56:41.839
895,2026-08-09 15:56:41.859
896,2026-08-09 15:56:41.879
897,2026-08-09 15:56:41.898
898,2026-08-09 15:56:42.058
899,2026-08-09 15:56:42.078
900,2026-08-09 15:56:42.118
901,2026-08-09 15:56:42.139
902,2026-08-09 15:56:42.159
903,2026-08-09 15:56:42.178
904,2026-08-09 15:56:42.198
905,2026-08-09 15:56:42.219
906,2026-08-09 15:56:42.238
907,2026-08-09 15:56:42.375
908,2026-08-09 15:56:42.398
909,2026-08-09 15:56:42.418
910,2026-08-09 15:56:42.439
911,2026-08-09 15:56:42.478
912,2026-08-09 15:56:42.519
913,2026-08-09 15:56:42.539
914,2026-08-09 15:56:42.559
915,2026-08-09 15:56:42.578
916,2026-08-09 15:56:42.735
917,2026-08-09 15:56:42.759
918,2026-08-09 15:56:42.779
919,2026-08-09 15:56:42.799
920,2026-08-09 15:56:42.819
921,2026-08-09 15:56:42.839
922,2026-08-09 15:56:42.859
923,2026-08-09 15:56:42.879
924,2026-08-09 15:56:42.898
925,2026-08-09 15:56:43.035
926,2026-08-09 15:56:43.059
927,2026-08-09 15:56:43.078
928,2026-08-09 15:56:43.098
929,2026-08-09 15:56:43.118
930,2026-08-09 15:56:43.139
931,2026-08-09 15:56:43.158
932,2026-08-09 15:56:43.178
933,2026-08-09 15:56:43.199
934,2026-08-09 15:56:43.332
935,2026-08-09 15:56:43.359
936,2026-08-09 15:56:43.378
937,2026-08-09 15:56:43.398
938,2026-08-09 15:56:43.418
939,2026-08-09 15:56:43.438
940,2026-08-09 15:56:43.458
941,2026-08-09 15:56:43.478
942,2026-08-09 15:56:43.498
943,2026-08-09 15:56:43.635
944,2026-08-09 15:56:43.658
945,2026-08-09 15:56:43.678
946,2026-08-09 15:56:43.698
947,2026-08-09 15:56:43.738
948,2026-08-09 15:56:43.758
949,2026-08-09 15:56:43.778
950,2026-08-09 15:56:43.798
951,2026-08-09 15:56:43.819
952,2026-08-09 15:56:43.955
953,2026-08-09 15:56:43.978
954,2026-08-09 15:56:43.998
955,2026-08-09 15:56:44.018
956,2026-08-09 15:56:44.038
957,2026-08-09 15:56:44.058
958,2026-08-09 15:56:44.078
959,2026-08-09 15:56:44.098
960,2026-08-09 15:56:44.118
961,2026-08-09 15:56:44.255
962,2026-08-09 15:56:44.278
963,2026-08-09 15:56:44.298
964,2026-08-09 15:56:44.318
965,2026-08-09 15:56:44.338
966,2026-08-09 15:56:44.358
967,2026-08-09 15:56:44.378
968,2026-08-09 15:56:44.398
969,2026-08-09 15:56:44.418
970,2026-08-09 15:56:44.555
971,2026-08-09 15:56:44.578
972,2026-08-09 15:56:44.618
973,2026-08-09 15:56:44.638
974,2026-08-09 15:56:44.658
975,2026-08-09 15:56:44.678
976,2026-08-09 15:56:44.698
977,2026-08-09 15:56:44.758
978,2026-08-09 15:56:44.778
979,2026-08-09 15:56:44.935
980,2026-08-09 15:56:44.978
981,2026-08-09 15:56:44.998
982,2026-08-09 15:56:45.018
983,2026-08-09 15:56:45.098
984,2026-08-09 15:56:45.158
985,2026-08-09 15:56:45.199
986,2026-08-09 15:56:45.219
987,2026-08-09 15:56:45.259
988,2026-08-09 15:56:45.395
989,2026-08-09 15:56:45.419
990,2026-08-09 15:56:45.438
991,2026-08-09 15:56:45.478
992,2026-08-09 15:56:45.518
993,2026-08-09 15:56:45.538
994,2026-08-09 15:56:45.558
995,2026-08-09 15:56:45.618
996,2026-08-09 15:56:45.638
997,2026-08-09 15:56:45.775
998,2026-08-09 15:56:45.798
999,2026-08-09 15:56:45.818
1000,2026-08-09 15:56:45.838
1001,2026-08-09 15:56:45.858
1002,2026-08-09 15:56:45.878
1003,2026-08-09 15:56:45.938
1004,2026-08-09 15:56:45.959
1005,2026-08-09 15:56:45.978
1006,2026-08-09 15:56:46.115
1007,2026-08-09 15:56:46.138
1008,2026-08-09 15:56:46.159
1009,2026-08-09 15:56:46.198
1010,2026-08-09 15:56:46.218
1011,2026-08-09 15:56:46.238
1012,2026-08-09 15:56:46.298
1013,2026-08-09 15:56:56.973
1014,2026-08-09 15:56:56.990
1015,2026-08-09 15:56:57.213
1016,2026-08-09 15:56:59.125
1017,2026-08-09 15:57:00.241
1018,2026-08-09 15:57:00.259
1019,2026-08-09 15:57:02.913
1020,2026-08-09 15:57:03.133
1021,2026-08-09 15:57:17.171
1022,2026-08-09 15:57:17.189
1023,2026-08-09 15:57:17.209
1024,2026-08-09 15:57:17.229
1025,2026-08-09 15:57:17.249
1026,2026-08-09 15:57:17.269
1027,2026-08-09 15:57:17.289
1028,2026-08-09 15:57:17.309
1029,2026-08-09 15:57:17.329
1030,2026-08-09 15:57:17.461
1031,2026-08-09 15:57:17.489
1032,2026-08-09 15:57:17.509
1033,2026-08-09 15:57:17.529
1034,2026-08-09 15:57:17.549
1035,2026-08-09 15:57:17.569
1036,2026-08-09 15:57:17.589
1037,2026-08-09 15:57:17.609
1038,2026-08-09 15:57:17.629
1039,2026-08-09 15:57:17.761
1040,2026-08-09 15:57:17.789
1041,2026-08-09 15:57:17.809
1042,2026-08-09 15:57:17.829
1043,2026-08-09 15:57:17.849
1044,2026-08-09 15:57:17.869
1045,2026-08-09 15:57:17.889
1046,2026-08-09 15:57:17.909
1047,2026-08-09 15:57:17.929
1048,2026-08-09 15:57:18.061
1049,2026-08-09 15:57:18.089
1050,2026-08-09 15:57:18.109
1051,2026-08-09 15:57:18.129
1052,2026-08-09 15:57:18.149
1053,2026-08-09 15:57:18.169
1054,2026-08-09 15:57:18.189
1055,2026-08-09 15:57:18.209
1056,2026-08-09 15:57:18.229
1057,2026-08-09 15:57:18.361
1058,2026-08-09 15:57:18.389
1059,2026-08-09 15:57:18.409
1060,2026-08-09 15:57:18.429
1061,2026-08-09 15:57:18.449
1062,2026-08-09 15:57:18.469
1063,2026-08-09 15:57:18.489
1064,2026-08-09 15:57:18.509
1065,2026-08-09 15:57:18.529
1066,2026-08-09 15:57:18.661
1067,2026-08-09 15:57:18.689
1068,2026-08-09 15:57:18.709
1069,2026-08-09 15:57:18.729
1070,2026-08-09 15:57:18.749
1071,2026-08-09 15:57:18.769
1072,2026-08-09 15:57:18.789
1073,2026-08-09 15:57:18.809
1074,2026-08-09 15:57:18.829
1075,2026-08-09 15:57:18.961
1076,2026-08-09 15:57:18.989
1077,2026-08-09 15:57:19.009
1078,2026-08-09 15:57:19.029
1079,2026-08-09 15:57:19.049
1080,2026-08-09 15:57:19.069
1081,2026-08-09 15:57:19.089
1082,2026-08-09 15:57:19.109
1083,2026-08-09 15:57:19.129
1084,2026-08-09 15:57:19.261
1085,2026-08-09 15:57:19.289
1086,2026-08-09 15:57:19.309
1087,2026-08-09 15:57:19.329
1088,2026-08-09 15:57:19.349
1089,2026-08-09 15:57:19.369
1090,2026-08-09 15:57:19.389
1091,2026-08-09 15:57:19.409
1092,2026-08-09 15:57:19.429
1093,2026-08-09 15:57:19.561
1094,2026-08-09 15:57:19.589
1095,2026-08-09 15:57:19.609
1096,2026-08-09 15:57:19.629
1097,2026-08-09 15:57:19.649
1098,2026-08-09 15:57:19.669
1099,2026-08-09 15:57:19.689
1100,2026-08-09 15:57:19.709
1101,2026-08-09 15:57:19.729
1102,2026-08-09 15:57:19.861
1103,2026-08-09 15:57:19.889
1104,2026-08-09 15:57:19.911
1105,2026-08-09 15:57:19.929
1106,2026-08-09 15:57:19.949
1107,2026-08-09 15:57:19.969
1108,2026-08-09 15:57:19.989
1109,2026-08-09 15:57:20.009
1110,2026-08-09 15:57:20.029
1111,2026-08-09 15:57:20.161
1112,2026-08-09 15:57:20.189
1113,2026-08-09 15:57:20.209
1114,2026-08-09 15:57:20.229
1115,2026-08-09 15:57:20.249
1116,2026-08-09 15:57:20.269
1117,2026-08-09 15:57:20.289
1118,2026-08-09 15:57:20.309
1119,2026-08-09 15:57:20.329
1120,2026-08-09 15:57:20.461
1121,2026-08-09 15:57:20.489
1122,2026-08-09 15:57:20.509
1123,2026-08-09 15:57:20.529
1124,2026-08-09 15:57:20.549
1125,2026-08-09 15:57:20.569
1126,2026-08-09 15:57:20.589
1127,2026-08-09 15:57:20.609
1128,2026-08-09 15:57:20.629
1129,2026-08-09 15:57:20.761
1130,2026-08-09 15:57:20.789
1131,2026-08-09 15:57:20.809
1132,2026-08-09 15:57:20.829
1133,2026-08-09 15:57:20.849
1134,2026-08-09 15:57:20.869
1135,2026-08-09 15:57:20.889
1136,2026-08-09 15:57:20.909
1137,2026-08-09 15:57:20.929
1138,2026-08-09 15:57:21.061
1139,2026-08-09 15:57:21.089
1140,2026-08-09 15:57:21.109
1141,2026-08-09 15:57:21.129
1142,2026-08-09 15:57:21.149
1143,2026-08-09 15:57:21.169
1144,2026-08-09 15:57:21.189
1145,2026-08-09 15:57:21.209
1146,2026-08-09 15:57:21.229
1147,2026-08-09 15:57:21.361
1148,2026-08-09 15:57:21.389
1149,2026-08-09 15:57:21.409
1150,2026-08-09 15:57:21.429
1151,2026-08-09 15:57:21.449
1152,2026-08-09 15:57:21.469
1153,2026-08-09 15:57:21.489
1154,2026-08-09 15:57:21.509
1155,2026-08-09 15:57:21.529
1156,2026-08-09 15:57:21.661
1157,2026-08-09 15:57:21.689
1158,2026-08-09 15:57:21.709
1159,2026-08-09 15:57:21.729
1160,2026-08-09 15:57:21.749
1161,2026-08-09 15:57:21.769
1162,2026-08-09 15:57:21.789
1163,2026-08-09 15:57:21.809
1164,2026-08-09 15:57:21.829
1165,2026-08-09 15:57:21.961
1166,2026-08-09 15:57:21.989
1167,2026-08-09 15:57:22.009
1168,2026-08-09 15:57:22.029
1169,2026-08-09 15:57:22.049
1170,2026-08-09 15:57:22.069
1171,2026-08-09 15:57:22.089
1172,2026-08-09 15:57:22.109
1173,2026-08-09 15:57:22.129
1174,2026-08-09 15:57:22.261
1175,2026-08-09 15:57:22.289
1176,2026-08-09 15:57:22.309
1177,2026-08-09 15:57:22.329
1178,2026-08-09 15:57:22.349
1179,2026-08-09 15:57:22.369
1180,2026-08-09 15:57:22.389
1181,2026-08-09 15:57:22.409
1182,2026-08-09 15:57:22.429
1183,2026-08-09 15:57:22.561
1184,2026-08-09 15:57:22.589
1185,2026-08-09 15:57:22.609
1186,2026-08-09 15:57:22.629
1187,2026-08-09 15:57:22.649
1188,2026-08-09 15:57:22.669
1189,2026-08-09 15:57:22.689
1190,2026-08-09 15:57:22.709
1191,2026-08-09 15:57:22.729
1192,2026-08-09 15:57:22.861
1193,2026-08-09 15:57:22.889
1194,2026-08-09 15:57:22.909
1195,2026-08-09 15:57:22.929
1196,2026-08-09 15:57:22.949
1197,2026-08-09 15:57:22.969
1198,2026-08-09 15:57:22.989
1199,2026-08-09 15:57:23.009
1200,2026-08-09 15:57:23.029
1201,2026-08-09 15:57:23.161
1202,2026-08-09 15:57:23.189
1203,2026-08-09 15:57:23.209
1204,2026-08-09 15:57:23.229
1205,2026-08-09 15:57:23.249
1206,2026-08-09 15:57:23.269
1207,2026-08-09 15:57:23.289
1208,2026-08-09 15:57:23.309
1209,2026-08-09 15:57:23.329
1210,2026-08-09 15:57:23.461
1211,2026-08-09 15:57:23.489
1212,2026-08-09 15:57:23.509
1213,2026-08-09 15:57:23.529
1214,2026-08-09 15:57:23.549
1215,2026-08-09 15:57:23.569
1216,2026-08-09 15:57:23.589
1217,2026-08-09 15:57:24.190
1218,2026-08-09 15:57:24.372
1219,2026-08-09 15:57:24.390
1220,2026-08-09 15:57:24.410
1221,2026-08-09 15:57:24.430
1222,2026-08-09 15:57:24.450
1223,2026-08-09 15:57:24.470
1224,2026-08-09 15:57:25.305
1225,2026-08-09 15:57:25.322
1226,2026-08-09 15:57:25.545
1227,2026-08-09 15:57:26.624
1228,2026-08-09 15:57:26.863
1229,2026-08-09 15:57:29.476
1230,2026-08-09 15:57:29.494
1231,2026-08-09 15:57:29.534
1232,2026-08-09 15:57:30.532
1233,2026-08-09 15:57:30.570
1234,2026-08-09 15:57:32.104
1235,2026-08-09 15:57:32.122
1236,2026-08-09 15:57:32.177
1237,2026-08-09 15:57:44.083
1238,2026-08-09 15:57:44.084
1239,2026-08-09 15:57:44.223
1240,2026-08-09 15:57:44.241
1241,2026-08-09 15:57:44.261
1242,2026-08-09 15:57:46.353
1243,2026-08-09 15:57:47.284
1244,2026-08-09 15:57:47.304
1245,2026-08-09 15:57:47.324
1246,2026-08-09 15:57:47.566
1247,2026-08-09 15:57:52.695
1248,2026-08-09 15:58:01.130
1249,2026-08-09 15:58:01.148
1250,2026-08-09 15:58:01.168
1251,2026-08-09 15:58:01.188
1252,2026-08-09 15:58:02.263
1253,2026-08-09 15:58:02.281
1254,2026-08-09 15:58:03.340
1255,2026-08-09 15:58:03.378
1256,2026-08-09 15:58:03.620
1257,2026-08-09 15:58:05.573
1258,2026-08-09 15:58:07.109
1259,2026-08-09 15:58:09.621
1260,2026-08-09 15:58:09.861
1261,2026-08-09 15:58:11.179
1262,2026-08-09 15:58:15.132
1263,2026-08-09 15:58:16.211
1264,2026-08-09 15:58:16.228
1265,2026-08-09 15:58:26.750
1266,2026-08-09 15:58:26.767
1267,2026-08-09 15:58:28.722
1268,2026-08-09 15:58:28.740
1269,2026-08-09 15:58:30.243
1270,2026-08-09 15:58:34.780
1271,2026-08-09 15:58:34.797
1272,2026-08-09 15:58:45.652
1273,2026-08-09 15:58:47.224
1274,2026-08-09 15:58:49.121
1275,2026-08-09 15:58:52.016
1276,2026-08-09 15:58:53.610
1277,2026-08-09 15:59:07.652
1278,2026-08-09 15:59:07.670
1279,2026-08-09 15:59:07.690
1280,2026-08-09 15:59:07.710
1281,2026-08-09 15:59:07.730
1282,2026-08-09 15:59:07.750
1283,2026-08-09 15:59:07.770
1284,2026-08-09 15:59:07.790
1285,2026-08-09 15:59:07.830
1286,2026-08-09 15:59:30.329
1287,2026-08-09 15:59:30.346
1288,2026-08-09 15:59:30.549
1289,2026-08-09 15:59:30.566
1290,2026-08-09 15:59:30.606
1291,2026-08-09 15:59:32.304
1292,2026-08-09 15:59:33.818
1293,2026-08-09 15:59:36.416
1294,2026-08-09 15:59:41.211
1295,2026-08-09 15:59:51.893
1296,2026-08-09 15:59:51.911
1297,2026-08-09 15:59:51.931
1298,2026-08-09 15:59:51.951
1299,2026-08-09 15:59:51.974
1300,2026-08-09 15:59:51.993
1301,2026-08-09 15:59:52.011
1302,2026-08-09 15:59:52.031
1303,2026-08-09 15:59:52.051
1304,2026-08-09 15:59:52.190
1305,2026-08-09 15:59:52.211
1306,2026-08-09 15:59:52.231
1307,2026-08-09 15:59:52.251
1308,2026-08-09 15:59:52.288
1309,2026-08-09 15:59:53.352
1310,2026-08-09 15:59:55.047
1311,2026-08-09 15:59:55.311
1312,2026-08-09 15:59:58.386
1313,2026-08-09 15:59:58.403
1314,2026-08-09 15:59:59.480
1315,2026-08-09 15:59:59.701
1316,2026-08-09 16:00:01.855
1317,2026-08-09 16:00:01.873
1318,2026-08-09 16:00:01.893
1319,2026-08-09 16:00:01.913
1320,2026-08-09 16:00:04.129
1321,2026-08-09 16:00:05.127
1322,2026-08-09 16:00:05.145
1323,2026-08-09 16:00:05.165
1324,2026-08-09 16:00:05.186
1325,2026-08-09 16:00:05.205
1326,2026-08-09 16:00:05.225
1327,2026-08-09 16:00:06.063
1328,2026-08-09 16:00:06.080
1329,2026-08-09 16:00:06.302
1330,2026-08-09 16:00:06.522
1331,2026-08-09 16:00:07.201
1332,2026-08-09 16:00:08.256
1333,2026-08-09 16:00:09.414
1334,2026-08-09 16:00:10.969
1335,2026-08-09 16:00:22.224
1336,2026-08-09 16:00:22.241
1337,2026-08-09 16:00:22.261
1338,2026-08-09 16:00:22.281
1339,2026-08-09 16:00:22.301
1340,2026-08-09 16:00:22.321
1341,2026-08-09 16:00:22.341
1342,2026-08-09 16:00:22.361
1343,2026-08-09 16:00:22.381
1344,2026-08-09 16:00:22.517
1345,2026-08-09 16:00:22.541
1346,2026-08-09 16:00:22.561
1347,2026-08-09 16:00:22.581
1348,2026-08-09 16:00:22.601
1349,2026-08-09 16:00:22.621
1350,2026-08-09 16:00:22.641
1351,2026-08-09 16:00:22.661
1352,2026-08-09 16:00:22.681
1353,2026-08-09 16:00:22.817
1354,2026-08-09 16:00:22.841
1355,2026-08-09 16:00:22.861
1356,2026-08-09 16:00:22.881
1357,2026-08-09 16:00:22.901
1358,2026-08-09 16:00:22.921
1359,2026-08-09 16:00:22.941
1360,2026-08-09 16:00:22.961
1361,2026-08-09 16:00:22.981
1362,2026-08-09 16:00:23.117
1363,2026-08-09 16:00:23.141
1364,2026-08-09 16:00:23.161
1365,2026-08-09 16:00:23.181
1366,2026-08-09 16:00:23.201
1367,2026-08-09 16:00:23.221
1368,2026-08-09 16:00:23.241
1369,2026-08-09 16:00:23.261
1370,2026-08-09 16:00:23.281
1371,2026-08-09 16:00:23.417
1372,2026-08-09 16:00:23.441
1373,2026-08-09 16:00:23.461
1374,2026-08-09 16:00:23.481
1375,2026-08-09 16:00:23.501
1376,2026-08-09 16:00:23.521
1377,2026-08-09 16:00:23.541
1378,2026-08-09 16:00:23.561
1379,2026-08-09 16:00:23.581
1380,2026-08-09 16:00:23.717
1381,2026-08-09 16:00:23.741
1382,2026-08-09 16:00:23.761
1383,2026-08-09 16:00:23.781
1384,2026-08-09 16:00:23.801
1385,2026-08-09 16:00:23.821
1386,2026-08-09 16:00:23.841
1387,2026-08-09 16:00:23.861
1388,2026-08-09 16:00:23.881
1389,2026-08-09 16:00:24.017
1390,2026-08-09 16:00:24.041
1391,2026-08-09 16:00:24.061
1392,2026-08-09 16:00:24.081
1393,2026-08-09 16:00:24.101
1394,2026-08-09 16:00:24.121
1395,2026-08-09 16:00:24.141
1396,2026-08-09 16:00:24.161
1397,2026-08-09 16:00:24.181
1398,2026-08-09 16:00:24.317
1399,2026-08-09 16:00:24.341
1400,2026-08-09 16:00:24.361
1401,2026-08-09 16:00:24.381
1402,2026-08-09 16:00:24.401
1403,2026-08-09 16:00:24.421
1404,2026-08-09 16:00:24.441
1405,2026-08-09 16:00:24.461
1406,2026-08-09 16:00:24.481
1407,2026-08-09 16:00:24.618
1408,2026-08-09 16:00:24.641
1409,2026-08-09 16:00:24.661
1410,2026-08-09 16:00:24.681
1411,2026-08-09 16:00:24.701
1412,2026-08-09 16:00:24.721
1413,2026-08-09 16:00:24.741
1414,2026-08-09 16:00:24.761
1415,2026-08-09 16:00:24.781
1416,2026-08-09 16:00:24.917
1417,2026-08-09 16:00:24.941
1418,2026-08-09 16:00:24.961
1419,2026-08-09 16:00:24.981
1420,2026-08-09 16:00:25.001
1421,2026-08-09 16:00:25.021
1422,2026-08-09 16:00:25.041
1423,2026-08-09 16:00:25.061
1424,2026-08-09 16:00:25.081
1425,2026-08-09 16:00:25.217
1426,2026-08-09 16:00:25.241
1427,2026-08-09 16:00:25.261
1428,2026-08-09 16:00:25.281
1429,2026-08-09 16:00:25.301
1430,2026-08-09 16:00:25.321
1431,2026-08-09 16:00:25.341
1432,2026-08-09 16:00:25.361
1433,2026-08-09 16:00:25.381
1434,2026-08-09 16:00:25.517
1435,2026-08-09 16:00:25.541
1436,2026-08-09 16:00:25.561
1437,2026-08-09 16:00:25.581
1438,2026-08-09 16:00:25.601
1439,2026-08-09 16:00:25.621
1440,2026-08-09 16:00:25.641
1441,2026-08-09 16:00:25.661
1442,2026-08-09 16:00:25.681
1443,2026-08-09 16:00:25.820
1444,2026-08-09 16:00:25.841
1445,2026-08-09 16:00:25.861
1446,2026-08-09 16:00:25.881
1447,2026-08-09 16:00:25.901
1448,2026-08-09 16:00:25.921
1449,2026-08-09 16:00:25.941
1450,2026-08-09 16:00:25.961
1451,2026-08-09 16:00:25.981
1452,2026-08-09 16:00:26.120
1453,2026-08-09 16:00:26.141
1454,2026-08-09 16:00:26.161
1455,2026-08-09 16:00:26.181
1456,2026-08-09 16:00:26.201
1457,2026-08-09 16:00:26.221
1458,2026-08-09 16:00:26.241
1459,2026-08-09 16:00:26.261
1460,2026-08-09 16:00:26.281
1461,2026-08-09 16:00:26.417
1462,2026-08-09 16:00:26.441
1463,2026-08-09 16:00:26.461
1464,2026-08-09 16:00:26.481
1465,2026-08-09 16:00:26.501
1466,2026-08-09 16:00:26.521
1467,2026-08-09 16:00:26.541
1468,2026-08-09 16:00:26.561
1469,2026-08-09 16:00:26.581
1470,2026-08-09 16:00:26.717
1471,2026-08-09 16:00:26.741
1472,2026-08-09 16:00:26.761
1473,2026-08-09 16:00:26.781
1474,2026-08-09 16:00:26.801
1475,2026-08-09 16:00:26.821
1476,2026-08-09 16:00:26.841
1477,2026-08-09 16:00:26.861
1478,2026-08-09 16:00:26.881
1479,2026-08-09 16:00:27.017
1480,2026-08-09 16:00:27.041
1481,2026-08-09 16:00:27.061
1482,2026-08-09 16:00:27.081
1483,2026-08-09 16:00:27.101
1484,2026-08-09 16:00:27.121
1485,2026-08-09 16:00:27.141
1486,2026-08-09 16:00:27.161
1487,2026-08-09 16:00:27.181
1488,2026-08-09 16:00:27.320
1489,2026-08-09 16:00:27.341
1490,2026-08-09 16:00:27.361
1491,2026-08-09 16:00:27.381
1492,2026-08-09 16:00:27.401
1493,2026-08-09 16:00:27.421
1494,2026-08-09 16:00:27.441
1495,2026-08-09 16:00:27.461
1496,2026-08-09 16:00:27.481
1497,2026-08-09 16:00:27.618
1498,2026-08-09 16:00:27.641
1499,2026-08-09 16:00:27.661
1500,2026-08-09 16:00:27.681
1501,2026-08-09 16:00:27.701
1502,2026-08-09 16:00:27.721
1503,2026-08-09 16:00:27.741
1504,2026-08-09 16:00:27.761
1505,2026-08-09 16:00:27.781
1506,2026-08-09 16:00:27.921
1507,2026-08-09 16:00:27.941
1508,2026-08-09 16:00:27.961
1509,2026-08-09 16:00:27.981
1510,2026-08-09 16:00:28.001
1511,2026-08-09 16:00:28.021
1512,2026-08-09 16:00:28.041
1513,2026-08-09 16:00:28.061
1514,2026-08-09 16:00:28.081
1515,2026-08-09 16:00:28.220
1516,2026-08-09 16:00:28.241
1517,2026-08-09 16:00:28.261
1518,2026-08-09 16:00:28.281
1519,2026-08-09 16:00:28.301
1520,2026-08-09 16:00:28.321
1521,2026-08-09 16:00:28.341
1522,2026-08-09 16:00:28.361
1523,2026-08-09 16:00:28.381
1524,2026-08-09 16:00:28.517
1525,2026-08-09 16:00:28.541
1526,2026-08-09 16:00:28.561
1527,2026-08-09 16:00:28.581
1528,2026-08-09 16:00:28.601
1529,2026-08-09 16:00:28.621
1530,2026-08-09 16:00:28.641
1531,2026-08-09 16:00:28.661
1532,2026-08-09 16:00:28.681
1533,2026-08-09 16:00:28.817
1534,2026-08-09 16:00:28.841
1535,2026-08-09 16:00:28.861
1536,2026-08-09 16:00:28.881
1537,2026-08-09 16:00:28.901
1538,2026-08-09 16:00:28.921
1539,2026-08-09 16:00:28.941
1540,2026-08-09 16:00:28.961
1541,2026-08-09 16:00:28.981
1542,2026-08-09 16:00:29.117
1543,2026-08-09 16:00:29.141
1544,2026-08-09 16:00:29.161
1545,2026-08-09 16:00:29.181
1546,2026-08-09 16:00:29.201
1547,2026-08-09 16:00:29.221
1548,2026-08-09 16:00:29.241
1549,2026-08-09 16:00:29.261
1550,2026-08-09 16:00:29.281
1551,2026-08-09 16:00:29.417
1552,2026-08-09 16:00:29.441
1553,2026-08-09 16:00:29.461
1554,2026-08-09 16:00:29.481
1555,2026-08-09 16:00:29.501
1556,2026-08-09 16:00:29.521
1557,2026-08-09 16:00:29.541
1558,2026-08-09 16:00:29.561
1559,2026-08-09 16:00:29.581
1560,2026-08-09 16:00:29.718
1561,2026-08-09 16:00:29.741
1562,2026-08-09 16:00:29.761
1563,2026-08-09 16:00:29.781
1564,2026-08-09 16:00:29.801
1565,2026-08-09 16:00:29.821
1566,2026-08-09 16:00:29.841
1567,2026-08-09 16:00:29.861
1568,2026-08-09 16:00:29.881
1569,2026-08-09 16:00:30.017
1570,2026-08-09 16:00:30.041
1571,2026-08-09 16:00:30.061
1572,2026-08-09 16:00:30.081
1573,2026-08-09 16:00:30.101
1574,2026-08-09 16:00:30.121
1575,2026-08-09 16:00:30.141
1576,2026-08-09 16:00:30.161
1577,2026-08-09 16:00:30.181
1578,2026-08-09 16:00:30.317
1579,2026-08-09 16:00:30.341
1580,2026-08-09 16:00:30.361
1581,2026-08-09 16:00:30.381
1582,2026-08-09 16:00:30.401
1583,2026-08-09 16:00:30.421
1584,2026-08-09 16:00:30.441
1585,2026-08-09 16:00:30.461
1586,2026-08-09 16:00:30.481
1587,2026-08-09 16:00:30.617
1588,2026-08-09 16:00:30.641
1589,2026-08-09 16:00:30.661
1590,2026-08-09 16:00:30.681
1591,2026-08-09 16:00:30.701
1592,2026-08-09 16:00:30.721
1593,2026-08-09 16:00:30.741
1594,2026-08-09 16:00:30.761
1595,2026-08-09 16:00:30.781
1596,2026-08-09 16:00:30.917
1597,2026-08-09 16:00:30.941
1598,2026-08-09 16:00:30.961
1599,2026-08-09 16:00:30.981
1600,2026-08-09 16:00:31.001
1601,2026-08-09 16:00:31.021
1602,2026-08-09 16:00:31.041
1603,2026-08-09 16:00:31.061
1604,2026-08-09 16:00:31.081
1605,2026-08-09 16:00:31.217
1606,2026-08-09 16:00:31.241
1607,2026-08-09 16:00:31.261
1608,2026-08-09 16:00:31.281
1609,2026-08-09 16:00:31.301
1610,2026-08-09 16:00:31.321
1611,2026-08-09 16:00:31.341
1612,2026-08-09 16:00:31.361
1613,2026-08-09 16:00:31.381
1614,2026-08-09 16:00:31.518
1615,2026-08-09 16:00:31.541
1616,2026-08-09 16:00:31.561
1617,2026-08-09 16:00:31.581
1618,2026-08-09 16:00:31.601
1619,2026-08-09 16:00:31.621
1620,2026-08-09 16:00:31.641
1621,2026-08-09 16:00:31.661
1622,2026-08-09 16:00:31.681
1623,2026-08-09 16:00:31.817
1624,2026-08-09 16:00:31.841
1625,2026-08-09 16:00:31.861
1626,2026-08-09 16:00:31.881
1627,2026-08-09 16:00:31.901
1628,2026-08-09 16:00:31.921
1629,2026-08-09 16:00:31.941
1630,2026-08-09 16:00:31.961
1631,2026-08-09 16:00:31.981
1632,2026-08-09 16:00:32.117
1633,2026-08-09 16:00:32.141
1634,2026-08-09 16:00:32.161
1635,2026-08-09 16:00:32.181
1636,2026-08-09 16:00:32.201
1637,2026-08-09 16:00:32.221
1638,2026-08-09 16:00:32.241
1639,2026-08-09 16:00:32.241
1640,2026-08-09 16:00:32.261
1641,2026-08-09 16:00:33.048
1642,2026-08-09 16:00:43.897
1643,2026-08-09 16:00:43.917
1644,2026-08-09 16:00:43.937
1645,2026-08-09 16:00:43.957
1646,2026-08-09 16:00:43.977
1647,2026-08-09 16:00:43.997
1648,2026-08-09 16:00:44.017
1649,2026-08-09 16:00:44.037
1650,2026-08-09 16:00:44.864
1651,2026-08-09 16:00:44.897
1652,2026-08-09 16:00:44.937
1653,2026-08-09 16:00:44.957
1654,2026-08-09 16:00:45.179
1655,2026-08-09 16:00:45.237
1656,2026-08-09 16:00:45.297
1657,2026-08-09 16:00:45.317
1658,2026-08-09 16:00:45.499
1659,2026-08-09 16:00:45.816
1660,2026-08-09 16:00:45.999
1661,2026-08-09 16:00:46.017
1662,2026-08-09 16:00:46.159
1663,2026-08-09 16:00:46.359
1664,2026-08-09 16:00:46.437
1665,2026-08-09 16:00:46.457
1666,2026-08-09 16:00:46.477
1667,2026-08-09 16:00:46.679
1668,2026-08-09 16:00:51.936
1669,2026-08-09 16:00:51.954
1670,2026-08-09 16:01:04.054
1671,2026-08-09 16:01:04.071
1672,2026-08-09 16:01:04.091
1673,2026-08-09 16:01:04.111
1674,2026-08-09 16:01:04.131
1675,2026-08-09 16:01:04.151
1676,2026-08-09 16:01:04.171
1677,2026-08-09 16:01:04.191
1678,2026-08-09 16:01:04.211
1679,2026-08-09 16:01:04.344
1680,2026-08-09 16:01:04.371
1681,2026-08-09 16:01:04.391
1682,2026-08-09 16:01:04.411
1683,2026-08-09 16:01:04.431
1684,2026-08-09 16:01:04.451
1685,2026-08-09 16:01:04.471
1686,2026-08-09 16:01:04.491
1687,2026-08-09 16:01:04.511
1688,2026-08-09 16:01:04.644
1689,2026-08-09 16:01:04.671
1690,2026-08-09 16:01:04.692
1691,2026-08-09 16:01:04.711
1692,2026-08-09 16:01:04.731
1693,2026-08-09 16:01:04.751
1694,2026-08-09 16:01:04.771
1695,2026-08-09 16:01:04.791
1696,2026-08-09 16:01:04.811
1697,2026-08-09 16:01:04.944
1698,2026-08-09 16:01:04.971
1699,2026-08-09 16:01:04.991
1700,2026-08-09 16:01:05.011
1701,2026-08-09 16:01:05.031
1702,2026-08-09 16:01:05.051
1703,2026-08-09 16:01:05.071
1704,2026-08-09 16:01:05.091
1705,2026-08-09 16:01:05.111
1706,2026-08-09 16:01:05.244
1707,2026-08-09 16:01:05.271
1708,2026-08-09 16:01:05.291
1709,2026-08-09 16:01:05.311
1710,2026-08-09 16:01:05.331
1711,2026-08-09 16:01:05.351
1712,2026-08-09 16:01:05.371
1713,2026-08-09 16:01:05.391
1714,2026-08-09 16:01:05.411
1715,2026-08-09 16:01:05.544
1716,2026-08-09 16:01:05.571
1717,2026-08-09 16:01:05.591
1718,2026-08-09 16:01:05.611
1719,2026-08-09 16:01:05.631
1720,2026-08-09 16:01:05.651
1721,2026-08-09 16:01:05.671
1722,2026-08-09 16:01:05.691
1723,2026-08-09 16:01:05.711
1724,2026-08-09 16:01:05.844
1725,2026-08-09 16:01:05.871
1726,2026-08-09 16:01:05.891
1727,2026-08-09 16:01:05.911
1728,2026-08-09 16:01:05.931
1729,2026-08-09 16:01:05.951
1730,2026-08-09 16:01:05.971
1731,2026-08-09 16:01:05.991
1732,2026-08-09 16:01:06.011
1733,2026-08-09 16:01:06.144
1734,2026-08-09 16:01:06.171
1735,2026-08-09 16:01:06.191
1736,2026-08-09 16:01:06.211
1737,2026-08-09 16:01:06.231
1738,2026-08-09 16:01:06.251
1739,2026-08-09 16:01:06.271
1740,2026-08-09 16:01:06.291
1741,2026-08-09 16:01:06.311
1742,2026-08-09 16:01:06.444
1743,2026-08-09 16:01:06.471
1744,2026-08-09 16:01:06.491
1745,2026-08-09 16:01:06.511
1746,2026-08-09 16:01:06.531
1747,2026-08-09 16:01:06.551
1748,2026-08-09 16:01:06.571
1749,2026-08-09 16:01:06.591
1750,2026-08-09 16:01:06.611
1751,2026-08-09 16:01:06.743
1752,2026-08-09 16:01:06.771
1753,2026-08-09 16:01:06.791
1754,2026-08-09 16:01:06.811
1755,2026-08-09 16:01:06.831
1756,2026-08-09 16:01:06.851
1757,2026-08-09 16:01:06.871
1758,2026-08-09 16:01:06.891
1759,2026-08-09 16:01:06.911
1760,2026-08-09 16:01:07.044
1761,2026-08-09 16:01:07.071
1762,2026-08-09 16:01:07.091
1763,2026-08-09 16:01:07.111
1764,2026-08-09 16:01:07.131
1765,2026-08-09 16:01:07.151
1766,2026-08-09 16:01:07.171
1767,2026-08-09 16:01:07.191
1768,2026-08-09 16:01:07.211
1769,2026-08-09 16:01:07.344
1770,2026-08-09 16:01:07.371
1771,2026-08-09 16:01:07.392
1772,2026-08-09 16:01:07.412
1773,2026-08-09 16:01:07.431
1774,2026-08-09 16:01:07.452
1775,2026-08-09 16:01:07.471
1776,2026-08-09 16:01:07.491
1777,2026-08-09 16:01:07.511
1778,2026-08-09 16:01:07.644
1779,2026-08-09 16:01:07.671
1780,2026-08-09 16:01:07.691
1781,2026-08-09 16:01:07.711
1782,2026-08-09 16:01:07.731
1783,2026-08-09 16:01:07.751
1784,2026-08-09 16:01:07.772
1785,2026-08-09 16:01:07.791
1786,2026-08-09 16:01:07.811
1787,2026-08-09 16:01:07.944
1788,2026-08-09 16:01:07.971
1789,2026-08-09 16:01:07.991
1790,2026-08-09 16:01:08.011
1791,2026-08-09 16:01:08.031
1792,2026-08-09 16:01:08.051
1793,2026-08-09 16:01:08.071
1794,2026-08-09 16:01:08.091
1795,2026-08-09 16:01:08.111
1796,2026-08-09 16:01:08.244
1797,2026-08-09 16:01:08.271
1798,2026-08-09 16:01:08.291
1799,2026-08-09 16:01:08.311
1800,2026-08-09 16:01:08.331
1801,2026-08-09 16:01:08.351
1802,2026-08-09 16:01:08.371
1803,2026-08-09 16:01:08.391
1804,2026-08-09 16:01:08.411
1805,2026-08-09 16:01:08.541
1806,2026-08-09 16:01:08.571
1807,2026-08-09 16:01:08.591
1808,2026-08-09 16:01:08.611
1809,2026-08-09 16:01:08.631
1810,2026-08-09 16:01:08.651
1811,2026-08-09 16:01:08.671
1812,2026-08-09 16:01:08.691
1813,2026-08-09 16:01:08.711
1814,2026-08-09 16:01:08.844
1815,2026-08-09 16:01:08.871
1816,2026-08-09 16:01:08.891
1817,2026-08-09 16:01:08.911
1818,2026-08-09 16:01:08.931
1819,2026-08-09 16:01:08.951
1820,2026-08-09 16:01:08.971
1821,2026-08-09 16:01:08.991
1822,2026-08-09 16:01:09.011
1823,2026-08-09 16:01:09.144
1824,2026-08-09 16:01:09.171
1825,2026-08-09 16:01:09.192
1826,2026-08-09 16:01:09.211
1827,2026-08-09 16:01:09.231
1828,2026-08-09 16:01:09.251
1829,2026-08-09 16:01:09.271
1830,2026-08-09 16:01:09.291
1831,2026-08-09 16:01:09.311
1832,2026-08-09 16:01:09.444
1833,2026-08-09 16:01:09.471
1834,2026-08-09 16:01:09.491
1835,2026-08-09 16:01:09.511
1836,2026-08-09 16:01:09.532
1837,2026-08-09 16:01:09.551
1838,2026-08-09 16:01:09.571
1839,2026-08-09 16:01:09.591
1840,2026-08-09 16:01:09.611
1841,2026-08-09 16:01:09.744
1842,2026-08-09 16:01:09.771
1843,2026-08-09 16:01:09.791
1844,2026-08-09 16:01:09.811
1845,2026-08-09 16:01:09.831
1846,2026-08-09 16:01:09.851
1847,2026-08-09 16:01:09.871
1848,2026-08-09 16:01:09.891
1849,2026-08-09 16:01:09.911
1850,2026-08-09 16:01:10.044
1851,2026-08-09 16:01:10.071
1852,2026-08-09 16:01:10.091
1853,2026-08-09 16:01:10.111
1854,2026-08-09 16:01:10.131
1855,2026-08-09 16:01:10.151
1856,2026-08-09 16:01:10.171
1857,2026-08-09 16:01:10.191
1858,2026-08-09 16:01:10.211
1859,2026-08-09 16:01:10.344
1860,2026-08-09 16:01:10.371
1861,2026-08-09 16:01:10.391
1862,2026-08-09 16:01:10.411
1863,2026-08-09 16:01:10.431
1864,2026-08-09 16:01:10.451
1865,2026-08-09 16:01:10.471
1866,2026-08-09 16:01:10.491
1867,2026-08-09 16:01:10.511
1868,2026-08-09 16:01:10.644
1869,2026-08-09 16:01:10.671
1870,2026-08-09 16:01:10.691
1871,2026-08-09 16:01:10.711
1872,2026-08-09 16:01:10.731
1873,2026-08-09 16:01:10.751
1874,2026-08-09 16:01:10.771
1875,2026-08-09 16:01:10.791
1876,2026-08-09 16:01:10.811
1877,2026-08-09 16:01:10.944
1878,2026-08-09 16:01:10.971
1879,2026-08-09 16:01:10.991
1880,2026-08-09 16:01:11.011
1881,2026-08-09 16:01:11.031
1882,2026-08-09 16:01:11.051
1883,2026-08-09 16:01:11.071
1884,2026-08-09 16:01:11.091
1885,2026-08-09 16:01:11.111
1886,2026-08-09 16:01:11.244
1887,2026-08-09 16:01:11.271
1888,2026-08-09 16:01:11.291
1889,2026-08-09 16:01:11.311
1890,2026-08-09 16:01:11.331
1891,2026-08-09 16:01:11.351
1892,2026-08-09 16:01:11.371
1893,2026-08-09 16:01:11.391
1894,2026-08-09 16:01:11.411
1895,2026-08-09 16:01:11.544
1896,2026-08-09 16:01:11.571
1897,2026-08-09 16:01:11.591
1898,2026-08-09 16:01:11.611
1899,2026-08-09 16:01:11.631
1900,2026-08-09 16:01:11.651
1901,2026-08-09 16:01:11.671
1902,2026-08-09 16:01:11.691
1903,2026-08-09 16:01:11.711
1904,2026-08-09 16:01:11.844
1905,2026-08-09 16:01:11.871
1906,2026-08-09 16:01:11.891
1907,2026-08-09 16:01:11.912
1908,2026-08-09 16:01:11.931
1909,2026-08-09 16:01:11.951
1910,2026-08-09 16:01:11.971
1911,2026-08-09 16:01:11.991
1912,2026-08-09 16:01:12.011
1913,2026-08-09 16:01:12.144
1914,2026-08-09 16:01:12.171
1915,2026-08-09 16:01:12.191
1916,2026-08-09 16:01:12.211
1917,2026-08-09 16:01:12.231
1918,2026-08-09 16:01:12.251
1919,2026-08-09 16:01:12.271
1920,2026-08-09 16:01:12.291
1921,2026-08-09 16:01:12.311
1922,2026-08-09 16:01:12.444
1923,2026-08-09 16:01:12.471
1924,2026-08-09 16:01:12.491
1925,2026-08-09 16:01:12.511
1926,2026-08-09 16:01:12.531
1927,2026-08-09 16:01:12.551
1928,2026-08-09 16:01:12.571
1929,2026-08-09 16:01:12.591
1930,2026-08-09 16:01:12.611
1931,2026-08-09 16:01:12.744
1932,2026-08-09 16:01:12.771
1933,2026-08-09 16:01:12.791
1934,2026-08-09 16:01:12.811
1935,2026-08-09 16:01:12.831
1936,2026-08-09 16:01:12.851
1937,2026-08-09 16:01:12.871
1938,2026-08-09 16:01:12.891
1939,2026-08-09 16:01:12.911
1940,2026-08-09 16:01:13.044
1941,2026-08-09 16:01:13.071
1942,2026-08-09 16:01:13.091
1943,2026-08-09 16:01:13.111
1944,2026-08-09 16:01:13.131
1945,2026-08-09 16:01:13.151
1946,2026-08-09 16:01:13.171
1947,2026-08-09 16:01:13.191
1948,2026-08-09 16:01:13.211
1949,2026-08-09 16:01:13.345
1950,2026-08-09 16:01:13.371
1951,2026-08-09 16:01:13.391
1952,2026-08-09 16:01:13.411
1953,2026-08-09 16:01:13.431
1954,2026-08-09 16:01:13.451
1955,2026-08-09 16:01:13.471
1956,2026-08-09 16:01:13.491
1957,2026-08-09 16:01:13.511
1958,2026-08-09 16:01:13.641
1959,2026-08-09 16:01:13.671
1960,2026-08-09 16:01:13.691
1961,2026-08-09 16:01:13.711
1962,2026-08-09 16:01:13.731
1963,2026-08-09 16:01:13.751
1964,2026-08-09 16:01:13.771
1965,2026-08-09 16:01:13.791
1966,2026-08-09 16:01:13.811
1967,2026-08-09 16:01:13.944
1968,2026-08-09 16:01:13.971
1969,2026-08-09 16:01:13.991
1970,2026-08-09 16:01:14.011
1971,2026-08-09 16:01:14.031
1972,2026-08-09 16:01:14.052
1973,2026-08-09 16:01:14.071
1974,2026-08-09 16:01:14.091
1975,2026-08-09 16:01:14.092
1976,2026-08-09 16:01:14.672
1977,2026-08-09 16:01:14.691
1978,2026-08-09 16:01:14.731
1979,2026-08-09 16:01:14.751
1980,2026-08-09 16:01:14.771
1981,2026-08-09 16:01:14.831
1982,2026-08-09 16:01:14.851
1983,2026-08-09 16:01:14.871
1984,2026-08-09 16:01:14.892
1985,2026-08-09 16:01:14.988
1986,2026-08-09 16:01:15.011
1987,2026-08-09 16:01:15.071
1988,2026-08-09 16:01:15.111
1989,2026-08-09 16:01:15.131
1990,2026-08-09 16:01:15.151
1991,2026-08-09 16:01:15.171
1992,2026-08-09 16:01:15.192
1993,2026-08-09 16:01:15.212
1994,2026-08-09 16:01:15.351
1995,2026-08-09 16:01:15.371
1996,2026-08-09 16:01:15.391
1997,2026-08-09 16:01:15.451
1998,2026-08-09 16:01:15.574
1999,2026-08-09 16:01:15.591
2000,2026-08-09 16:01:15.631
2001,2026-08-09 16:01:15.651
2002,2026-08-09 16:01:15.711
2003,2026-08-09 16:01:15.851
2004,2026-08-09 16:01:15.871
2005,2026-08-09 16:01:15.892
2006,2026-08-09 16:01:15.911
2007,2026-08-09 16:01:15.951
2008,2026-08-09 16:01:15.971
2009,2026-08-09 16:01:16.011
2010,2026-08-09 16:01:16.031
2011,2026-08-09 16:01:16.051
2012,2026-08-09 16:01:16.271
2013,2026-08-09 16:01:16.291
2014,2026-08-09 16:01:16.312
2015,2026-08-09 16:01:16.351
2016,2026-08-09 16:01:16.371
2017,2026-08-09 16:01:16.411
2018,2026-08-09 16:01:16.491
2019,2026-08-09 16:01:16.511
2020,2026-08-09 16:01:16.531
2021,2026-08-09 16:01:16.691
2022,2026-08-09 16:01:16.711
2023,2026-08-09 16:01:16.731
2024,2026-08-09 16:01:16.811
2025,2026-08-09 16:01:16.831
2026,2026-08-09 16:01:16.871
2027,2026-08-09 16:01:16.891
2028,2026-08-09 16:01:16.931
2029,2026-08-09 16:01:16.971
2030,2026-08-09 16:01:17.111
2031,2026-08-09 16:01:17.151
2032,2026-08-09 16:01:17.171
2033,2026-08-09 16:01:17.231
2034,2026-08-09 16:01:17.251
2035,2026-08-09 16:01:17.311
2036,2026-08-09 16:01:17.371
2037,2026-08-09 16:01:17.411
2038,2026-08-09 16:01:17.431
2039,2026-08-09 16:01:17.611
2040,2026-08-09 16:01:17.632
2041,2026-08-09 16:01:17.651
2042,2026-08-09 16:01:17.671
2043,2026-08-09 16:01:17.691
2044,2026-08-09 16:01:17.711
2045,2026-08-09 16:01:17.791
2046,2026-08-09 16:01:17.831
2047,2026-08-09 16:01:17.871
2048,2026-08-09 16:01:18.051
2049,2026-08-09 16:01:18.091
2050,2026-08-09 16:01:18.171
2051,2026-08-09 16:01:18.191
2052,2026-08-09 16:01:18.231
2053,2026-08-09 16:01:18.251
2054,2026-08-09 16:01:18.291
2055,2026-08-09 16:01:18.311
2056,2026-08-09 16:01:18.331
2057,2026-08-09 16:01:18.530
2058,2026-08-09 16:01:18.552
2059,2026-08-09 16:01:18.572
2060,2026-08-09 16:01:18.591
2061,2026-08-09 16:01:18.611
2062,2026-08-09 16:01:18.631
2063,2026-08-09 16:01:18.651
2064,2026-08-09 16:01:18.671
2065,2026-08-09 16:01:18.691
2066,2026-08-09 16:01:18.871
2067,2026-08-09 16:01:18.911
2068,2026-08-09 16:01:18.931
2069,2026-08-09 16:01:18.971
2070,2026-08-09 16:01:19.011
2071,2026-08-09 16:01:19.032
2072,2026-08-09 16:01:19.154
2073,2026-08-09 16:01:19.171
2074,2026-08-09 16:01:19.211
2075,2026-08-09 16:01:19.813
2076,2026-08-09 16:01:20.033
2077,2026-08-09 16:01:20.273
2078,2026-08-09 16:01:29.922
2079,2026-08-09 16:01:30.142
2080,2026-08-09 16:01:31.294
2081,2026-08-09 16:01:33.548
2082,2026-08-09 16:01:35.649
2083,2026-08-09 16:01:39.159
2084,2026-08-09 16:01:39.199
2085,2026-08-09 16:01:39.382
2086,2026-08-09 16:01:39.399
2087,2026-08-09 16:01:39.439
2088,2026-08-09 16:01:40.742
2089,2026-08-09 16:01:50.499
2090,2026-08-09 16:01:50.516
2091,2026-08-09 16:01:50.536
2092,2026-08-09 16:01:50.556
2093,2026-08-09 16:01:50.576
2094,2026-08-09 16:01:50.596
2095,2026-08-09 16:01:50.616
2096,2026-08-09 16:01:50.636
2097,2026-08-09 16:01:50.656
2098,2026-08-09 16:01:50.788
2099,2026-08-09 16:01:50.816
2100,2026-08-09 16:01:50.836
2101,2026-08-09 16:01:50.856
2102,2026-08-09 16:01:50.876
2103,2026-08-09 16:01:50.896
2104,2026-08-09 16:01:50.916
2105,2026-08-09 16:01:50.936
2106,2026-08-09 16:01:50.956
2107,2026-08-09 16:01:51.088
2108,2026-08-09 16:01:51.116
2109,2026-08-09 16:01:51.136
2110,2026-08-09 16:01:51.156
2111,2026-08-09 16:01:51.176
2112,2026-08-09 16:01:51.196
2113,2026-08-09 16:01:51.216
2114,2026-08-09 16:01:51.236
2115,2026-08-09 16:01:51.256
2116,2026-08-09 16:01:51.388
2117,2026-08-09 16:01:51.416
2118,2026-08-09 16:01:51.436
2119,2026-08-09 16:01:51.456
2120,2026-08-09 16:01:51.476
2121,2026-08-09 16:01:51.496
2122,2026-08-09 16:01:51.516
2123,2026-08-09 16:01:51.536
2124,2026-08-09 16:01:51.556
2125,2026-08-09 16:01:51.688
2126,2026-08-09 16:01:51.716
2127,2026-08-09 16:01:51.736
2128,2026-08-09 16:01:51.756
2129,2026-08-09 16:01:51.776
2130,2026-08-09 16:01:51.796
2131,2026-08-09 16:01:51.816
2132,2026-08-09 16:01:51.836
2133,2026-08-09 16:01:51.856
2134,2026-08-09 16:01:51.988
2135,2026-08-09 16:01:52.016
2136,2026-08-09 16:01:52.036
2137,2026-08-09 16:01:52.056
2138,2026-08-09 16:01:52.076
2139,2026-08-09 16:01:52.096
2140,2026-08-09 16:01:52.116
2141,2026-08-09 16:01:52.136
2142,2026-08-09 16:01:52.156
2143,2026-08-09 16:01:52.288
2144,2026-08-09 16:01:52.316
2145,2026-08-09 16:01:52.336
2146,2026-08-09 16:01:52.356
2147,2026-08-09 16:01:52.376
2148,2026-08-09 16:01:52.396
2149,2026-08-09 16:01:52.416
2150,2026-08-09 16:01:52.436
2151,2026-08-09 16:01:52.456
2152,2026-08-09 16:01:52.588
2153,2026-08-09 16:01:52.616
2154,2026-08-09 16:01:52.636
2155,2026-08-09 16:01:52.656
2156,2026-08-09 16:01:52.676
2157,2026-08-09 16:01:52.696
2158,2026-08-09 16:01:52.716
2159,2026-08-09 16:01:52.736
2160,2026-08-09 16:01:52.756
2161,2026-08-09 16:01:52.888
2162,2026-08-09 16:01:52.916
2163,2026-08-09 16:01:52.936
2164,2026-08-09 16:01:52.956
2165,2026-08-09 16:01:52.976
2166,2026-08-09 16:01:52.996
2167,2026-08-09 16:01:53.016
2168,2026-08-09 16:01:53.036
2169,2026-08-09 16:01:53.056
2170,2026-08-09 16:01:53.188
2171,2026-08-09 16:01:53.216
2172,2026-08-09 16:01:53.236
2173,2026-08-09 16:01:53.256
2174,2026-08-09 16:01:53.276
2175,2026-08-09 16:01:53.296
2176,2026-08-09 16:01:53.316
2177,2026-08-09 16:01:53.336
2178,2026-08-09 16:01:53.356
2179,2026-08-09 16:01:53.488
2180,2026-08-09 16:01:53.516
2181,2026-08-09 16:01:53.536
2182,2026-08-09 16:01:53.556
2183,2026-08-09 16:01:53.576
2184,2026-08-09 16:01:53.596
2185,2026-08-09 16:01:53.616
2186,2026-08-09 16:01:53.636
2187,2026-08-09 16:01:53.656
2188,2026-08-09 16:01:53.788
2189,2026-08-09 16:01:53.816
2190,2026-08-09 16:01:53.836
2191,2026-08-09 16:01:53.856
2192,2026-08-09 16:01:53.876
2193,2026-08-09 16:01:53.896
2194,2026-08-09 16:01:53.916
2195,2026-08-09 16:01:53.936
2196,2026-08-09 16:01:53.956
2197,2026-08-09 16:01:54.088
2198,2026-08-09 16:01:54.116
2199,2026-08-09 16:01:54.136
2200,2026-08-09 16:01:54.156
2201,2026-08-09 16:01:54.176
2202,2026-08-09 16:01:54.196
2203,2026-08-09 16:01:54.216
2204,2026-08-09 16:01:54.236
2205,2026-08-09 16:01:54.256
2206,2026-08-09 16:01:54.387
2207,2026-08-09 16:01:54.416
2208,2026-08-09 16:01:54.436
2209,2026-08-09 16:01:54.456
2210,2026-08-09 16:01:54.476
2211,2026-08-09 16:01:54.496
2212,2026-08-09 16:01:54.516
2213,2026-08-09 16:01:54.536
2214,2026-08-09 16:01:54.556
2215,2026-08-09 16:01:54.688
2216,2026-08-09 16:01:54.716
2217,2026-08-09 16:01:54.736
2218,2026-08-09 16:01:54.756
2219,2026-08-09 16:01:54.776
2220,2026-08-09 16:01:54.796
2221,2026-08-09 16:01:54.816
2222,2026-08-09 16:01:54.836
2223,2026-08-09 16:01:54.856
2224,2026-08-09 16:01:54.988
2225,2026-08-09 16:01:55.016
2226,2026-08-09 16:01:55.036
2227,2026-08-09 16:01:55.056
2228,2026-08-09 16:01:55.076
2229,2026-08-09 16:01:55.096
2230,2026-08-09 16:01:55.116
2231,2026-08-09 16:01:55.136
2232,2026-08-09 16:01:55.156
2233,2026-08-09 16:01:55.288
2234,2026-08-09 16:01:55.316
2235,2026-08-09 16:01:55.336
2236,2026-08-09 16:01:55.356
2237,2026-08-09 16:01:55.376
2238,2026-08-09 16:01:55.396
2239,2026-08-09 16:01:55.416
2240,2026-08-09 16:01:55.436
2241,2026-08-09 16:01:55.456
2242,2026-08-09 16:01:55.588
2243,2026-08-09 16:01:55.616
2244,2026-08-09 16:01:55.636
2245,2026-08-09 16:01:55.656
2246,2026-08-09 16:01:55.676
2247,2026-08-09 16:01:55.696
2248,2026-08-09 16:01:55.716
2249,2026-08-09 16:01:55.736
2250,2026-08-09 16:01:55.756
2251,2026-08-09 16:01:55.888
2252,2026-08-09 16:01:55.916
2253,2026-08-09 16:01:55.936
2254,2026-08-09 16:01:55.956
2255,2026-08-09 16:01:55.976
2256,2026-08-09 16:01:55.996
2257,2026-08-09 16:01:56.016
2258,2026-08-09 16:01:56.038
2259,2026-08-09 16:01:56.056
2260,2026-08-09 16:01:56.188
2261,2026-08-09 16:01:56.216
2262,2026-08-09 16:01:56.236
2263,2026-08-09 16:01:56.256
2264,2026-08-09 16:01:56.276
2265,2026-08-09 16:01:56.296
2266,2026-08-09 16:01:56.316
2267,2026-08-09 16:01:56.336
2268,2026-08-09 16:01:56.356
2269,2026-08-09 16:01:56.488
2270,2026-08-09 16:01:56.516
2271,2026-08-09 16:01:56.536
2272,2026-08-09 16:01:56.556
2273,2026-08-09 16:01:56.576
2274,2026-08-09 16:01:56.596
2275,2026-08-09 16:01:56.616
2276,2026-08-09 16:01:56.636
2277,2026-08-09 16:01:56.656
2278,2026-08-09 16:01:56.788
2279,2026-08-09 16:01:56.816
2280,2026-08-09 16:01:57.437
2281,2026-08-09 16:01:57.455
2282,2026-08-09 16:02:00.071
2283,2026-08-09 16:02:00.088
2284,2026-08-09 16:02:10.627
2285,2026-08-09 16:02:10.644
2286,2026-08-09 16:02:10.827
2287,2026-08-09 16:02:10.844
2288,2026-08-09 16:02:11.759
2289,2026-08-09 16:02:33.041
2290,2026-08-09 16:02:33.059
2291,2026-08-09 16:02:33.079
2292,2026-08-09 16:02:33.099
2293,2026-08-09 16:02:33.119
2294,2026-08-09 16:02:33.139
2295,2026-08-09 16:02:33.159
2296,2026-08-09 16:02:33.179
2297,2026-08-09 16:02:33.199
2298,2026-08-09 16:02:33.335
2299,2026-08-09 16:02:33.359
2300,2026-08-09 16:02:33.379
2301,2026-08-09 16:02:33.399
2302,2026-08-09 16:02:33.419
2303,2026-08-09 16:02:33.439
2304,2026-08-09 16:02:33.459
2305,2026-08-09 16:02:33.479
2306,2026-08-09 16:02:33.499
2307,2026-08-09 16:02:33.635
2308,2026-08-09 16:02:33.659
2309,2026-08-09 16:02:33.679
2310,2026-08-09 16:02:33.699
2311,2026-08-09 16:02:33.719
2312,2026-08-09 16:02:33.739
2313,2026-08-09 16:02:33.759
2314,2026-08-09 16:02:33.779
2315,2026-08-09 16:02:33.799
2316,2026-08-09 16:02:33.935
2317,2026-08-09 16:02:33.959
2318,2026-08-09 16:02:33.979
2319,2026-08-09 16:02:33.999
2320,2026-08-09 16:02:34.019
2321,2026-08-09 16:02:34.039
2322,2026-08-09 16:02:34.059
2323,2026-08-09 16:02:34.079
2324,2026-08-09 16:02:34.099
2325,2026-08-09 16:02:34.235
2326,2026-08-09 16:02:34.259
2327,2026-08-09 16:02:34.279
2328,2026-08-09 16:02:34.299
2329,2026-08-09 16:02:34.319
2330,2026-08-09 16:02:34.339
2331,2026-08-09 16:02:34.359
2332,2026-08-09 16:02:34.379
2333,2026-08-09 16:02:34.399
2334,2026-08-09 16:02:34.535
2335,2026-08-09 16:02:34.559
2336,2026-08-09 16:02:34.579
2337,2026-08-09 16:02:34.599
2338,2026-08-09 16:02:34.619
2339,2026-08-09 16:02:34.639
2340,2026-08-09 16:02:34.659
2341,2026-08-09 16:02:34.679
2342,2026-08-09 16:02:34.699
2343,2026-08-09 16:02:34.835
2344,2026-08-09 16:02:34.859
2345,2026-08-09 16:02:34.879
2346,2026-08-09 16:02:34.899
2347,2026-08-09 16:02:34.919
2348,2026-08-09 16:02:34.939
2349,2026-08-09 16:02:34.959
2350,2026-08-09 16:02:34.979
2351,2026-08-09 16:02:34.999
2352,2026-08-09 16:02:35.135
2353,2026-08-09 16:02:35.159
2354,2026-08-09 16:02:35.179
2355,2026-08-09 16:02:35.199
2356,2026-08-09 16:02:35.219
2357,2026-08-09 16:02:35.239
2358,2026-08-09 16:02:35.259
2359,2026-08-09 16:02:35.279
2360,2026-08-09 16:02:35.299
2361,2026-08-09 16:02:35.435
2362,2026-08-09 16:02:35.459
2363,2026-08-09 16:02:35.479
2364,2026-08-09 16:02:35.499
2365,2026-08-09 16:02:35.519
2366,2026-08-09 16:02:35.539
2367,2026-08-09 16:02:35.559
2368,2026-08-09 16:02:35.579
2369,2026-08-09 16:02:35.619
2370,2026-08-09 16:02:35.755
2371,2026-08-09 16:02:35.779
2372,2026-08-09 16:02:35.799
2373,2026-08-09 16:02:35.819
2374,2026-08-09 16:02:35.839
2375,2026-08-09 16:02:35.859
2376,2026-08-09 16:02:35.879
2377,2026-08-09 16:02:35.899
2378,2026-08-09 16:02:35.919
2379,2026-08-09 16:02:36.055
2380,2026-08-09 16:02:36.079
2381,2026-08-09 16:02:36.099
2382,2026-08-09 16:02:36.119
2383,2026-08-09 16:02:36.139
2384,2026-08-09 16:02:36.159
2385,2026-08-09 16:02:36.179
2386,2026-08-09 16:02:36.199
2387,2026-08-09 16:02:36.219
2388,2026-08-09 16:02:36.355
2389,2026-08-09 16:02:36.379
2390,2026-08-09 16:02:36.399
2391,2026-08-09 16:02:36.419
2392,2026-08-09 16:02:36.439
2393,2026-08-09 16:02:36.459
2394,2026-08-09 16:02:36.479
2395,2026-08-09 16:02:36.499
2396,2026-08-09 16:02:36.519
2397,2026-08-09 16:02:36.655
2398,2026-08-09 16:02:36.679
2399,2026-08-09 16:02:36.699
2400,2026-08-09 16:02:36.719
2401,2026-08-09 16:02:36.739
2402,2026-08-09 16:02:36.759
2403,2026-08-09 16:02:36.779
2404,2026-08-09 16:02:36.799
2405,2026-08-09 16:02:36.819
2406,2026-08-09 16:02:36.955
2407,2026-08-09 16:02:36.979
2408,2026-08-09 16:02:36.999
2409,2026-08-09 16:02:37.019
2410,2026-08-09 16:02:37.039
2411,2026-08-09 16:02:37.059
2412,2026-08-09 16:02:37.079
2413,2026-08-09 16:02:37.099
2414,2026-08-09 16:02:37.119
2415,2026-08-09 16:02:37.255
2416,2026-08-09 16:02:37.279
2417,2026-08-09 16:02:37.299
2418,2026-08-09 16:02:37.319
2419,2026-08-09 16:02:37.339
2420,2026-08-09 16:02:37.359
2421,2026-08-09 16:02:37.379
2422,2026-08-09 16:02:37.399
2423,2026-08-09 16:02:37.419
2424,2026-08-09 16:02:37.555
2425,2026-08-09 16:02:37.579
2426,2026-08-09 16:02:37.599
2427,2026-08-09 16:02:37.619
2428,2026-08-09 16:02:37.639
2429,2026-08-09 16:02:37.659
2430,2026-08-09 16:02:37.679
2431,2026-08-09 16:02:37.699
2432,2026-08-09 16:02:37.719
2433,2026-08-09 16:02:37.855
2434,2026-08-09 16:02:37.879
2435,2026-08-09 16:02:37.899
2436,2026-08-09 16:02:37.919
2437,2026-08-09 16:02:37.939
2438,2026-08-09 16:02:37.959
2439,2026-08-09 16:02:37.979
2440,2026-08-09 16:02:37.999
2441,2026-08-09 16:02:38.019
2442,2026-08-09 16:02:38.155
2443,2026-08-09 16:02:38.179
2444,2026-08-09 16:02:38.199
2445,2026-08-09 16:02:38.219
2446,2026-08-09 16:02:38.239
2447,2026-08-09 16:02:38.259
2448,2026-08-09 16:02:38.279
2449,2026-08-09 16:02:38.299
2450,2026-08-09 16:02:38.319
2451,2026-08-09 16:02:38.455
2452,2026-08-09 16:02:38.479
2453,2026-08-09 16:02:38.499
2454,2026-08-09 16:02:38.519
2455,2026-08-09 16:02:38.539
2456,2026-08-09 16:02:38.559
2457,2026-08-09 16:02:38.579
2458,2026-08-09 16:02:38.599
2459,2026-08-09 16:02:38.619
2460,2026-08-09 16:02:38.755
2461,2026-08-09 16:02:38.779
2462,2026-08-09 16:02:38.799
2463,2026-08-09 16:02:38.819
2464,2026-08-09 16:02:38.839
2465,2026-08-09 16:02:38.859
2466,2026-08-09 16:02:38.879
2467,2026-08-09 16:02:38.899
2468,2026-08-09 16:02:38.919
2469,2026-08-09 16:02:39.055
2470,2026-08-09 16:02:39.079
2471,2026-08-09 16:02:39.099
2472,2026-08-09 16:02:39.119
2473,2026-08-09 16:02:39.139
2474,2026-08-09 16:02:39.159
2475,2026-08-09 16:02:39.179
2476,2026-08-09 16:02:39.199
2477,2026-08-09 16:02:39.219
2478,2026-08-09 16:02:39.355
2479,2026-08-09 16:02:39.380
2480,2026-08-09 16:02:39.399
2481,2026-08-09 16:02:39.419
2482,2026-08-09 16:02:39.439
2483,2026-08-09 16:02:39.459
2484,2026-08-09 16:02:39.479
2485,2026-08-09 16:02:39.499
2486,2026-08-09 16:02:39.519
2487,2026-08-09 16:02:39.655
2488,2026-08-09 16:02:39.679
2489,2026-08-09 16:02:39.699
2490,2026-08-09 16:02:39.719
2491,2026-08-09 16:02:39.739
2492,2026-08-09 16:02:39.759
2493,2026-08-09 16:02:39.779
2494,2026-08-09 16:02:39.799
2495,2026-08-09 16:02:39.819
2496,2026-08-09 16:02:39.955
2497,2026-08-09 16:02:39.979
2498,2026-08-09 16:02:39.999
2499,2026-08-09 16:02:40.019
2500,2026-08-09 16:02:40.039
2501,2026-08-09 16:02:40.059
2502,2026-08-09 16:02:40.079
2503,2026-08-09 16:02:40.099
2504,2026-08-09 16:02:40.119
2505,2026-08-09 16:02:40.255
2506,2026-08-09 16:02:40.279
2507,2026-08-09 16:02:40.299
2508,2026-08-09 16:02:40.319
2509,2026-08-09 16:02:40.339
2510,2026-08-09 16:02:40.359
2511,2026-08-09 16:02:40.379
2512,2026-08-09 16:02:40.399
2513,2026-08-09 16:02:40.419
2514,2026-08-09 16:02:40.555
2515,2026-08-09 16:02:40.579
2516,2026-08-09 16:02:40.599
2517,2026-08-09 16:02:40.619
2518,2026-08-09 16:02:40.639
2519,2026-08-09 16:02:40.659
2520,2026-08-09 16:02:40.679
2521,2026-08-09 16:02:40.699
2522,2026-08-09 16:02:40.719
2523,2026-08-09 16:02:40.853
2524,2026-08-09 16:02:40.879
2525,2026-08-09 16:02:40.899
2526,2026-08-09 16:02:40.919
2527,2026-08-09 16:02:40.939
2528,2026-08-09 16:02:40.959
2529,2026-08-09 16:02:40.979
2530,2026-08-09 16:02:40.999
2531,2026-08-09 16:02:41.019
2532,2026-08-09 16:02:41.155
2533,2026-08-09 16:02:41.179
2534,2026-08-09 16:02:41.199
2535,2026-08-09 16:02:41.219
2536,2026-08-09 16:02:41.239
2537,2026-08-09 16:02:41.259
2538,2026-08-09 16:02:41.279
2539,2026-08-09 16:02:41.299
2540,2026-08-09 16:02:41.319
2541,2026-08-09 16:02:41.455
2542,2026-08-09 16:02:41.479
2543,2026-08-09 16:02:41.499
2544,2026-08-09 16:02:41.519
2545,2026-08-09 16:02:41.539
2546,2026-08-09 16:02:41.559
2547,2026-08-09 16:02:41.579
2548,2026-08-09 16:02:41.599
2549,2026-08-09 16:02:41.619
2550,2026-08-09 16:02:41.755
2551,2026-08-09 16:02:41.779
2552,2026-08-09 16:02:41.799
2553,2026-08-09 16:02:41.819
2554,2026-08-09 16:02:41.839
2555,2026-08-09 16:02:41.859
2556,2026-08-09 16:02:41.879
2557,2026-08-09 16:02:41.899
2558,2026-08-09 16:02:41.919
2559,2026-08-09 16:02:42.055
2560,2026-08-09 16:02:42.079
2561,2026-08-09 16:02:42.099
2562,2026-08-09 16:02:42.119
2563,2026-08-09 16:02:42.139
2564,2026-08-09 16:02:42.159
2565,2026-08-09 16:02:42.179
2566,2026-08-09 16:02:42.199
2567,2026-08-09 16:02:42.219
2568,2026-08-09 16:02:42.375
2569,2026-08-09 16:02:42.399
2570,2026-08-09 16:02:42.419
2571,2026-08-09 16:02:42.439
2572,2026-08-09 16:02:42.459
2573,2026-08-09 16:02:42.479
2574,2026-08-09 16:02:42.499
2575,2026-08-09 16:02:42.519
2576,2026-08-09 16:02:42.539
2577,2026-08-09 16:02:42.675
2578,2026-08-09 16:02:42.699
2579,2026-08-09 16:02:42.739
2580,2026-08-09 16:02:42.759
2581,2026-08-09 16:02:42.799
2582,2026-08-09 16:02:42.839
2583,2026-08-09 16:02:43.664
2584,2026-08-09 16:02:53.241
2585,2026-08-09 16:02:53.259
2586,2026-08-09 16:02:53.279
2587,2026-08-09 16:02:53.299
2588,2026-08-09 16:02:53.319
2589,2026-08-09 16:02:53.339
2590,2026-08-09 16:02:53.379
2591,2026-08-09 16:02:53.399
2592,2026-08-09 16:02:53.419
2593,2026-08-09 16:02:53.555
2594,2026-08-09 16:02:53.579
2595,2026-08-09 16:02:53.599
2596,2026-08-09 16:02:53.619
2597,2026-08-09 16:02:53.639
2598,2026-08-09 16:02:53.679
2599,2026-08-09 16:02:53.699
2600,2026-08-09 16:02:53.719
2601,2026-08-09 16:02:53.739
2602,2026-08-09 16:02:53.875
2603,2026-08-09 16:02:53.939
2604,2026-08-09 16:02:53.959
2605,2026-08-09 16:02:53.979
2606,2026-08-09 16:02:53.999
2607,2026-08-09 16:02:54.019
2608,2026-08-09 16:02:54.039
2609,2026-08-09 16:02:54.059
2610,2026-08-09 16:02:54.079
2611,2026-08-09 16:02:54.218
2612,2026-08-09 16:02:54.239
2613,2026-08-09 16:02:54.259
2614,2026-08-09 16:02:54.279
2615,2026-08-09 16:02:54.299
2616,2026-08-09 16:02:54.319
2617,2026-08-09 16:02:54.339
2618,2026-08-09 16:02:54.359
2619,2026-08-09 16:02:54.379
2620,2026-08-09 16:02:54.515
2621,2026-08-09 16:02:54.539
2622,2026-08-09 16:02:54.559
2623,2026-08-09 16:02:54.579
2624,2026-08-09 16:02:54.619
2625,2026-08-09 16:02:54.639
2626,2026-08-09 16:02:55.680
2627,2026-08-09 16:02:55.699
2628,2026-08-09 16:02:55.719
2629,2026-08-09 16:02:55.739
2630,2026-08-09 16:02:55.799
2631,2026-08-09 16:02:55.839
2632,2026-08-09 16:02:55.859
2633,2026-08-09 16:02:55.899
2634,2026-08-09 16:02:55.919
2635,2026-08-09 16:02:55.996
2636,2026-08-09 16:02:56.019
2637,2026-08-09 16:02:56.039
2638,2026-08-09 16:02:56.059
2639,2026-08-09 16:02:56.079
2640,2026-08-09 16:02:56.119
2641,2026-08-09 16:02:56.179
2642,2026-08-09 16:02:56.199
2643,2026-08-09 16:02:56.219
2644,2026-08-09 16:02:56.358
2645,2026-08-09 16:02:56.379
2646,2026-08-09 16:02:56.399
2647,2026-08-09 16:02:56.419
2648,2026-08-09 16:02:56.459
2649,2026-08-09 16:02:56.479
2650,2026-08-09 16:02:56.499
2651,2026-08-09 16:02:56.519
2652,2026-08-09 16:02:56.539
2653,2026-08-09 16:02:56.696
2654,2026-08-09 16:02:56.739
2655,2026-08-09 16:02:56.779
2656,2026-08-09 16:02:56.859
2657,2026-08-09 16:02:57.121
2658,2026-08-09 16:02:57.159
2659,2026-08-09 16:02:57.179
2660,2026-08-09 16:02:57.199
2661,2026-08-09 16:02:57.219
2662,2026-08-09 16:02:57.378
2663,2026-08-09 16:02:57.399
2664,2026-08-09 16:02:57.419
2665,2026-08-09 16:02:57.459
2666,2026-08-09 16:02:57.479
2667,2026-08-09 16:02:57.499
2668,2026-08-09 16:02:57.519
2669,2026-08-09 16:02:57.539
2670,2026-08-09 16:02:57.559
2671,2026-08-09 16:02:57.738
2672,2026-08-09 16:02:57.799
2673,2026-08-09 16:02:57.819
2674,2026-08-09 16:02:57.859
2675,2026-08-09 16:02:57.879
2676,2026-08-09 16:02:57.899
2677,2026-08-09 16:02:57.939
2678,2026-08-09 16:02:57.959
2679,2026-08-09 16:02:57.979
2680,2026-08-09 16:02:58.118
2681,2026-08-09 16:02:58.139
2682,2026-08-09 16:02:58.159
2683,2026-08-09 16:02:58.179
2684,2026-08-09 16:02:58.199
2685,2026-08-09 16:02:58.219
2686,2026-08-09 16:02:58.239
2687,2026-08-09 16:02:58.279
2688,2026-08-09 16:02:58.299
2689,2026-08-09 16:02:58.439
2690,2026-08-09 16:02:58.459
2691,2026-08-09 16:02:58.479
2692,2026-08-09 16:02:58.539
2693,2026-08-09 16:02:58.599
2694,2026-08-09 16:02:58.619
2695,2026-08-09 16:02:58.639
2696,2026-08-09 16:02:58.659
2697,2026-08-09 16:02:58.699
2698,2026-08-09 16:02:58.838
2699,2026-08-09 16:02:58.859
2700,2026-08-09 16:02:58.879
2701,2026-08-09 16:02:58.919
2702,2026-08-09 16:02:58.939
2703,2026-08-09 16:02:58.959
2704,2026-08-09 16:02:58.979
2705,2026-08-09 16:02:58.999
2706,2026-08-09 16:02:59.019
2707,2026-08-09 16:02:59.158
2708,2026-08-09 16:02:59.179
2709,2026-08-09 16:02:59.199
2710,2026-08-09 16:02:59.239
2711,2026-08-09 16:02:59.259
2712,2026-08-09 16:02:59.279
2713,2026-08-09 16:02:59.299
2714,2026-08-09 16:02:59.339
2715,2026-08-09 16:02:59.439
2716,2026-08-09 16:02:59.578
2717,2026-08-09 16:02:59.639
2718,2026-08-09 16:02:59.679
2719,2026-08-09 16:02:59.699
2720,2026-08-09 16:02:59.719
2721,2026-08-09 16:02:59.739
2722,2026-08-09 16:02:59.759
2723,2026-08-09 16:02:59.799
2724,2026-08-09 16:02:59.819
2725,2026-08-09 16:03:00.018
2726,2026-08-09 16:03:00.059
2727,2026-08-09 16:03:00.079
2728,2026-08-09 16:03:00.099
2729,2026-08-09 16:03:00.119
2730,2026-08-09 16:03:00.139
2731,2026-08-09 16:03:00.159
2732,2026-08-09 16:03:00.179
2733,2026-08-09 16:03:00.199
2734,2026-08-09 16:03:00.398
2735,2026-08-09 16:03:00.459
2736,2026-08-09 16:03:00.560
2737,2026-08-09 16:03:00.579
2738,2026-08-09 16:03:00.599
2739,2026-08-09 16:03:00.619
2740,2026-08-09 16:03:00.639
2741,2026-08-09 16:03:00.679
2742,2026-08-09 16:03:00.699
2743,2026-08-09 16:03:00.878
2744,2026-08-09 16:03:00.899
2745,2026-08-09 16:03:00.919
2746,2026-08-09 16:03:00.939
2747,2026-08-09 16:03:00.979
2748,2026-08-09 16:03:01.059
2749,2026-08-09 16:03:01.119
2750,2026-08-09 16:03:01.139
2751,2026-08-09 16:03:01.159
2752,2026-08-09 16:03:01.298
2753,2026-08-09 16:03:01.379
2754,2026-08-09 16:03:01.419
2755,2026-08-09 16:03:01.439
2756,2026-08-09 16:03:01.499
2757,2026-08-09 16:03:01.539
2758,2026-08-09 16:03:01.559
2759,2026-08-09 16:03:01.599
2760,2026-08-09 16:03:01.619
2761,2026-08-09 16:03:01.756
2762,2026-08-09 16:03:01.819
2763,2026-08-09 16:03:01.839
2764,2026-08-09 16:03:01.859
2765,2026-08-09 16:03:01.879
2766,2026-08-09 16:03:01.919
2767,2026-08-09 16:03:01.939
2768,2026-08-09 16:03:01.959
2769,2026-08-09 16:03:01.999
2770,2026-08-09 16:03:02.178
2771,2026-08-09 16:03:02.199
2772,2026-08-09 16:03:02.219
2773,2026-08-09 16:03:02.239
2774,2026-08-09 16:03:02.319
2775,2026-08-09 16:03:02.359
2776,2026-08-09 16:03:02.439
2777,2026-08-09 16:03:02.459
2778,2026-08-09 16:03:02.479
2779,2026-08-09 16:03:02.618
2780,2026-08-09 16:03:02.639
2781,2026-08-09 16:03:02.659
2782,2026-08-09 16:03:02.679
2783,2026-08-09 16:03:02.801
2784,2026-08-09 16:03:02.819
2785,2026-08-09 16:03:02.839
2786,2026-08-09 16:03:02.859
2787,2026-08-09 16:03:02.879
2788,2026-08-09 16:03:03.018
2789,2026-08-09 16:03:03.904
2790,2026-08-09 16:03:04.021
2791,2026-08-09 16:03:04.039
2792,2026-08-09 16:03:04.079
2793,2026-08-09 16:03:04.139
2794,2026-08-09 16:03:04.199
2795,2026-08-09 16:03:04.219
2796,2026-08-09 16:03:04.299
2797,2026-08-09 16:03:04.359
2798,2026-08-09 16:03:04.456
2799,2026-08-09 16:03:04.499
2800,2026-08-09 16:03:04.519
2801,2026-08-09 16:03:04.559
2802,2026-08-09 16:03:04.619
2803,2026-08-09 16:03:04.679
2804,2026-08-09 16:03:04.779
2805,2026-08-09 16:03:04.819
2806,2026-08-09 16:03:05.001
2807,2026-08-09 16:03:05.118
2808,2026-08-09 16:03:05.341
2809,2026-08-09 16:03:05.359
2810,2026-08-09 16:03:05.459
2811,2026-08-09 16:03:05.519
2812,2026-08-09 16:03:05.681
2813,2026-08-09 16:03:05.901
2814,2026-08-09 16:03:06.121
2815,2026-08-09 16:03:06.139
2816,2026-08-09 16:03:08.199
2817,2026-08-09 16:03:16.841
2818,2026-08-09 16:03:16.859
2819,2026-08-09 16:03:16.919
2820,2026-08-09 16:03:16.959
2821,2026-08-09 16:03:16.979
2822,2026-08-09 16:03:16.999
2823,2026-08-09 16:03:17.019
2824,2026-08-09 16:03:17.039
2825,2026-08-09 16:03:17.059
2826,2026-08-09 16:03:17.198
2827,2026-08-09 16:03:17.219
2828,2026-08-09 16:03:17.239
2829,2026-08-09 16:03:17.259
2830,2026-08-09 16:03:17.279
2831,2026-08-09 16:03:17.359
2832,2026-08-09 16:03:17.379
2833,2026-08-09 16:03:17.399
2834,2026-08-09 16:03:17.439
2835,2026-08-09 16:03:17.575
2836,2026-08-09 16:03:17.599
2837,2026-08-09 16:03:17.619
2838,2026-08-09 16:03:17.639
2839,2026-08-09 16:03:17.659
2840,2026-08-09 16:03:17.679
2841,2026-08-09 16:03:17.699
2842,2026-08-09 16:03:17.719
2843,2026-08-09 16:03:17.739
2844,2026-08-09 16:03:17.875
2845,2026-08-09 16:03:17.899
2846,2026-08-09 16:03:17.919
2847,2026-08-09 16:03:17.939
2848,2026-08-09 16:03:17.979
2849,2026-08-09 16:03:17.999
2850,2026-08-09 16:03:18.019
2851,2026-08-09 16:03:18.039
2852,2026-08-09 16:03:18.059
2853,2026-08-09 16:03:18.215
2854,2026-08-09 16:03:18.279
2855,2026-08-09 16:03:18.299
2856,2026-08-09 16:03:18.319
2857,2026-08-09 16:03:18.339
2858,2026-08-09 16:03:18.399
2859,2026-08-09 16:03:18.419
2860,2026-08-09 16:03:18.439
2861,2026-08-09 16:03:18.459
2862,2026-08-09 16:03:18.598
2863,2026-08-09 16:03:18.619
2864,2026-08-09 16:03:18.639
2865,2026-08-09 16:03:18.659
2866,2026-08-09 16:03:18.679
2867,2026-08-09 16:03:18.699
2868,2026-08-09 16:03:18.719
2869,2026-08-09 16:03:18.739
2870,2026-08-09 16:03:18.819
2871,2026-08-09 16:03:18.958
2872,2026-08-09 16:03:19.019
2873,2026-08-09 16:03:19.039
2874,2026-08-09 16:03:19.079
2875,2026-08-09 16:03:19.099
2876,2026-08-09 16:03:19.139
2877,2026-08-09 16:03:19.179
2878,2026-08-09 16:03:19.199
2879,2026-08-09 16:03:19.219
2880,2026-08-09 16:03:19.375
2881,2026-08-09 16:03:19.399
2882,2026-08-09 16:03:19.419
2883,2026-08-09 16:03:19.439
2884,2026-08-09 16:03:19.561
2885,2026-08-09 16:03:19.579
2886,2026-08-09 16:03:19.599
2887,2026-08-09 16:03:19.659
2888,2026-08-09 16:03:19.679
2889,2026-08-09 16:03:19.835
2890,2026-08-09 16:03:19.941
2891,2026-08-09 16:03:19.999
2892,2026-08-09 16:03:20.121
2893,2026-08-09 16:03:20.179
2894,2026-08-09 16:03:20.219
2895,2026-08-09 16:03:20.239
2896,2026-08-09 16:03:20.279
2897,2026-08-09 16:03:20.319
2898,2026-08-09 16:03:20.555
2899,2026-08-09 16:03:20.579
2900,2026-08-09 16:03:20.619
2901,2026-08-09 16:03:20.639
2902,2026-08-09 16:03:20.679
2903,2026-08-09 16:03:20.699
2904,2026-08-09 16:03:20.719
2905,2026-08-09 16:03:20.779
2906,2026-08-09 16:03:20.839
2907,2026-08-09 16:03:21.015
2908,2026-08-09 16:03:21.039
2909,2026-08-09 16:03:21.059
2910,2026-08-09 16:03:21.079
2911,2026-08-09 16:03:21.099
2912,2026-08-09 16:03:21.119
2913,2026-08-09 16:03:21.139
2914,2026-08-09 16:03:21.159
2915,2026-08-09 16:03:21.179
2916,2026-08-09 16:03:21.335
2917,2026-08-09 16:03:21.359
2918,2026-08-09 16:03:21.379
2919,2026-08-09 16:03:21.399
2920,2026-08-09 16:03:21.439
2921,2026-08-09 16:03:21.459
2922,2026-08-09 16:03:21.479
2923,2026-08-09 16:03:21.519
2924,2026-08-09 16:03:21.559
2925,2026-08-09 16:03:21.715
2926,2026-08-09 16:03:21.739
2927,2026-08-09 16:03:21.759
2928,2026-08-09 16:03:21.779
2929,2026-08-09 16:03:21.799
2930,2026-08-09 16:03:21.819
2931,2026-08-09 16:03:21.839
2932,2026-08-09 16:03:21.859
2933,2026-08-09 16:03:21.879
2934,2026-08-09 16:03:22.015
2935,2026-08-09 16:03:22.039
2936,2026-08-09 16:03:22.119
2937,2026-08-09 16:03:22.139
2938,2026-08-09 16:03:22.159
2939,2026-08-09 16:03:22.179
2940,2026-08-09 16:03:22.239
2941,2026-08-09 16:03:22.259
2942,2026-08-09 16:03:22.279
2943,2026-08-09 16:03:22.413
2944,2026-08-09 16:03:22.439
2945,2026-08-09 16:03:22.459
2946,2026-08-09 16:03:22.479
2947,2026-08-09 16:03:22.499
2948,2026-08-09 16:03:22.519
2949,2026-08-09 16:03:22.539
2950,2026-08-09 16:03:22.559
2951,2026-08-09 16:03:22.579
2952,2026-08-09 16:03:22.715
2953,2026-08-09 16:03:22.739
2954,2026-08-09 16:03:22.759
2955,2026-08-09 16:03:22.779
2956,2026-08-09 16:03:22.819
2957,2026-08-09 16:03:22.839
2958,2026-08-09 16:03:22.859
2959,2026-08-09 16:03:22.879
2960,2026-08-09 16:03:22.899
2961,2026-08-09 16:03:23.035
2962,2026-08-09 16:03:23.059
2963,2026-08-09 16:03:23.099
2964,2026-08-09 16:03:23.119
2965,2026-08-09 16:03:23.139
2966,2026-08-09 16:03:23.169
2967,2026-08-09 16:03:23.199
2968,2026-08-09 16:03:23.219
2969,2026-08-09 16:03:23.239
2970,2026-08-09 16:03:23.375
2971,2026-08-09 16:03:23.399
2972,2026-08-09 16:03:23.459
2973,2026-08-09 16:03:23.499
2974,2026-08-09 16:03:23.519
2975,2026-08-09 16:03:23.539
2976,2026-08-09 16:03:23.559
2977,2026-08-09 16:03:23.579
2978,2026-08-09 16:03:23.599
2979,2026-08-09 16:03:23.755
2980,2026-08-09 16:03:23.779
2981,2026-08-09 16:03:23.799
2982,2026-08-09 16:03:23.839
2983,2026-08-09 16:03:23.859
2984,2026-08-09 16:03:23.879
2985,2026-08-09 16:03:23.899
2986,2026-08-09 16:03:23.919
2987,2026-08-09 16:03:23.939
2988,2026-08-09 16:03:24.075
2989,2026-08-09 16:03:24.139
2990,2026-08-09 16:03:24.159
2991,2026-08-09 16:03:24.179
2992,2026-08-09 16:03:24.199
2993,2026-08-09 16:03:24.219
2994,2026-08-09 16:03:24.239
2995,2026-08-09 16:03:24.259
2996,2026-08-09 16:03:24.279
2997,2026-08-09 16:03:24.415
2998,2026-08-09 16:03:24.439
2999,2026-08-09 16:03:24.459
3000,2026-08-09 16:03:24.519
3001,2026-08-09 16:03:24.539
3002,2026-08-09 16:03:24.579
3003,2026-08-09 16:03:24.599
3004,2026-08-09 16:03:24.639
3005,2026-08-09 16:03:24.659
3006,2026-08-09 16:03:24.795
3007,2026-08-09 16:03:24.819
3008,2026-08-09 16:03:24.839
3009,2026-08-09 16:03:24.879
3010,2026-08-09 16:03:24.899
3011,2026-08-09 16:03:24.979
3012,2026-08-09 16:03:25.039
3013,2026-08-09 16:03:25.059
3014,2026-08-09 16:03:25.099
3015,2026-08-09 16:03:25.295
3016,2026-08-09 16:03:25.379
3017,2026-08-09 16:03:25.399
3018,2026-08-09 16:03:25.419
3019,2026-08-09 16:03:25.439
3020,2026-08-09 16:03:25.479
3021,2026-08-09 16:03:25.519
3022,2026-08-09 16:03:25.539
3023,2026-08-09 16:03:25.639
3024,2026-08-09 16:03:25.795
3025,2026-08-09 16:03:25.859
3026,2026-08-09 16:03:25.899
3027,2026-08-09 16:03:25.939
3028,2026-08-09 16:03:25.979
3029,2026-08-09 16:03:26.019
3030,2026-08-09 16:03:26.039
3031,2026-08-09 16:03:26.099
3032,2026-08-09 16:03:26.139
3033,2026-08-09 16:03:26.335
3034,2026-08-09 16:03:26.359
3035,2026-08-09 16:03:26.379
3036,2026-08-09 16:03:26.399
3037,2026-08-09 16:03:26.419
3038,2026-08-09 16:03:30.210
3039,2026-08-09 16:03:30.227
3040,2026-08-09 16:03:31.428
3041,2026-08-09 16:03:40.082
3042,2026-08-09 16:03:40.099
3043,2026-08-09 16:03:40.119
3044,2026-08-09 16:03:40.139
3045,2026-08-09 16:03:40.159
3046,2026-08-09 16:03:40.179
3047,2026-08-09 16:03:40.219
3048,2026-08-09 16:03:40.279
3049,2026-08-09 16:03:40.299
3050,2026-08-09 16:03:40.459
3051,2026-08-09 16:03:40.499
3052,2026-08-09 16:03:40.519
3053,2026-08-09 16:03:40.539
3054,2026-08-09 16:03:40.559
3055,2026-08-09 16:03:40.599
3056,2026-08-09 16:03:40.620
3057,2026-08-09 16:03:40.640
3058,2026-08-09 16:03:40.659
3059,2026-08-09 16:03:40.816
3060,2026-08-09 16:03:40.859
3061,2026-08-09 16:03:40.879
3062,2026-08-09 16:03:40.919
3063,2026-08-09 16:03:40.940
3064,2026-08-09 16:03:40.960
3065,2026-08-09 16:03:40.980
3066,2026-08-09 16:03:40.999
3067,2026-08-09 16:03:41.019
3068,2026-08-09 16:03:41.176
3069,2026-08-09 16:03:41.199
3070,2026-08-09 16:03:41.219
3071,2026-08-09 16:03:41.239
3072,2026-08-09 16:03:41.259
3073,2026-08-09 16:03:41.279
3074,2026-08-09 16:03:41.300
3075,2026-08-09 16:03:41.319
3076,2026-08-09 16:03:41.359
3077,2026-08-09 16:03:41.536
3078,2026-08-09 16:03:41.559
3079,2026-08-09 16:03:41.579
3080,2026-08-09 16:03:41.619
3081,2026-08-09 16:03:41.639
3082,2026-08-09 16:03:41.659
3083,2026-08-09 16:03:41.679
3084,2026-08-09 16:03:41.699
3085,2026-08-09 16:03:41.719
3086,2026-08-09 16:03:41.899
3087,2026-08-09 16:03:41.939
3088,2026-08-09 16:03:41.959
3089,2026-08-09 16:03:41.999
3090,2026-08-09 16:03:42.039
3091,2026-08-09 16:03:42.059
3092,2026-08-09 16:03:42.079
3093,2026-08-09 16:03:42.099
3094,2026-08-09 16:03:42.119
3095,2026-08-09 16:03:42.256
3096,2026-08-09 16:03:42.280
3097,2026-08-09 16:03:42.299
3098,2026-08-09 16:03:42.320
3099,2026-08-09 16:03:42.419
3100,2026-08-09 16:03:42.439
3101,2026-08-09 16:03:42.459
3102,2026-08-09 16:03:42.479
3103,2026-08-09 16:03:42.559
3104,2026-08-09 16:03:42.696
3105,2026-08-09 16:03:42.719
3106,2026-08-09 16:03:42.759
3107,2026-08-09 16:03:42.779
3108,2026-08-09 16:03:42.799
3109,2026-08-09 16:03:42.819
3110,2026-08-09 16:03:42.839
3111,2026-08-09 16:03:42.859
3112,2026-08-09 16:03:42.879
3113,2026-08-09 16:03:43.056
3114,2026-08-09 16:03:43.080
3115,2026-08-09 16:03:43.119
3116,2026-08-09 16:03:43.159
3117,2026-08-09 16:03:43.179
3118,2026-08-09 16:03:43.199
3119,2026-08-09 16:03:43.239
3120,2026-08-09 16:03:43.299
3121,2026-08-09 16:03:43.339
3122,2026-08-09 16:03:43.479
3123,2026-08-09 16:03:43.559
3124,2026-08-09 16:03:43.585
3125,2026-08-09 16:03:43.619
3126,2026-08-09 16:03:43.639
3127,2026-08-09 16:03:43.679
3128,2026-08-09 16:03:43.719
3129,2026-08-09 16:03:43.759
3130,2026-08-09 16:03:43.779
3131,2026-08-09 16:03:43.979
3132,2026-08-09 16:03:44.039
3133,2026-08-09 16:03:44.079
3134,2026-08-09 16:03:44.099
3135,2026-08-09 16:03:44.139
3136,2026-08-09 16:03:44.159
3137,2026-08-09 16:03:44.199
3138,2026-08-09 16:03:44.239
3139,2026-08-09 16:03:44.259
3140,2026-08-09 16:03:44.396
3141,2026-08-09 16:03:44.439
3142,2026-08-09 16:03:44.479
3143,2026-08-09 16:03:44.519
3144,2026-08-09 16:03:44.539
3145,2026-08-09 16:03:44.559
3146,2026-08-09 16:03:44.579
3147,2026-08-09 16:03:44.702
3148,2026-08-09 16:03:44.739
3149,2026-08-09 16:03:44.896
3150,2026-08-09 16:03:44.919
3151,2026-08-09 16:03:44.999
3152,2026-08-09 16:03:45.019
3153,2026-08-09 16:03:45.059
3154,2026-08-09 16:03:45.079
3155,2026-08-09 16:03:45.099
3156,2026-08-09 16:03:45.159
3157,2026-08-09 16:03:45.179
3158,2026-08-09 16:03:45.356
3159,2026-08-09 16:03:45.379
3160,2026-08-09 16:03:45.399
3161,2026-08-09 16:03:45.419
3162,2026-08-09 16:03:45.519
3163,2026-08-09 16:03:45.620
3164,2026-08-09 16:03:45.639
3165,2026-08-09 16:03:45.699
3166,2026-08-09 16:03:45.719
3167,2026-08-09 16:03:45.855
3168,2026-08-09 16:03:45.879
3169,2026-08-09 16:03:45.899
3170,2026-08-09 16:03:45.959
3171,2026-08-09 16:03:45.979
3172,2026-08-09 16:03:45.999
3173,2026-08-09 16:03:46.019
3174,2026-08-09 16:03:46.039
3175,2026-08-09 16:03:46.079
3176,2026-08-09 16:03:46.236
3177,2026-08-09 16:03:46.382
3178,2026-08-09 16:03:46.399
3179,2026-08-09 16:03:46.419
3180,2026-08-09 16:03:46.439
3181,2026-08-09 16:03:46.499
3182,2026-08-09 16:03:46.539
3183,2026-08-09 16:03:46.642
3184,2026-08-09 16:03:46.659
3185,2026-08-09 16:03:46.798
3186,2026-08-09 16:03:46.819
3187,2026-08-09 16:03:46.839
3188,2026-08-09 16:03:46.940
3189,2026-08-09 16:03:46.959
3190,2026-08-09 16:03:46.999
3191,2026-08-09 16:03:47.019
3192,2026-08-09 16:03:47.039
3193,2026-08-09 16:03:47.079
3194,2026-08-09 16:03:47.216
3195,2026-08-09 16:03:47.259
3196,2026-08-09 16:03:47.279
3197,2026-08-09 16:03:47.319
3198,2026-08-09 16:03:47.339
3199,2026-08-09 16:03:47.379
3200,2026-08-09 16:03:47.399
3201,2026-08-09 16:03:47.419
3202,2026-08-09 16:03:47.439
3203,2026-08-09 16:03:47.596
3204,2026-08-09 16:03:47.619
3205,2026-08-09 16:03:47.640
3206,2026-08-09 16:03:47.659
3207,2026-08-09 16:03:47.782
3208,2026-08-09 16:03:47.799
3209,2026-08-09 16:03:47.819
3210,2026-08-09 16:03:47.839
3211,2026-08-09 16:03:47.859
3212,2026-08-09 16:03:48.036
3213,2026-08-09 16:03:48.059
3214,2026-08-09 16:03:48.079
3215,2026-08-09 16:03:48.099
3216,2026-08-09 16:03:48.139
3217,2026-08-09 16:03:48.199
3218,2026-08-09 16:03:48.259
3219,2026-08-09 16:03:48.359
3220,2026-08-09 16:03:48.379
3221,2026-08-09 16:03:48.576
3222,2026-08-09 16:03:48.599
3223,2026-08-09 16:03:48.619
3224,2026-08-09 16:03:48.639
3225,2026-08-09 16:03:48.679
3226,2026-08-09 16:03:48.719
3227,2026-08-09 16:03:48.739
3228,2026-08-09 16:03:48.759
3229,2026-08-09 16:03:48.799
3230,2026-08-09 16:03:48.956
3231,2026-08-09 16:03:48.979
3232,2026-08-09 16:03:49.000
3233,2026-08-09 16:03:49.019
3234,2026-08-09 16:03:49.079
3235,2026-08-09 16:03:49.099
3236,2026-08-09 16:03:49.119
3237,2026-08-09 16:03:49.159
3238,2026-08-09 16:03:49.179
3239,2026-08-09 16:03:49.316
3240,2026-08-09 16:03:49.399
3241,2026-08-09 16:03:49.439
3242,2026-08-09 16:03:49.459
3243,2026-08-09 16:03:49.479
3244,2026-08-09 16:03:49.499
3245,2026-08-09 16:03:49.519
3246,2026-08-09 16:03:49.539
3247,2026-08-09 16:03:49.579
3248,2026-08-09 16:03:49.736
3249,2026-08-09 16:03:49.759
3250,2026-08-09 16:03:49.780
3251,2026-08-09 16:03:49.799
3252,2026-08-09 16:03:49.819
3253,2026-08-09 16:03:52.801
3254,2026-08-09 16:03:52.836
3255,2026-08-09 16:03:52.856
3256,2026-08-09 16:03:52.896
3257,2026-08-09 16:03:52.956
3258,2026-08-09 16:03:52.976
3259,2026-08-09 16:03:53.016
3260,2026-08-09 16:03:53.056
3261,2026-08-09 16:03:53.096
3262,2026-08-09 16:03:53.173
3263,2026-08-09 16:03:53.196
3264,2026-08-09 16:03:53.216
3265,2026-08-09 16:03:53.236
3266,2026-08-09 16:03:53.256
3267,2026-08-09 16:03:53.316
3268,2026-08-09 16:03:53.356
3269,2026-08-09 16:03:53.376
3270,2026-08-09 16:03:53.396
3271,2026-08-09 16:03:53.535
3272,2026-08-09 16:03:53.596
3273,2026-08-09 16:03:53.656
3274,2026-08-09 16:03:53.676
3275,2026-08-09 16:03:53.716
3276,2026-08-09 16:03:53.736
3277,2026-08-09 16:03:53.796
3278,2026-08-09 16:03:53.836
3279,2026-08-09 16:03:53.896
3280,2026-08-09 16:03:54.075
3281,2026-08-09 16:03:54.096
3282,2026-08-09 16:03:54.116
3283,2026-08-09 16:03:54.136
3284,2026-08-09 16:03:54.176
3285,2026-08-09 16:03:54.216
3286,2026-08-09 16:03:54.276
3287,2026-08-09 16:03:54.296
3288,2026-08-09 16:03:54.316
3289,2026-08-09 16:03:54.495
3290,2026-08-09 16:03:54.556
3291,2026-08-09 16:03:54.576
3292,2026-08-09 16:03:54.596
3293,2026-08-09 16:03:54.656
3294,2026-08-09 16:03:54.696
3295,2026-08-09 16:03:54.716
3296,2026-08-09 16:03:54.776
3297,2026-08-09 16:03:54.816
3298,2026-08-09 16:03:55.016
3299,2026-08-09 16:03:55.036
3300,2026-08-09 16:03:55.076
3301,2026-08-09 16:03:55.096
3302,2026-08-09 16:03:55.136
3303,2026-08-09 16:03:55.176
3304,2026-08-09 16:03:55.196
3305,2026-08-09 16:03:55.216
3306,2026-08-09 16:03:55.276
3307,2026-08-09 16:03:55.495
3308,2026-08-09 16:03:55.536
3309,2026-08-09 16:03:55.576
3310,2026-08-09 16:03:55.596
3311,2026-08-09 16:03:55.656
3312,2026-08-09 16:03:55.676
3313,2026-08-09 16:03:55.736
3314,2026-08-09 16:03:55.756
3315,2026-08-09 16:03:55.776
3316,2026-08-09 16:03:55.916
3317,2026-08-09 16:03:55.936
3318,2026-08-09 16:03:55.976
3319,2026-08-09 16:03:56.036
3320,2026-08-09 16:03:56.056
3321,2026-08-09 16:03:56.116
3322,2026-08-09 16:03:56.156
3323,2026-08-09 16:03:56.176
3324,2026-08-09 16:03:56.216
3325,2026-08-09 16:03:56.415
3326,2026-08-09 16:03:56.436
3327,2026-08-09 16:03:56.516
3328,2026-08-09 16:03:56.576
3329,2026-08-09 16:03:56.616
3330,2026-08-09 16:03:56.636
3331,2026-08-09 16:03:56.656
3332,2026-08-09 16:03:56.676
3333,2026-08-09 16:03:56.696
3334,2026-08-09 16:03:56.855
3335,2026-08-09 16:03:56.896
3336,2026-08-09 16:03:56.916
3337,2026-08-09 16:03:56.936
3338,2026-08-09 16:03:56.976
3339,2026-08-09 16:03:57.016
3340,2026-08-09 16:03:57.036
3341,2026-08-09 16:03:57.056
3342,2026-08-09 16:03:57.096
3343,2026-08-09 16:03:57.256
3344,2026-08-09 16:03:57.276
3345,2026-08-09 16:03:57.316
3346,2026-08-09 16:03:57.336
3347,2026-08-09 16:03:57.356
3348,2026-08-09 16:03:57.396
3349,2026-08-09 16:03:57.416
3350,2026-08-09 16:03:57.436
3351,2026-08-09 16:03:57.456
3352,2026-08-09 16:03:57.595
3353,2026-08-09 16:03:57.616
3354,2026-08-09 16:03:57.636
3355,2026-08-09 16:03:57.676
3356,2026-08-09 16:03:57.716
3357,2026-08-09 16:03:57.756
3358,2026-08-09 16:03:57.776
3359,2026-08-09 16:03:57.796
3360,2026-08-09 16:03:57.836
3361,2026-08-09 16:03:57.993
3362,2026-08-09 16:03:58.016
3363,2026-08-09 16:03:58.056
3364,2026-08-09 16:03:58.096
3365,2026-08-09 16:03:58.116
3366,2026-08-09 16:03:58.156
3367,2026-08-09 16:03:58.176
3368,2026-08-09 16:03:58.196
3369,2026-08-09 16:03:58.216
3370,2026-08-09 16:03:58.396
3371,2026-08-09 16:03:58.416
3372,2026-08-09 16:03:58.476
3373,2026-08-09 16:03:58.516
3374,2026-08-09 16:03:58.536
3375,2026-08-09 16:03:58.556
3376,2026-08-09 16:03:58.576
3377,2026-08-09 16:03:58.636
3378,2026-08-09 16:03:58.656
3379,2026-08-09 16:03:58.815
3380,2026-08-09 16:03:58.836
3381,2026-08-09 16:03:58.876
3382,2026-08-09 16:03:58.916
3383,2026-08-09 16:03:58.956
3384,2026-08-09 16:03:59.016
3385,2026-08-09 16:03:59.036
3386,2026-08-09 16:03:59.056
3387,2026-08-09 16:03:59.157
3388,2026-08-09 16:03:59.355
3389,2026-08-09 16:03:59.376
3390,2026-08-09 16:03:59.396
3391,2026-08-09 16:03:59.456
3392,2026-08-09 16:03:59.476
3393,2026-08-09 16:03:59.496
3394,2026-08-09 16:03:59.516
3395,2026-08-09 16:03:59.536
3396,2026-08-09 16:03:59.556
3397,2026-08-09 16:03:59.735
3398,2026-08-09 16:03:59.757
3399,2026-08-09 16:03:59.776
3400,2026-08-09 16:03:59.796
3401,2026-08-09 16:03:59.816
3402,2026-08-09 16:03:59.836
3403,2026-08-09 16:03:59.896
3404,2026-08-09 16:03:59.936
3405,2026-08-09 16:03:59.956
3406,2026-08-09 16:04:00.095
3407,2026-08-09 16:04:00.116
3408,2026-08-09 16:04:00.136
3409,2026-08-09 16:04:00.156
3410,2026-08-09 16:04:00.176
3411,2026-08-09 16:04:00.216
3412,2026-08-09 16:04:00.236
3413,2026-08-09 16:04:00.256
3414,2026-08-09 16:04:00.296
3415,2026-08-09 16:04:00.455
3416,2026-08-09 16:04:00.476
3417,2026-08-09 16:04:00.536
3418,2026-08-09 16:04:00.616
3419,2026-08-09 16:04:00.636
3420,2026-08-09 16:04:00.656
3421,2026-08-09 16:04:00.676
3422,2026-08-09 16:04:00.696
3423,2026-08-09 16:04:00.716
3424,2026-08-09 16:04:00.895
3425,2026-08-09 16:04:00.936
3426,2026-08-09 16:04:00.956
3427,2026-08-09 16:04:00.976
3428,2026-08-09 16:04:00.996
3429,2026-08-09 16:04:01.016
3430,2026-08-09 16:04:01.056
3431,2026-08-09 16:04:01.076
3432,2026-08-09 16:04:01.116
3433,2026-08-09 16:04:01.276
3434,2026-08-09 16:04:01.356
3435,2026-08-09 16:04:01.376
3436,2026-08-09 16:04:01.416
3437,2026-08-09 16:04:01.456
3438,2026-08-09 16:04:01.476
3439,2026-08-09 16:04:01.516
3440,2026-08-09 16:04:01.556
3441,2026-08-09 16:04:01.596
3442,2026-08-09 16:04:01.776
3443,2026-08-09 16:04:01.796
3444,2026-08-09 16:04:01.816
3445,2026-08-09 16:04:01.876
3446,2026-08-09 16:04:01.896
3447,2026-08-09 16:04:01.936
3448,2026-08-09 16:04:01.956
3449,2026-08-09 16:04:01.976
3450,2026-08-09 16:04:02.036
3451,2026-08-09 16:04:02.176
3452,2026-08-09 16:04:02.216
3453,2026-08-09 16:04:02.236
3454,2026-08-09 16:04:02.276
3455,2026-08-09 16:04:02.336
3456,2026-08-09 16:04:02.416
3457,2026-08-09 16:04:02.476
3458,2026-08-09 16:04:02.496
3459,2026-08-09 16:04:02.516
3460,2026-08-09 16:04:02.696
3461,2026-08-09 16:04:02.736
3462,2026-08-09 16:04:02.796
3463,2026-08-09 16:04:02.896
3464,2026-08-09 16:04:02.916
3465,2026-08-09 16:04:02.976
3466,2026-08-09 16:04:02.996
3467,2026-08-09 16:04:03.076
3468,2026-08-09 16:04:03.177
3469,2026-08-09 16:04:03.315
3470,2026-08-09 16:04:03.356
3471,2026-08-09 16:04:03.376
3472,2026-08-09 16:04:03.396
3473,2026-08-09 16:04:03.416
3474,2026-08-09 16:04:03.436
3475,2026-08-09 16:04:03.456
3476,2026-08-09 16:04:03.476
3477,2026-08-09 16:04:03.536
3478,2026-08-09 16:04:03.695
3479,2026-08-09 16:04:03.716
3480,2026-08-09 16:04:03.736
3481,2026-08-09 16:04:03.756
3482,2026-08-09 16:04:04.656
3483,2026-08-09 16:04:04.777
3484,2026-08-09 16:04:04.794
3485,2026-08-09 16:04:04.814
3486,2026-08-09 16:04:04.834
3487,2026-08-09 16:04:04.874
3488,2026-08-09 16:04:04.914
3489,2026-08-09 16:04:04.974
3490,2026-08-09 16:04:05.097
3491,2026-08-09 16:04:05.473
3492,2026-08-09 16:04:05.494
3493,2026-08-09 16:04:05.574
3494,2026-08-09 16:04:05.654
3495,2026-08-09 16:04:05.877
3496,2026-08-09 16:04:06.017
3497,2026-08-09 16:04:06.177
3498,2026-08-09 16:04:06.214
3499,2026-08-09 16:04:08.794
3500,2026-08-09 16:04:08.811
3501,2026-08-09 16:04:17.265
3502,2026-08-09 16:04:17.266
3503,2026-08-09 16:04:19.358
3504,2026-08-09 16:04:21.059
3505,2026-08-09 16:04:21.076
3506,2026-08-09 16:04:23.472
3507,2026-08-09 16:04:23.506
3508,2026-08-09 16:04:23.526
3509,2026-08-09 16:04:23.546
3510,2026-08-09 16:04:23.566
3511,2026-08-09 16:04:23.586
3512,2026-08-09 16:04:23.606
3513,2026-08-09 16:04:23.626
3514,2026-08-09 16:04:23.646
3515,2026-08-09 16:04:23.703
3516,2026-08-09 16:04:23.726
3517,2026-08-09 16:04:23.746
3518,2026-08-09 16:04:23.766
3519,2026-08-09 16:04:23.786
3520,2026-08-09 16:04:23.806
3521,2026-08-09 16:04:23.826
3522,2026-08-09 16:04:23.846
3523,2026-08-09 16:04:23.866
3524,2026-08-09 16:04:24.005
3525,2026-08-09 16:04:24.026
3526,2026-08-09 16:04:24.046
3527,2026-08-09 16:04:24.066
3528,2026-08-09 16:04:24.086
3529,2026-08-09 16:04:24.106
3530,2026-08-09 16:04:24.126
3531,2026-08-09 16:04:24.146
3532,2026-08-09 16:04:24.166
3533,2026-08-09 16:04:24.305
3534,2026-08-09 16:04:24.326
3535,2026-08-09 16:04:24.346
3536,2026-08-09 16:04:24.366
3537,2026-08-09 16:04:24.386
3538,2026-08-09 16:04:24.406
3539,2026-08-09 16:04:24.426
3540,2026-08-09 16:04:24.446
3541,2026-08-09 16:04:24.484
3542,2026-08-09 16:04:26.162
3543,2026-08-09 16:04:26.382
3544,2026-08-09 16:04:27.723
3545,2026-08-09 16:04:27.740
3546,2026-08-09 16:04:30.574
3547,2026-08-09 16:04:30.593
3548,2026-08-09 16:04:30.613
3549,2026-08-09 16:04:37.834
3550,2026-08-09 16:04:40.424
3551,2026-08-09 16:04:40.450
3552,2026-08-09 16:04:40.470
3553,2026-08-09 16:04:40.490
3554,2026-08-09 16:04:40.510
3555,2026-08-09 16:04:40.530
3556,2026-08-09 16:04:40.550
3557,2026-08-09 16:04:40.570
3558,2026-08-09 16:04:40.590
3559,2026-08-09 16:04:40.640
3560,2026-08-09 16:04:40.670
3561,2026-08-09 16:04:40.690
3562,2026-08-09 16:04:40.710
3563,2026-08-09 16:04:40.730
3564,2026-08-09 16:04:40.750
3565,2026-08-09 16:04:40.770
3566,2026-08-09 16:04:40.790
3567,2026-08-09 16:04:40.810
3568,2026-08-09 16:04:40.942
3569,2026-08-09 16:04:40.970
3570,2026-08-09 16:04:40.990
3571,2026-08-09 16:04:41.010
3572,2026-08-09 16:04:41.030
3573,2026-08-09 16:04:41.050
3574,2026-08-09 16:04:41.070
3575,2026-08-09 16:04:41.090
3576,2026-08-09 16:04:41.110
3577,2026-08-09 16:04:41.242
3578,2026-08-09 16:04:41.270
3579,2026-08-09 16:04:41.290
3580,2026-08-09 16:04:41.310
3581,2026-08-09 16:04:41.330
3582,2026-08-09 16:04:41.350
3583,2026-08-09 16:04:41.370
3584,2026-08-09 16:04:41.390
3585,2026-08-09 16:04:41.410
3586,2026-08-09 16:04:41.540
3587,2026-08-09 16:04:41.570
3588,2026-08-09 16:04:41.590
3589,2026-08-09 16:04:41.610
3590,2026-08-09 16:04:41.630
3591,2026-08-09 16:04:41.650
3592,2026-08-09 16:04:41.670
3593,2026-08-09 16:04:41.690
3594,2026-08-09 16:04:41.710
3595,2026-08-09 16:04:41.842
3596,2026-08-09 16:04:41.870
3597,2026-08-09 16:04:41.890
3598,2026-08-09 16:04:41.910
3599,2026-08-09 16:04:41.930
3600,2026-08-09 16:04:41.950
3601,2026-08-09 16:04:41.970
3602,2026-08-09 16:04:41.990
3603,2026-08-09 16:04:42.010
3604,2026-08-09 16:04:42.142
3605,2026-08-09 16:04:42.170
3606,2026-08-09 16:04:42.190
3607,2026-08-09 16:04:42.210
3608,2026-08-09 16:04:42.230
3609,2026-08-09 16:04:42.250
3610,2026-08-09 16:04:42.270
3611,2026-08-09 16:04:42.290
3612,2026-08-09 16:04:42.310
3613,2026-08-09 16:04:42.442
3614,2026-08-09 16:04:42.470
3615,2026-08-09 16:04:42.490
3616,2026-08-09 16:04:42.510
3617,2026-08-09 16:04:42.530
3618,2026-08-09 16:04:42.550
3619,2026-08-09 16:04:42.570
3620,2026-08-09 16:04:42.590
3621,2026-08-09 16:04:42.610
3622,2026-08-09 16:04:42.742
,2026-08-09 16:04:42.770
,2026-08-09 16:04:42.790
,2026-08-09 16:04:42.810
,2026-08-09 16:04:42.830
,2026-08-09 16:04:42.850
,2026-08-09 16:04:42.870
,2026-08-09 16:04:42.890
,2026-08-09 16:04:42.910
,2026-08-09 16:04:43.042
,2026-08-09 16:04:43.070
,2026-08-09 16:04:43.090
,2026-08-09 16:04:43.110
,2026-08-09 16:04:43.130
,2026-08-09 16:04:43.150
,2026-08-09 16:04:43.170
,2026-08-09 16:04:43.190
,2026-08-09 16:04:43.210
,2026-08-09 16:04:43.342
,2026-08-09 16:04:43.370
,2026-08-09 16:04:43.390
,2026-08-09 16:04:43.410
,2026-08-09 16:04:43.430
,2026-08-09 16:04:43.450
,2026-08-09 16:04:43.470
,2026-08-09 16:04:43.490
,2026-08-09 16:04:43.510
,2026-08-09 16:04:43.642
,2026-08-09 16:04:43.670
,2026-08-09 16:04:43.690
,2026-08-09 16:04:43.710
,2026-08-09 16:04:43.730
,2026-08-09 16:04:43.750
,2026-08-09 16:04:43.770
,2026-08-09 16:04:43.790
,2026-08-09 16:04:43.810
